Id,Category,CategoryOfSequences_ru,FXY1,Title_ru,SubTitle_ru,FXY2,ElementName_ru,ElementDescription_ru,Note_ru,noteIDs,Status
bufr4/3/07/001/1/301031,07,Последовательности сводок приземных данных (суша),307001,"Идентификация и тип станции, дата/время, местоположение (высокая точность), высота станции",,301031,"Идентификация и тип станции, дата/время, местоположение (высокая точность), высота станции",,,,Operational
bufr4/3/07/001/2/302011,07,Последовательности сводок приземных данных (суша),307001,"Идентификация и тип станции, дата/время, местоположение (высокая точность), высота станции",,302011,Низкорасположенная станция Основная сводка приземных данных (Низкорасположенная станция),,,,Operational
bufr4/3/07/002/1/301032,07,Последовательности сводок приземных данных (суша),307002,"Идентификация и тип станции, дата/время, местоположение (низкая точность), высота станции",,301032,"Идентификация и тип станции, дата/время, местоположение (низкая точность), высота станции",,,,Operational
bufr4/3/07/002/2/302011,07,Последовательности сводок приземных данных (суша),307002,"Идентификация и тип станции, дата/время, местоположение (низкая точность), высота станции",,302011,Низкорасположенная станция Основная сводка приземных данных (Низкорасположенная станция),,,,Operational
bufr4/3/07/003/1/307001,07,Последовательности сводок приземных данных (суша),307003,Низкорасположенная станция Местоположение (высокая точность) и основная сводка,,307001,Низкорасположенная станция Местоположение (высокая точность) и основная сводка,,,,Operational
bufr4/3/07/003/2/101000,07,Последовательности сводок приземных данных (суша),307003,Низкорасположенная станция Местоположение (высокая точность) и основная сводка,,101000,Повторение с задержкой 1 дескриптора,,,,Operational
bufr4/3/07/003/3/031001,07,Последовательности сводок приземных данных (суша),307003,Низкорасположенная станция Местоположение (высокая точность) и основная сводка,,031001,Коэффициент повторения дескриптора с задержкой,,,,Operational
bufr4/3/07/003/4/302005,07,Последовательности сводок приземных данных (суша),307003,Низкорасположенная станция Местоположение (высокая точность) и основная сводка,,302005,Облачный слой (Низкорасположенная станция),,,,Operational
bufr4/3/07/004/1/307002,07,Последовательности сводок приземных данных (суша),307004,Низкорасположенная станция Местоположение (низкая точность) и основная сводка,,307002,Низкорасположенная станция Местоположение (низкая точность) и основная сводка,,,,Operational
bufr4/3/07/004/2/101000,07,Последовательности сводок приземных данных (суша),307004,Низкорасположенная станция Местоположение (низкая точность) и основная сводка,,101000,Повторение с задержкой 1 дескриптора,,,,Operational
bufr4/3/07/004/3/031001,07,Последовательности сводок приземных данных (суша),307004,Низкорасположенная станция Местоположение (низкая точность) и основная сводка,,031001,Коэффициент повторения дескриптора с задержкой,,,,Operational
bufr4/3/07/004/4/302005,07,Последовательности сводок приземных данных (суша),307004,Низкорасположенная станция Местоположение (низкая точность) и основная сводка,,302005,Облачный слой (Низкорасположенная станция),,,,Operational
bufr4/3/07/005/1/307001,07,Последовательности сводок приземных данных (суша),307005,Низкорасположенная станция Местоположение (высокая точность) и основная сводка,,307001,Низкорасположенная станция Местоположение (высокая точность) и основная сводка,,,,Operational
bufr4/3/07/005/2/101004,07,Последовательности сводок приземных данных (суша),307005,Низкорасположенная станция Местоположение (высокая точность) и основная сводка,,101004,Повторить 1 дескриптор 4 раза,,,,Operational
bufr4/3/07/005/3/302005,07,Последовательности сводок приземных данных (суша),307005,Низкорасположенная станция Местоположение (высокая точность) и основная сводка,,302005,Облачный слой 4 слоя (Низкорасположенная станция),,,,Operational
bufr4/3/07/006/1/307002,07,Последовательности сводок приземных данных (суша),307006,Низкорасположенная станция Местоположение (низкая точность) и основная сводка,,307002,Низкорасположенная станция Местоположение (низкая точность) и основная сводка,,,,Operational
bufr4/3/07/006/2/101004,07,Последовательности сводок приземных данных (суша),307006,Низкорасположенная станция Местоположение (низкая точность) и основная сводка,,101004,Повторить 1 дескриптор 4 раза,,,,Operational
bufr4/3/07/006/3/302005,07,Последовательности сводок приземных данных (суша),307006,Низкорасположенная станция Местоположение (низкая точность) и основная сводка,,302005,Облачный слой 4 слоя (Высотная станция),,,,Operational
bufr4/3/07/007/1/301031,07,Последовательности сводок приземных данных (суша),307007,"Идентификация и тип станции, дата/время, местоположение (высокая точность), высота станции",,301031,"Идентификация и тип станции, дата/время, местоположение (высокая точность), высота станции",,,,Operational
bufr4/3/07/007/2/302012,07,Последовательности сводок приземных данных (суша),307007,"Идентификация и тип станции, дата/время, местоположение (высокая точность), высота станции",,302012,Высотная станция Основная сводка приземных данных (Высотная станция),,,,Operational
bufr4/3/07/008/1/301032,07,Последовательности сводок приземных данных (суша),307008,"Идентификация и тип станции, дата/время, местоположение (низкая точность), высота станции",,301032,"Идентификация и тип станции, дата/время, местоположение (низкая точность), высота станции",,,,Operational
bufr4/3/07/008/2/302012,07,Последовательности сводок приземных данных (суша),307008,"Идентификация и тип станции, дата/время, местоположение (низкая точность), высота станции",,302012,Высотная станция Основная сводка приземных данных I.2 – Табл. D BUFR/07 — 1,(продолж.),,,Operational
bufr4/3/07/009/1/301031,07,Последовательности сводок приземных данных (суша),307009,"Идентификация и тип станции, дата/время, местоположение (высокая точность), высота станции",,301031,"Идентификация и тип станции, дата/время, местоположение (высокая точность), высота станции",,,,Operational
bufr4/3/07/009/2/302013,07,Последовательности сводок приземных данных (суша),307009,"Идентификация и тип станции, дата/время, местоположение (высокая точность), высота станции",,302013,Основная сводка приземных данных (Основная часть данных для представления кода METAR/SPECI в BUFR),,,,Operational
bufr4/3/07/011/1/001063,07,Последовательности сводок приземных данных (суша),307011,Индекс местоположения ИКАО,,001063,Индекс местоположения ИКАО,,,,Operational
bufr4/3/07/011/2/002001,07,Последовательности сводок приземных данных (суша),307011,Индекс местоположения ИКАО,,002001,Тип станции,,,,Operational
bufr4/3/07/011/3/301011,07,Последовательности сводок приземных данных (суша),307011,Индекс местоположения ИКАО,,301011,"Год, месяц, день YY",,,,Operational
bufr4/3/07/011/4/301012,07,Последовательности сводок приземных данных (суша),307011,Индекс местоположения ИКАО,,301012,"Час, минута GG, gg",,,,Operational
bufr4/3/07/011/5/301024,07,Последовательности сводок приземных данных (суша),307011,Индекс местоположения ИКАО,,301024,"Широта/долгота (низкая точность), высота станции",,,,Operational
bufr4/3/07/011/6/007006,07,Последовательности сводок приземных данных (суша),307011,Индекс местоположения ИКАО,,007006,Высота над станцией Высота анемометра,,,,Operational
bufr4/3/07/011/7/011001,07,Последовательности сводок приземных данных (суша),307011,Индекс местоположения ИКАО,,011001,Направление ветра,,,,Operational
bufr4/3/07/011/8/011016,07,Последовательности сводок приземных данных (суша),307011,Индекс местоположения ИКАО,,011016,Экстремальное отклонение направления переменного ветра против часовой стрелки,,,,Operational
bufr4/3/07/011/9/011017,07,Последовательности сводок приземных данных (суша),307011,Индекс местоположения ИКАО,,011017,Экстремальное  отклонение направления переменного ветра по часовой стрелке,,,,Operational
bufr4/3/07/011/10/011002,07,Последовательности сводок приземных данных (суша),307011,Индекс местоположения ИКАО,,011002,Скорость ветра,,,,Operational
bufr4/3/07/011/11/011041,07,Последовательности сводок приземных данных (суша),307011,Индекс местоположения ИКАО,,011041,Максимальная скорость ветра при порыве,,,,Operational
bufr4/3/07/011/12/007006,07,Последовательности сводок приземных данных (суша),307011,Индекс местоположения ИКАО,,007006,Высота над станцией Высота термометра,,,,Operational
bufr4/3/07/011/13/012001,07,Последовательности сводок приземных данных (суша),307011,Индекс местоположения ИКАО,,012001,Температура/температура воздуха,,,,Operational
bufr4/3/07/011/14/012003,07,Последовательности сводок приземных данных (суша),307011,Индекс местоположения ИКАО,,012003,Температура точки росы,,,,Operational
bufr4/3/07/011/15/010052,07,Последовательности сводок приземных данных (суша),307011,Индекс местоположения ИКАО,,010052,Установка высотометра (QNH),,,,Operational
bufr4/3/07/011/16/020009,07,Последовательности сводок приземных данных (суша),307011,Индекс местоположения ИКАО,,020009,Общий указатель погоды (TAF/METAR) (Горизонтальная видимость),,,,Operational
bufr4/3/07/012/1/103000,07,Последовательности сводок приземных данных (суша),307012,Повторение с задержкой 3 дескрипторов,,103000,Повторение с задержкой 3 дескрипторов,,,,Operational
bufr4/3/07/012/2/031001,07,Последовательности сводок приземных данных (суша),307012,Повторение с задержкой 3 дескрипторов,,031001,Коэффициент повторения дескриптора с задержкой До 3,,,,Operational
bufr4/3/07/012/3/008023,07,Последовательности сводок приземных данных (суша),307012,Повторение с задержкой 3 дескрипторов,,008023,Статистические данные первого порядка,,,,Operational
bufr4/3/07/012/4/005021,07,Последовательности сводок приземных данных (суша),307012,Повторение с задержкой 3 дескрипторов,,005021,Пеленг или азимут Направление сообщаемой видимости,,,,Operational
bufr4/3/07/012/5/020001,07,Последовательности сводок приземных данных (суша),307012,Повторение с задержкой 3 дескрипторов,,020001,Горизонтальная видимость (Дальность видимости на взлетно-посадочной полосе),,,,Operational
bufr4/3/07/013/1/106000,07,Последовательности сводок приземных данных (суша),307013,Повторение с задержкой 6 дескрипторов,,106000,Повторение с задержкой 6 дескрипторов,,,,Operational
bufr4/3/07/013/2/031001,07,Последовательности сводок приземных данных (суша),307013,Повторение с задержкой 6 дескрипторов,,031001,Коэффициент повторения дескриптора с задержкой До 4,,,,Operational
bufr4/3/07/013/3/001064,07,Последовательности сводок приземных данных (суша),307013,Повторение с задержкой 6 дескрипторов,,001064,Указатель взлетно-посадочной полосы,,,,Operational
bufr4/3/07/013/4/008014,07,Последовательности сводок приземных данных (суша),307013,Повторение с задержкой 6 дескрипторов,,008014,Описатель дальности видимости на взлетнопосадочной полосе,,,,Operational
bufr4/3/07/013/5/020061,07,Последовательности сводок приземных данных (суша),307013,Повторение с задержкой 6 дескрипторов,,020061,Дальность видимости на взлетно-посадочной полосе (ВПП),,,,Operational
bufr4/3/07/013/6/008014,07,Последовательности сводок приземных данных (суша),307013,Повторение с задержкой 6 дескрипторов,,008014,Описатель дальности видимости на взлетнопосадочной полосе,,,,Operational
bufr4/3/07/013/7/020061,07,Последовательности сводок приземных данных (суша),307013,Повторение с задержкой 6 дескрипторов,,020061,Дальность видимости на взлетно-посадочной полосе (ВПП),,,,Operational
bufr4/3/07/013/8/020018,07,Последовательности сводок приземных данных (суша),307013,Повторение с задержкой 6 дескрипторов,,020018,Тенденция дальности видимости на взлетнопосадочной полосе,(продолж.),,,Operational
bufr4/3/07/014/1/101000,07,Последовательности сводок приземных данных (суша),307014,Повторение с задержкой 1 дескриптора,,101000,Повторение с задержкой 1 дескриптора,,,,Operational
bufr4/3/07/014/2/031001,07,Последовательности сводок приземных данных (суша),307014,Повторение с задержкой 1 дескриптора,,031001,Коэффициент повторения дескриптора с задержкой До 3,,,,Operational
bufr4/3/07/014/3/020019,07,Последовательности сводок приземных данных (суша),307014,Повторение с задержкой 1 дескриптора,,020019,Особые явления текущей или прогнозируемой погоды (Группа(ы) облаков),,,,Operational
bufr4/3/07/015/1/101000,07,Последовательности сводок приземных данных (суша),307015,Повторение с задержкой 1 дескриптора,,101000,Повторение с задержкой 1 дескриптора,,,,Operational
bufr4/3/07/015/2/031001,07,Последовательности сводок приземных данных (суша),307015,Повторение с задержкой 1 дескриптора,,031001,Коэффициент повторения дескриптора с задержкой,,,,Operational
bufr4/3/07/015/3/302005,07,Последовательности сводок приземных данных (суша),307015,Повторение с задержкой 1 дескриптора,,302005,Облачный слой N N s,"N , CC, h h h s s s s s",,,Operational
bufr4/3/07/015/4/020002,07,Последовательности сводок приземных данных (суша),307015,Повторение с задержкой 1 дескриптора,,020002,Вертикальная видимость (Особые явления недавней погоды),,,,Operational
bufr4/3/07/016/1/101000,07,Последовательности сводок приземных данных (суша),307016,Повторение с задержкой 1 дескриптора,,101000,Повторение с задержкой 1 дескриптора,,,,Operational
bufr4/3/07/016/2/031001,07,Последовательности сводок приземных данных (суша),307016,Повторение с задержкой 1 дескриптора,,031001,Коэффициент повторения дескриптора с задержкой До 3,,,,Operational
bufr4/3/07/016/3/020020,07,Последовательности сводок приземных данных (суша),307016,Повторение с задержкой 1 дескриптора,,020020,Особые явления недавней погоды (Сдвиг ветра на взлетно-посадочной(ых) полосе(ах)),,,,Operational
bufr4/3/07/017/1/101000,07,Последовательности сводок приземных данных (суша),307017,Повторение с задержкой 1 дескриптора,,101000,Повторение с задержкой 1 дескриптора,,,,Operational
bufr4/3/07/017/2/031001,07,Последовательности сводок приземных данных (суша),307017,Повторение с задержкой 1 дескриптора,,031001,Коэффициент повторения дескриптора с задержкой,,,,Operational
bufr4/3/07/017/3/011070,07,Последовательности сводок приземных данных (суша),307017,Повторение с задержкой 1 дескриптора,,011070,"Указатель взлетно-посадочной полосы, подверженной сдвигам ветра (включая ALL) (Прогноз на посадку трендового типа)",,,,Operational
bufr4/3/07/018/1/008016,07,Последовательности сводок приземных данных (суша),307018,Описатель изменения прогноза трендового типа или прогноза по аэродрому,,008016,Описатель изменения прогноза трендового типа или прогноза по аэродрому,,,,Operational
bufr4/3/07/018/2/102000,07,Последовательности сводок приземных данных (суша),307018,Описатель изменения прогноза трендового типа или прогноза по аэродрому,,102000,Повторение с задержкой 2 дескрипторов,,,,Operational
bufr4/3/07/018/3/031001,07,Последовательности сводок приземных данных (суша),307018,Описатель изменения прогноза трендового типа или прогноза по аэродрому,,031001,Коэффициент повторения дескриптора с задержкой До 2,,,,Operational
bufr4/3/07/018/4/008017,07,Последовательности сводок приземных данных (суша),307018,Описатель изменения прогноза трендового типа или прогноза по аэродрому,,008017,"Описатель времени, когда ожидается изменение FM, TL, AT прогноза",,,,Operational
bufr4/3/07/018/5/301012,07,Последовательности сводок приземных данных (суша),307018,Описатель изменения прогноза трендового типа или прогноза по аэродрому,,301012,"Час, минута GG, gg",,,,Operational
bufr4/3/07/018/6/104000,07,Последовательности сводок приземных данных (суша),307018,Описатель изменения прогноза трендового типа или прогноза по аэродрому,,104000,Повторение с задержкой 4 дескрипторов,,,,Operational
bufr4/3/07/018/7/031001,07,Последовательности сводок приземных данных (суша),307018,Описатель изменения прогноза трендового типа или прогноза по аэродрому,,031001,Коэффициент повторения дескриптора с задержкой До 1,,,,Operational
bufr4/3/07/018/8/007006,07,Последовательности сводок приземных данных (суша),307018,Описатель изменения прогноза трендового типа или прогноза по аэродрому,,007006,Высота над станцией,,,,Operational
bufr4/3/07/018/9/011001,07,Последовательности сводок приземных данных (суша),307018,Описатель изменения прогноза трендового типа или прогноза по аэродрому,,011001,Направление ветра,,,,Operational
bufr4/3/07/018/10/011002,07,Последовательности сводок приземных данных (суша),307018,Описатель изменения прогноза трендового типа или прогноза по аэродрому,,011002,Скорость ветра,,,,Operational
bufr4/3/07/018/11/011041,07,Последовательности сводок приземных данных (суша),307018,Описатель изменения прогноза трендового типа или прогноза по аэродрому,,011041,Максимальная скорость ветра при порыве,,,,Operational
bufr4/3/07/018/12/020009,07,Последовательности сводок приземных данных (суша),307018,Описатель изменения прогноза трендового типа или прогноза по аэродрому,,020009,Общий указатель погоды (TAF/METAR),,,,Operational
bufr4/3/07/018/13/101000,07,Последовательности сводок приземных данных (суша),307018,Описатель изменения прогноза трендового типа или прогноза по аэродрому,,101000,Повторение с задержкой 1 дескриптора,,,,Operational
bufr4/3/07/018/14/031001,07,Последовательности сводок приземных данных (суша),307018,Описатель изменения прогноза трендового типа или прогноза по аэродрому,,031001,Коэффициент повторения дескриптора с задержкой До 1,,,,Operational
bufr4/3/07/018/15/020001,07,Последовательности сводок приземных данных (суша),307018,Описатель изменения прогноза трендового типа или прогноза по аэродрому,,020001,Горизонтальная видимость,,,,Operational
bufr4/3/07/018/16/307014,07,Последовательности сводок приземных данных (суша),307018,Описатель изменения прогноза трендового типа или прогноза по аэродрому,,307014,Особые явления текущей или прогнозируемой w’w’ погоды (Краткий METAR/SPECI),,,,Operational
bufr4/3/07/020/1/307011,07,Последовательности сводок приземных данных (суша),307020,Основная часть данных для представления кода METAR/SPECI в BUFR,,307011,Основная часть данных для представления кода METAR/SPECI в BUFR,,,,Operational
bufr4/3/07/020/2/307014,07,Последовательности сводок приземных данных (суша),307020,Основная часть данных для представления кода METAR/SPECI в BUFR,,307014,Особые явления текущей или прогнозируемой w’w’ погоды,,,,Operational
bufr4/3/07/020/3/307016,07,Последовательности сводок приземных данных (суша),307020,Основная часть данных для представления кода METAR/SPECI в BUFR,,307016,Особые явления недавней погоды REw’w’ I.2 – Табл. D BUFR/07 — 3,(продолж.),,,Operational
bufr4/3/07/021/1/307011,07,Последовательности сводок приземных данных (суша),307021,Основная часть данных для представления кода METAR/SPECI в BUFR,,307011,Основная часть данных для представления кода METAR/SPECI в BUFR,,,,Operational
bufr4/3/07/021/2/307012,07,Последовательности сводок приземных данных (суша),307021,Основная часть данных для представления кода METAR/SPECI в BUFR,,307012,Горизонтальная видимость D VVVV v,,,,Operational
bufr4/3/07/021/3/307013,07,Последовательности сводок приземных данных (суша),307021,Основная часть данных для представления кода METAR/SPECI в BUFR,,307013,Дальность видимости на взлетно-посадочной полосе D D R,/V V V V R R R R R,,,Operational
bufr4/3/07/021/4/307014,07,Последовательности сводок приземных данных (суша),307021,Основная часть данных для представления кода METAR/SPECI в BUFR,,307014,Особые явления текущей или прогнозируемой w´w´ погоды,,,,Operational
bufr4/3/07/021/5/307015,07,Последовательности сводок приземных данных (суша),307021,Основная часть данных для представления кода METAR/SPECI в BUFR,,307015,Группа(ы) облаков,,,,Operational
bufr4/3/07/021/6/307016,07,Последовательности сводок приземных данных (суша),307021,Основная часть данных для представления кода METAR/SPECI в BUFR,,307016,Особые явления недавней погоды REw´w´,,,,Operational
bufr4/3/07/021/7/307017,07,Последовательности сводок приземных данных (суша),307021,Основная часть данных для представления кода METAR/SPECI в BUFR,,307017,Сдвиг ветра на взлетно-посадочной(ых) полосе(ах),,,,Operational
bufr4/3/07/021/8/307018,07,Последовательности сводок приземных данных (суша),307021,Основная часть данных для представления кода METAR/SPECI в BUFR,,307018,Погноз на посадку трендового типа,,,,Operational
bufr4/3/07/021/9/307015,07,Последовательности сводок приземных данных (суша),307021,Основная часть данных для представления кода METAR/SPECI в BUFR,,307015,Группа(ы) облаков (Данные наземных ГЛОНАСС*),,,,Operational
bufr4/3/07/022/1/001015,07,Последовательности сводок приземных данных (суша),307022,Название станции или поста,,001015,Название станции или поста,,,,Operational
bufr4/3/07/022/2/301011,07,Последовательности сводок приземных данных (суша),307022,Название станции или поста,,301011,"Год, месяц, день",,,,Operational
bufr4/3/07/022/3/301012,07,Последовательности сводок приземных данных (суша),307022,Название станции или поста,,301012,"Час, минута",,,,Operational
bufr4/3/07/022/4/301022,07,Последовательности сводок приземных данных (суша),307022,Название станции или поста,,301022,"Широта/долгота (высокая точность), высота станции",,,,Operational
bufr4/3/07/022/5/008021,07,Последовательности сводок приземных данных (суша),307022,Название станции или поста,,008021,Значимость времени = 23 Период мониторинга,,,,Operational
bufr4/3/07/022/6/004025,07,Последовательности сводок приземных данных (суша),307022,Название станции или поста,,004025,Временной период или отклонение,,,,Operational
bufr4/3/07/022/7/010004,07,Последовательности сводок приземных данных (суша),307022,Название станции или поста,,010004,Давление,,,,Operational
bufr4/3/07/022/8/012001,07,Последовательности сводок приземных данных (суша),307022,Название станции или поста,,012001,Температура/температура воздуха,,,,Operational
bufr4/3/07/022/9/013003,07,Последовательности сводок приземных данных (суша),307022,Название станции или поста,,013003,Относительная влажность,,,,Operational
bufr4/3/07/022/10/033038,07,Последовательности сводок приземных данных (суша),307022,Название станции или поста,,033038,Флаги качества для данных наземной ГЛОНАСС,,,,Operational
bufr4/3/07/022/11/008022,07,Последовательности сводок приземных данных (суша),307022,Название станции или поста,,008022,Общее число (для суммы или среднего значения) Количество используемых спутников ГЛОНАСС,,,,Operational
bufr4/3/07/022/12/106025,07,Последовательности сводок приземных данных (суша),307022,Название станции или поста,,106025,Повторить 6 дескрипторов 25 раз,,,,Operational
bufr4/3/07/022/13/002020,07,Последовательности сводок приземных данных (суша),307022,Название станции или поста,,002020,Классификация спутников,,,,Operational
bufr4/3/07/022/14/001050,07,Последовательности сводок приземных данных (суша),307022,Название станции или поста,,001050,Идентификационный номер передатчика платформы,,,,Operational
bufr4/3/07/022/15/005021,07,Последовательности сводок приземных данных (суша),307022,Название станции или поста,,005021,Пеленг или азимут,,,,Operational
bufr4/3/07/022/16/007021,07,Последовательности сводок приземных данных (суша),307022,Название станции или поста,,007021,Возвышение,,,,Operational
bufr4/3/07/022/17/015031,07,Последовательности сводок приземных данных (суша),307022,Название станции или поста,,015031,Задержка спутникового сигнала при прохождении через атмосферу,,,,Operational
bufr4/3/07/022/18/015032,07,Последовательности сводок приземных данных (суша),307022,Название станции или поста,,015032,Оцениваемая ошибка в задержке при прохождении сигнала через атмосферу,,,,Operational
bufr4/3/07/022/19/008060,07,Последовательности сводок приземных данных (суша),307022,Название станции или поста,,008060,Значимость режима сканирования выборки = 5 Север/юг,,,,Operational
bufr4/3/07/022/20/015033,07,Последовательности сводок приземных данных (суша),307022,Название станции или поста,,015033,Разность задержек прохождения для горизонтальных проекций при экстремальных значениях сканирования,,,,Operational
bufr4/3/07/022/21/015034,07,Последовательности сводок приземных данных (суша),307022,Название станции или поста,,015034,Оцениваемая ошибка в разности задержки прохождения,,,,Operational
bufr4/3/07/022/22/008060,07,Последовательности сводок приземных данных (суша),307022,Название станции или поста,,008060,Значимость режима сканирования выборки = 6 Восток/запад,,,,Operational
bufr4/3/07/022/23/015033,07,Последовательности сводок приземных данных (суша),307022,Название станции или поста,,015033,Разность задержек прохождения для горизонтальных проекций при экстремальных значениях сканирования,,,,Operational
bufr4/3/07/022/24/015034,07,Последовательности сводок приземных данных (суша),307022,Название станции или поста,,015034,Оцениваемая ошибка в разности задержки прохождения,,,,Operational
bufr4/3/07/022/25/015035,07,Последовательности сводок приземных данных (суша),307022,Название станции или поста,,015035,Компонент задержки вертикального прохождения из-за водяного пара,,,,Operational
bufr4/3/07/022/26/201131,07,Последовательности сводок приземных данных (суша),307022,Название станции или поста,,201131,Изменить длину данных,,,,Operational
bufr4/3/07/022/27/202129,07,Последовательности сводок приземных данных (суша),307022,Название станции или поста,,202129,Изменить масштаб,,,,Operational
bufr4/3/07/022/28/013016,07,Последовательности сводок приземных данных (суша),307022,Название станции или поста,,013016,Осаждаемая вода,(продолж.),,,Operational
bufr4/3/07/022/1/202000,07,Последовательности сводок приземных данных (суша),307022,Изменить масштаб Отмена,,202000,Изменить масштаб Отмена,,,,Operational
bufr4/3/07/022/2/201000,07,Последовательности сводок приземных данных (суша),307022,Изменить масштаб Отмена,,201000,Изменить длину данных Отмена,,,,Operational
bufr4/3/07/022/3/015011,07,Последовательности сводок приземных данных (суша),307022,Изменить масштаб Отмена,,015011,Log суммарной плотности электрона 10 (Данные по озону — единственное наблюдение),,,,Operational
bufr4/3/07/030/1/015001,07,Последовательности сводок приземных данных (суша),307030,Общее содержание озона,,015001,Общее содержание озона,,,,Operational
bufr4/3/07/030/2/015002,07,Последовательности сводок приземных данных (суша),307030,Общее содержание озона,,015002,Воздушная масса (наклонная траектория на высоте 22 км) (Данные по озону — усредненные наблюдения),,,,Operational
bufr4/3/07/031/1/008022,07,Последовательности сводок приземных данных (суша),307031,Общее число (для суммы или среднего значения) Количество измерений,,008022,Общее число (для суммы или среднего значения) Количество измерений,,,,Operational
bufr4/3/07/031/2/008023,07,Последовательности сводок приземных данных (суша),307031,Общее число (для суммы или среднего значения) Количество измерений,,008023,Статистические данные первого порядка = 4 Среднее значение,,,,Operational
bufr4/3/07/031/3/015001,07,Последовательности сводок приземных данных (суша),307031,Общее число (для суммы или среднего значения) Количество измерений,,015001,Общее содержание озона Усредненная величина измерения озона,,,,Operational
bufr4/3/07/031/4/008023,07,Последовательности сводок приземных данных (суша),307031,Общее число (для суммы или среднего значения) Количество измерений,,008023,Статистические данные первого порядка = 9 Лучшая оценка стандартного отклонения,,,,Operational
bufr4/3/07/031/5/015001,07,Последовательности сводок приземных данных (суша),307031,Общее число (для суммы или среднего значения) Количество измерений,,015001,Общее содержание озона Лучшая оценка стандартного отклонения результатов измерения озона,,,,Operational
bufr4/3/07/031/6/008023,07,Последовательности сводок приземных данных (суша),307031,Общее число (для суммы или среднего значения) Количество измерений,,008023,Статистические данные первого порядка = 11 Среднее гармоническое,,,,Operational
bufr4/3/07/031/7/015002,07,Последовательности сводок приземных данных (суша),307031,Общее число (для суммы или среднего значения) Количество измерений,,015002,"Воздушная масса (наклонная траектория на высоте Среднее 22 км) гармоническое значение воздушной массы (Данные измерения общего содержания озона наземным спектрофотометром Брюйера, полученные путем единственного наблюдения)",,,,Operational
bufr4/3/07/041/1/301001,07,Последовательности сводок приземных данных (суша),307041,Номера блока и станции ВМО,,301001,Номера блока и станции ВМО,,,,Operational
bufr4/3/07/041/2/001015,07,Последовательности сводок приземных данных (суша),307041,Номера блока и станции ВМО,,001015,Название станции или поста,,,,Operational
bufr4/3/07/041/3/301024,07,Последовательности сводок приземных данных (суша),307041,Номера блока и станции ВМО,,301024,"Широта/долгота (низкая точность), высота станции",,,,Operational
bufr4/3/07/041/4/301011,07,Последовательности сводок приземных данных (суша),307041,Номера блока и станции ВМО,,301011,"Год, месяц, день Измерение озона",,,,Operational
bufr4/3/07/041/5/301012,07,Последовательности сводок приземных данных (суша),307041,Номера блока и станции ВМО,,301012,"Час, минута Измерение озона",,,,Operational
bufr4/3/07/041/6/301070,07,Последовательности сводок приземных данных (суша),307041,Номера блока и станции ВМО,,301070,Приборы для измерения озона — спектрофотометр Брюйера,,,,Operational
bufr4/3/07/041/7/307030,07,Последовательности сводок приземных данных (суша),307041,Номера блока и станции ВМО,,307030,"Данные по озону — единственное наблюдение (Данные измерения общего содержания озона наземным спектрофотометром Брюйера, полученные в результате усредненных наблюдений)",,,,Operational
bufr4/3/07/042/1/301001,07,Последовательности сводок приземных данных (суша),307042,Номера блока и станции ВМО,,301001,Номера блока и станции ВМО,,,,Operational
bufr4/3/07/042/2/001015,07,Последовательности сводок приземных данных (суша),307042,Номера блока и станции ВМО,,001015,Название станции или поста,,,,Operational
bufr4/3/07/042/3/301024,07,Последовательности сводок приземных данных (суша),307042,Номера блока и станции ВМО,,301024,"Широта/долгота (низкая точность), высота станции",,,,Operational
bufr4/3/07/042/4/301011,07,Последовательности сводок приземных данных (суша),307042,Номера блока и станции ВМО,,301011,"Год, месяц, день Измерение озона",,,,Operational
bufr4/3/07/042/5/301012,07,Последовательности сводок приземных данных (суша),307042,Номера блока и станции ВМО,,301012,"Час, минута Измерение озона",,,,Operational
bufr4/3/07/042/6/008021,07,Последовательности сводок приземных данных (суша),307042,Номера блока и станции ВМО,,008021,Значимость времени = 8 Среднее  по ансамблю I.2 – Табл. D BUFR/07 — 5,(продолж.),,,Operational
bufr4/3/07/042/1/004025,07,Последовательности сводок приземных данных (суша),307042,Временной период или отклонение Временной период (минуты) для вычисления среднего значения,,004025,Временной период или отклонение Временной период (минуты) для вычисления среднего значения,,,,Operational
bufr4/3/07/042/2/301070,07,Последовательности сводок приземных данных (суша),307042,Временной период или отклонение Временной период (минуты) для вычисления среднего значения,,301070,Приборы для измерения озона — спектрофотометр Брюйера,,,,Operational
bufr4/3/07/042/3/307031,07,Последовательности сводок приземных данных (суша),307042,Временной период или отклонение Временной период (минуты) для вычисления среднего значения,,307031,"Данные по озону — усредненные наблюдения (Данные измерения общего содержания озона наземным спектрофотометром Добсона, полученные в результате единственного наблюдения)",,,,Operational
bufr4/3/07/043/1/301001,07,Последовательности сводок приземных данных (суша),307043,Номера блока и станции ВМО,,301001,Номера блока и станции ВМО,,,,Operational
bufr4/3/07/043/2/001015,07,Последовательности сводок приземных данных (суша),307043,Номера блока и станции ВМО,,001015,Название станции или поста,,,,Operational
bufr4/3/07/043/3/301024,07,Последовательности сводок приземных данных (суша),307043,Номера блока и станции ВМО,,301024,"Широта/долгота (низкая точность), высота станции",,,,Operational
bufr4/3/07/043/4/301011,07,Последовательности сводок приземных данных (суша),307043,Номера блока и станции ВМО,,301011,"Год, месяц, день Измерение озона",,,,Operational
bufr4/3/07/043/5/301012,07,Последовательности сводок приземных данных (суша),307043,Номера блока и станции ВМО,,301012,"Час, минута Измерение озона",,,,Operational
bufr4/3/07/043/6/301074,07,Последовательности сводок приземных данных (суша),307043,Номера блока и станции ВМО,,301074,Приборы для измерения озона — спектрофотометр Добсона,,,,Operational
bufr4/3/07/043/7/307030,07,Последовательности сводок приземных данных (суша),307043,Номера блока и станции ВМО,,307030,"Данные по озону — единственное наблюдение (Данные измерения общего содержания озона наземным спектрофотометром Добсона, полученные в результате усредненных наблюдений)",,,,Operational
bufr4/3/07/044/1/301001,07,Последовательности сводок приземных данных (суша),307044,Номера блока и станции ВМО,,301001,Номера блока и станции ВМО,,,,Operational
bufr4/3/07/044/2/001015,07,Последовательности сводок приземных данных (суша),307044,Номера блока и станции ВМО,,001015,Название станции или поста,,,,Operational
bufr4/3/07/044/3/301024,07,Последовательности сводок приземных данных (суша),307044,Номера блока и станции ВМО,,301024,"Широта/долгота (низкая точность), высота станции",,,,Operational
bufr4/3/07/044/4/301011,07,Последовательности сводок приземных данных (суша),307044,Номера блока и станции ВМО,,301011,"Год, месяц, день Измерение озона",,,,Operational
bufr4/3/07/044/5/301012,07,Последовательности сводок приземных данных (суша),307044,Номера блока и станции ВМО,,301012,"Час, минута Измерение озона",,,,Operational
bufr4/3/07/044/6/008021,07,Последовательности сводок приземных данных (суша),307044,Номера блока и станции ВМО,,008021,Значимость времени = 8 Среднее по ансамблю,,,,Operational
bufr4/3/07/044/7/004025,07,Последовательности сводок приземных данных (суша),307044,Номера блока и станции ВМО,,004025,Временной период или отклонение Временной период (минуты) для вычисления среднего значения,,,,Operational
bufr4/3/07/044/8/301074,07,Последовательности сводок приземных данных (суша),307044,Номера блока и станции ВМО,,301074,Приборы для измерения озона — спектрофотометр Добсона,,,,Operational
bufr4/3/07/044/9/307031,07,Последовательности сводок приземных данных (суша),307044,Номера блока и станции ВМО,,307031,Данные по озону — усредненные наблюдения (Основная часть кода METAR/SPECI) вместо 3 07 011,,,,Operational
bufr4/3/07/045/1/001063,07,Последовательности сводок приземных данных (суша),307045,Индекс местоположения ИКАО CCCC,,001063,Индекс местоположения ИКАО CCCC,,,,Operational
bufr4/3/07/045/2/008079,07,Последовательности сводок приземных данных (суша),307045,Индекс местоположения ИКАО CCCC,,008079,Статус продукции METAR SPECI COR,,,,Operational
bufr4/3/07/045/3/002001,07,Последовательности сводок приземных данных (суша),307045,Индекс местоположения ИКАО CCCC,,002001,Тип станции AUTO,,,,Operational
bufr4/3/07/045/4/301011,07,Последовательности сводок приземных данных (суша),307045,Индекс местоположения ИКАО CCCC,,301011,"Год, месяц, день YY",,,,Operational
bufr4/3/07/045/5/301012,07,Последовательности сводок приземных данных (суша),307045,Индекс местоположения ИКАО CCCC,,301012,"Час, минута GGgg",,,,Operational
bufr4/3/07/045/6/301023,07,Последовательности сводок приземных данных (суша),307045,Индекс местоположения ИКАО CCCC,,301023,Широта/долгота (низкая точность),,,,Operational
bufr4/3/07/045/7/007030,07,Последовательности сводок приземных данных (суша),307045,Индекс местоположения ИКАО CCCC,,007030,Высота площадки станции над средним уровнем моря,,,,Operational
bufr4/3/07/045/8/007031,07,Последовательности сводок приземных данных (суша),307045,Индекс местоположения ИКАО CCCC,,007031,Высота барометра над средним уровнем моря,,,,Operational
bufr4/3/07/045/9/007032,07,Последовательности сводок приземных данных (суша),307045,Индекс местоположения ИКАО CCCC,,007032,Высота датчика над местной площадкой (или палубой = 10 м (если морской платформы) фактическая величина отсутствует),,,,Operational
bufr4/3/07/045/10/011001,07,Последовательности сводок приземных данных (суша),307045,Индекс местоположения ИКАО CCCC,,011001,Направление ветра ddd,,,,Operational
bufr4/3/07/045/11/011016,07,Последовательности сводок приземных данных (суша),307045,Индекс местоположения ИКАО CCCC,,011016,Экстремальное отклонение направления d d n переменного ветра против часовой стрелки,d n n,,,Operational
bufr4/3/07/045/12/011017,07,Последовательности сводок приземных данных (суша),307045,Индекс местоположения ИКАО CCCC,,011017,Экстремальное отклонение направления d d x x переменного ветра по часовой стрелке,d x (продолж.),,,Operational
bufr4/3/07/045/1/008054,07,Последовательности сводок приземных данных (суша),307045,Описатель для скорости ветра или порывов ветра P,,008054,Описатель для скорости ветра или порывов ветра P,,,,Operational
bufr4/3/07/045/2/011083,07,Последовательности сводок приземных данных (суша),307045,Описатель для скорости ветра или порывов ветра P,,011083,Скорость ветра (см. примечание 1) ff — км/ч,,,,Operational
bufr4/3/07/045/3/011084,07,Последовательности сводок приземных данных (суша),307045,Описатель для скорости ветра или порывов ветра P,,011084,Скорость ветра (см. примечание 1) ff — уз,,,,Operational
bufr4/3/07/045/4/011002,07,Последовательности сводок приземных данных (суша),307045,Описатель для скорости ветра или порывов ветра P,,011002,Скорость ветра (см. примечание 1) ff — м/с,,,,Operational
bufr4/3/07/045/5/008054,07,Последовательности сводок приземных данных (суша),307045,Описатель для скорости ветра или порывов ветра P,,008054,Описатель для скорости ветра или порывов ветра P,,,,Operational
bufr4/3/07/045/6/011085,07,Последовательности сводок приземных данных (суша),307045,Описатель для скорости ветра или порывов ветра P,,011085,Максимальная скорость ветра при порыве f f m m (см. примечание 2),— км/ч,,,Operational
bufr4/3/07/045/7/011086,07,Последовательности сводок приземных данных (суша),307045,Описатель для скорости ветра или порывов ветра P,,011086,f Максимальная скорость ветра при порыве f m m (см. примечание 2),— уз,,,Operational
bufr4/3/07/045/8/011041,07,Последовательности сводок приземных данных (суша),307045,Описатель для скорости ветра или порывов ветра P,,011041,f Максимальная скорость ветра при порыве f m m (см. примечание 2),— м/с,,,Operational
bufr4/3/07/045/9/008054,07,Последовательности сводок приземных данных (суша),307045,Описатель для скорости ветра или порывов ветра P,,008054,Описатель для скорости ветра или порывов ветра Установлено на отсутствующее значение (отмена),,,,Operational
bufr4/3/07/045/10/007032,07,Последовательности сводок приземных данных (суша),307045,Описатель для скорости ветра или порывов ветра P,,007032,Высота датчика над местной площадкой (или палубой = 2 м (если морской платформы) фактическая величина отсутствует),,,,Operational
bufr4/3/07/045/11/012023,07,Последовательности сводок приземных данных (суша),307045,Описатель для скорости ветра или порывов ветра P,,012023,Температура T'T' — по Цельсию,,,,Operational
bufr4/3/07/045/12/012024,07,Последовательности сводок приземных данных (суша),307045,Описатель для скорости ветра или порывов ветра P,,012024,Температура точки росы T' T' d Цельсию,— по d,,,Operational
bufr4/3/07/045/13/007032,07,Последовательности сводок приземных данных (суша),307045,Описатель для скорости ветра или порывов ветра P,,007032,Высота датчика над местной площадкой (или палубой Установлено на морской платформы) отсутствующее значение (отмена),,,,Operational
bufr4/3/07/045/14/010052,07,Последовательности сводок приземных данных (суша),307045,Описатель для скорости ветра или порывов ветра P,,010052,Установка высотомера (QNH) QP H,P P P H H H,,,Operational
bufr4/3/07/045/15/020009,07,Последовательности сводок приземных данных (суша),307045,Описатель для скорости ветра или порывов ветра P,,020009,Общий указатель погоды (TAF/METAR) CAVOK (Видимость METAR/SPECI),,,,Operational
bufr4/3/07/046/1/020060,07,Последовательности сводок приземных данных (суша),307046,Преобладающая горизонтальная видимость VVVV или VVVVNDV,,020060,Преобладающая горизонтальная видимость VVVV или VVVVNDV,,,,Operational
bufr4/3/07/046/2/102000,07,Последовательности сводок приземных данных (суша),307046,Преобладающая горизонтальная видимость VVVV или VVVVNDV,,102000,Повторение с задержкой 2 дескрипторов,,,,Operational
bufr4/3/07/046/3/031001,07,Последовательности сводок приземных данных (суша),307046,Преобладающая горизонтальная видимость VVVV или VVVVNDV,,031001,Коэффициент повторения дескриптора с задержкой До 2,,,,Operational
bufr4/3/07/046/4/005021,07,Последовательности сводок приземных данных (суша),307046,Преобладающая горизонтальная видимость VVVV или VVVVNDV,,005021,Пеленг или азимут Направление минимальной наблюдаемой видимости D,v,,,Operational
bufr4/3/07/046/5/020059,07,Последовательности сводок приземных данных (суша),307046,Преобладающая горизонтальная видимость VVVV или VVVVNDV,,020059,"Минимальная горизонтальная видимость V V N (Облака METAR/SPECI/TAF), вместо 3 07 015",V V N N N,,,Operational
bufr4/3/07/047/1/105000,07,Последовательности сводок приземных данных (суша),307047,Повторение с задержкой 5 дескрипторов,,105000,Повторение с задержкой 5 дескрипторов,,,,Operational
bufr4/3/07/047/2/031001,07,Последовательности сводок приземных данных (суша),307047,Повторение с задержкой 5 дескрипторов,,031001,Коэффициент повторения дескриптора с задержкой,,,,Operational
bufr4/3/07/047/3/008002,07,Последовательности сводок приземных данных (суша),307047,Повторение с задержкой 5 дескрипторов,,008002,Вертикальная значимость (приземные наблюдения),,,,Operational
bufr4/3/07/047/4/020011,07,Последовательности сводок приземных данных (суша),307047,Повторение с задержкой 5 дескрипторов,,020011,Количество облаков NsNsNs,,,,Operational
bufr4/3/07/047/5/020012,07,Последовательности сводок приземных данных (суша),307047,Повторение с задержкой 5 дескрипторов,,020012,Тип облаков CC,,,,Operational
bufr4/3/07/047/6/020013,07,Последовательности сводок приземных данных (суша),307047,Повторение с задержкой 5 дескрипторов,,020013,Высота нижней границы облаков h h s s,h — м s,,,Operational
bufr4/3/07/047/7/020092,07,Последовательности сводок приземных данных (суша),307047,Повторение с задержкой 5 дескрипторов,,020092,Высота нижней границы облаков h h s s,h — футы s,,,Operational
bufr4/3/07/047/8/020002,07,Последовательности сводок приземных данных (суша),307047,Повторение с задержкой 5 дескрипторов,,020002,Вертикальная видимость VVh,h h — м s s s,,,Operational
bufr4/3/07/047/9/020091,07,Последовательности сводок приземных данных (суша),307047,Повторение с задержкой 5 дескрипторов,,020091,Вертикальная видимость VVh (Прогноз трендового типа) вместо 3 07 018,h h — футы s s s,,,Operational
bufr4/3/07/048/1/008016,07,Последовательности сводок приземных данных (суша),307048,Описатель изменения прогноза трендового типа или TTTTT NOSIG прогноза по аэродрому,,008016,Описатель изменения прогноза трендового типа или TTTTT NOSIG прогноза по аэродрому,,,,Operational
bufr4/3/07/048/2/102000,07,Последовательности сводок приземных данных (суша),307048,Описатель изменения прогноза трендового типа или TTTTT NOSIG прогноза по аэродрому,,102000,Повторение с задержкой 2 дескрипторов,,,,Operational
bufr4/3/07/048/3/031001,07,Последовательности сводок приземных данных (суша),307048,Описатель изменения прогноза трендового типа или TTTTT NOSIG прогноза по аэродрому,,031001,"Коэффициент повторения дескриптора с задержкой = 0, 1 или 2",,,,Operational
bufr4/3/07/048/4/008017,07,Последовательности сводок приземных данных (суша),307048,Описатель изменения прогноза трендового типа или TTTTT NOSIG прогноза по аэродрому,,008017,"Описатель времени, когда ожидается изменение TT прогноза",,,,Operational
bufr4/3/07/048/5/301012,07,Последовательности сводок приземных данных (суша),307048,Описатель изменения прогноза трендового типа или TTTTT NOSIG прогноза по аэродрому,,301012,"Час, минута GGgg",,,,Operational
bufr4/3/07/048/6/112000,07,Последовательности сводок приземных данных (суша),307048,Описатель изменения прогноза трендового типа или TTTTT NOSIG прогноза по аэродрому,,112000,Повторение с задержкой 12 дескрипторов I.2 – Табл. D BUFR/07 — 7,(продолж.),,,Operational
bufr4/3/07/048/1/031000,07,Последовательности сводок приземных данных (суша),307048,Коэффициент повторения короткого дескриптора с = 0 или 1 задержкой,,031000,Коэффициент повторения короткого дескриптора с = 0 или 1 задержкой,,,,Operational
bufr4/3/07/048/2/007032,07,Последовательности сводок приземных данных (суша),307048,Коэффициент повторения короткого дескриптора с = 0 или 1 задержкой,,007032,Высота датчика над местной площадкой (или палубой = 10 м (если морской платформы) фактическая величина отсутствует),,,,Operational
bufr4/3/07/048/3/011001,07,Последовательности сводок приземных данных (суша),307048,Коэффициент повторения короткого дескриптора с = 0 или 1 задержкой,,011001,Направление ветра ddd,,,,Operational
bufr4/3/07/048/4/008054,07,Последовательности сводок приземных данных (суша),307048,Коэффициент повторения короткого дескриптора с = 0 или 1 задержкой,,008054,Описатель для скорости ветра или порывов ветра P,,,,Operational
bufr4/3/07/048/5/011083,07,Последовательности сводок приземных данных (суша),307048,Коэффициент повторения короткого дескриптора с = 0 или 1 задержкой,,011083,Скорость ветра (см. примечание 1) ff — км/ч,,,,Operational
bufr4/3/07/048/6/011084,07,Последовательности сводок приземных данных (суша),307048,Коэффициент повторения короткого дескриптора с = 0 или 1 задержкой,,011084,Скорость ветра (см. примечание 1) ff — уз,,,,Operational
bufr4/3/07/048/7/011002,07,Последовательности сводок приземных данных (суша),307048,Коэффициент повторения короткого дескриптора с = 0 или 1 задержкой,,011002,Скорость ветра (см. примечание 1) ff — м/с,,,,Operational
bufr4/3/07/048/8/008054,07,Последовательности сводок приземных данных (суша),307048,Коэффициент повторения короткого дескриптора с = 0 или 1 задержкой,,008054,Описатель для скорости ветра или порывов ветра P,,,,Operational
bufr4/3/07/048/9/011085,07,Последовательности сводок приземных данных (суша),307048,Коэффициент повторения короткого дескриптора с = 0 или 1 задержкой,,011085,Максимальная скорость ветра при порыве f f m m (см. примечание 2),— км/ч,,,Operational
bufr4/3/07/048/10/011086,07,Последовательности сводок приземных данных (суша),307048,Коэффициент повторения короткого дескриптора с = 0 или 1 задержкой,,011086,f Максимальная скорость ветра при порыве f m m (см. примечание 2),— уз,,,Operational
bufr4/3/07/048/11/011041,07,Последовательности сводок приземных данных (суша),307048,Коэффициент повторения короткого дескриптора с = 0 или 1 задержкой,,011041,f Максимальная скорость ветра при порыве f m m (см. примечание 2),— м/с,,,Operational
bufr4/3/07/048/12/008054,07,Последовательности сводок приземных данных (суша),307048,Коэффициент повторения короткого дескриптора с = 0 или 1 задержкой,,008054,Описатель для скорости ветра или порывов ветра Установлено на отсутствующее значение (отмена),,,,Operational
bufr4/3/07/048/13/007032,07,Последовательности сводок приземных данных (суша),307048,Коэффициент повторения короткого дескриптора с = 0 или 1 задержкой,,007032,Высота датчика над местной площадкой (или палубой Установлено на морской платформы) отсутствующее значение (отмена),,,,Operational
bufr4/3/07/048/14/020009,07,Последовательности сводок приземных данных (суша),307048,Коэффициент повторения короткого дескриптора с = 0 или 1 задержкой,,020009,Общий указатель погоды (TAF/METAR) CAVOK NSW NSC,,,,Operational
bufr4/3/07/048/15/101000,07,Последовательности сводок приземных данных (суша),307048,Коэффициент повторения короткого дескриптора с = 0 или 1 задержкой,,101000,Повторение с задержкой 1 дескриптора,,,,Operational
bufr4/3/07/048/16/031000,07,Последовательности сводок приземных данных (суша),307048,Коэффициент повторения короткого дескриптора с = 0 или 1 задержкой,,031000,Коэффициент повторения короткого дескриптора с = 0 или 1 задержкой,,,,Operational
bufr4/3/07/048/17/020060,07,Последовательности сводок приземных данных (суша),307048,Коэффициент повторения короткого дескриптора с = 0 или 1 задержкой,,020060,Преобладающая горизонтальна видимость VVVV,,,,Operational
bufr4/3/07/048/18/307014,07,Последовательности сводок приземных данных (суша),307048,Коэффициент повторения короткого дескриптора с = 0 или 1 задержкой,,307014,Особые явления текущей или прогнозируемой Интенсивность погоды явления погоды и возникновение явления погоды w’w’,,,,Operational
bufr4/3/07/048/19/307047,07,Последовательности сводок приземных данных (суша),307048,Коэффициент повторения короткого дескриптора с = 0 или 1 задержкой,,307047,"Облака METAR/SPECI/TAF, вместо 3 07 015 N N s (Морские условия)",N h h h s s s s s,,,Operational
bufr4/3/07/049/1/102000,07,Последовательности сводок приземных данных (суша),307049,Повторение с задержкой 2 дескрипторов,,102000,Повторение с задержкой 2 дескрипторов,,,,Operational
bufr4/3/07/049/2/031000,07,Последовательности сводок приземных данных (суша),307049,Повторение с задержкой 2 дескрипторов,,031000,Коэффициент повторения короткого дескриптора с = 0 или 1 задержкой,,,,Operational
bufr4/3/07/049/3/022043,07,Последовательности сводок приземных данных (суша),307049,Повторение с задержкой 2 дескрипторов,,022043,Температура моря/воды T Ts s,,,,Operational
bufr4/3/07/049/4/022021,07,Последовательности сводок приземных данных (суша),307049,Повторение с задержкой 2 дескрипторов,,022021,Высота волн S’ (Состояние взлетно-посадочной полосы),,,,Operational
bufr4/3/07/050/1/101000,07,Последовательности сводок приземных данных (суша),307050,Повторение с задержкой 1 дескриптора,,101000,Повторение с задержкой 1 дескриптора,,,,Operational
bufr4/3/07/050/2/031000,07,Последовательности сводок приземных данных (суша),307050,Повторение с задержкой 1 дескриптора,,031000,Коэффициент повторения короткого дескриптора с = 0 или 1 задержкой,,,,Operational
bufr4/3/07/050/3/020085,07,Последовательности сводок приземных данных (суша),307050,Повторение с задержкой 1 дескриптора,,020085,Общее состояние взлетно-посадочной полосы SNOCLO,,,,Operational
bufr4/3/07/050/4/102000,07,Последовательности сводок приземных данных (суша),307050,Повторение с задержкой 1 дескриптора,,102000,Повторение с задержкой 2 дескрипторов,,,,Operational
bufr4/3/07/050/5/031001,07,Последовательности сводок приземных данных (суша),307050,Повторение с задержкой 1 дескриптора,,031001,Коэффициент повторения дескриптора с задержкой,,,,Operational
bufr4/3/07/050/6/001064,07,Последовательности сводок приземных данных (суша),307050,Повторение с задержкой 1 дескриптора,,001064,Указатель взлетно-посадочной полосы D D R,R,,,Operational
bufr4/3/07/050/7/020085,07,Последовательности сводок приземных данных (суша),307050,Повторение с задержкой 1 дескриптора,,020085,Общее состояние взлетно-посадочной полосы CLRD//,,,,Operational
bufr4/3/07/050/8/105000,07,Последовательности сводок приземных данных (суша),307050,Повторение с задержкой 1 дескриптора,,105000,Повторение с задержкой 5 дескрипторов,,,,Operational
bufr4/3/07/050/9/031001,07,Последовательности сводок приземных данных (суша),307050,Повторение с задержкой 1 дескриптора,,031001,Коэффициент повторения дескриптора с задержкой,,,,Operational
bufr4/3/07/050/10/001064,07,Последовательности сводок приземных данных (суша),307050,Повторение с задержкой 1 дескриптора,,001064,Указатель взлетно-посадочной полосы D D R,R,,,Operational
bufr4/3/07/050/11/020086,07,Последовательности сводок приземных данных (суша),307050,Повторение с задержкой 1 дескриптора,,020086,Отложения на взлетно-посадочной полосе E R,(продолж.),,,Operational
bufr4/3/07/050/1/020087,07,Последовательности сводок приземных данных (суша),307050,Загрязнение взлетно-посадочной полосы C R,,020087,Загрязнение взлетно-посадочной полосы C R,,,,Operational
bufr4/3/07/050/2/020088,07,Последовательности сводок приземных данных (суша),307050,Загрязнение взлетно-посадочной полосы C R,,020088,Высота отложений на взлетно-посадочной полосе e e R R,,,,Operational
bufr4/3/07/050/3/020089,07,Последовательности сводок приземных данных (суша),307050,Загрязнение взлетно-посадочной полосы C R,,020089,"Коэффициент трения на взлетно-посадочной полосе B B R R (Полный METAR/SPECI), вместо 3 07 021",,,,Operational
bufr4/3/07/051/1/307045,07,Последовательности сводок приземных данных (суша),307051,"Основная часть кода METAR/SPECI, вместо 3 07 011",,307045,"Основная часть кода METAR/SPECI, вместо 3 07 011",,,,Operational
bufr4/3/07/051/2/307046,07,Последовательности сводок приземных данных (суша),307051,"Основная часть кода METAR/SPECI, вместо 3 07 011",,307046,Видимость METAR/SPECI VVVV или VVVVNDV V V N,V V D N N N V,,,Operational
bufr4/3/07/051/3/307013,07,Последовательности сводок приземных данных (суша),307051,"Основная часть кода METAR/SPECI, вместо 3 07 011",,307013,Дальность видимости на взлетно-посадочной полосе RD R,D /V V V V R R R R R,,,Operational
bufr4/3/07/051/4/307014,07,Последовательности сводок приземных данных (суша),307051,"Основная часть кода METAR/SPECI, вместо 3 07 011",,307014,Особые явления текущей или прогнозируемой Интенсивность погоды явления погоды и возникновение явления погоды w’w’,,,,Operational
bufr4/3/07/051/5/307047,07,Последовательности сводок приземных данных (суша),307051,"Основная часть кода METAR/SPECI, вместо 3 07 011",,307047,"Облака METAR/SPECI/TAF, вместо 3 07 015 N N s",N h h h s s s s s,,,Operational
bufr4/3/07/051/6/307016,07,Последовательности сводок приземных данных (суша),307051,"Основная часть кода METAR/SPECI, вместо 3 07 011",,307016,Особые явления недавней погоды REw´w´,,,,Operational
bufr4/3/07/051/7/307017,07,Последовательности сводок приземных данных (суша),307051,"Основная часть кода METAR/SPECI, вместо 3 07 011",,307017,Сдвиг ветра на взлетно-посадочной(ых) полосе(ах) WS RDRDR,,,,Operational
bufr4/3/07/051/8/307049,07,Последовательности сводок приземных данных (суша),307051,"Основная часть кода METAR/SPECI, вместо 3 07 011",,307049,Морские условия WTsTs/SS´,,,,Operational
bufr4/3/07/051/9/307050,07,Последовательности сводок приземных данных (суша),307051,"Основная часть кода METAR/SPECI, вместо 3 07 011",,307050,Состояние взлетно-посадочной полосы RD R E C R R,D / R e e B B R R R R,,,Operational
bufr4/3/07/051/10/101000,07,Последовательности сводок приземных данных (суша),307051,"Основная часть кода METAR/SPECI, вместо 3 07 011",,101000,Повторение с задержкой 1 дескриптора,,,,Operational
bufr4/3/07/051/11/031001,07,Последовательности сводок приземных данных (суша),307051,"Основная часть кода METAR/SPECI, вместо 3 07 011",,031001,Коэффициент повторения дескриптора с задержкой = 0 до 3 обычно,,,,Operational
bufr4/3/07/051/12/307048,07,Последовательности сводок приземных данных (суша),307051,"Основная часть кода METAR/SPECI, вместо 3 07 011",,307048,"Прогноз трендового типа, вместо 3 07 018 (Идентификация и временной интервал прогноза по аэродрому)",,,,Operational
bufr4/3/07/052/1/001063,07,Последовательности сводок приземных данных (суша),307052,Индекс местоположения ИКАО CCCC,,001063,Индекс местоположения ИКАО CCCC,,,,Operational
bufr4/3/07/052/2/008039,07,Последовательности сводок приземных данных (суша),307052,Индекс местоположения ИКАО CCCC,,008039,Значимость времени (авиационный прогноз) = 0 Срок выпуска прогноза,,,,Operational
bufr4/3/07/052/3/301011,07,Последовательности сводок приземных данных (суша),307052,Индекс местоположения ИКАО CCCC,,301011,"Год, месяц, день YY",,,,Operational
bufr4/3/07/052/4/301012,07,Последовательности сводок приземных данных (суша),307052,Индекс местоположения ИКАО CCCC,,301012,"Час, минута GGgg",,,,Operational
bufr4/3/07/052/5/008079,07,Последовательности сводок приземных данных (суша),307052,Индекс местоположения ИКАО CCCC,,008079,Статус продукции COR CNL AMD NIL,,,,Operational
bufr4/3/07/052/6/008039,07,Последовательности сводок приземных данных (суша),307052,Индекс местоположения ИКАО CCCC,,008039,Значимость времени (авиационный прогноз) = 1 Время начала периода прогноза,,,,Operational
bufr4/3/07/052/7/301011,07,Последовательности сводок приземных данных (суша),307052,Индекс местоположения ИКАО CCCC,,301011,"Год, месяц, день Y Y 1 1",,,,Operational
bufr4/3/07/052/8/301012,07,Последовательности сводок приземных данных (суша),307052,Индекс местоположения ИКАО CCCC,,301012,"Час, минута G G 1",1,,,Operational
bufr4/3/07/052/9/008039,07,Последовательности сводок приземных данных (суша),307052,Индекс местоположения ИКАО CCCC,,008039,Значимость времени (авиационный прогноз) = 2 Время окончания периода прогноза,,,,Operational
bufr4/3/07/052/10/301011,07,Последовательности сводок приземных данных (суша),307052,Индекс местоположения ИКАО CCCC,,301011,"Год, месяц, день Y Y 2 2",,,,Operational
bufr4/3/07/052/11/301012,07,Последовательности сводок приземных данных (суша),307052,Индекс местоположения ИКАО CCCC,,301012,"Час, минута G G 2",2,,,Operational
bufr4/3/07/052/12/301023,07,Последовательности сводок приземных данных (суша),307052,Индекс местоположения ИКАО CCCC,,301023,Широта/долгота (низкая точность),,,,Operational
bufr4/3/07/052/13/007030,07,Последовательности сводок приземных данных (суша),307052,Индекс местоположения ИКАО CCCC,,007030,Высота площадки станции над средним уровнем моря,,,,Operational
bufr4/3/07/052/14/007031,07,Последовательности сводок приземных данных (суша),307052,Индекс местоположения ИКАО CCCC,,007031,Высота барометра над средним уровнем моря (Прогнозируемая погода на аэродроме),,,,Operational
bufr4/3/07/053/1/007032,07,Последовательности сводок приземных данных (суша),307053,Высота датчика над местной площадкой (или палубой = 10 м (если морской платформы) фактическая величина отсутствует),,007032,Высота датчика над местной площадкой (или палубой = 10 м (если морской платформы) фактическая величина отсутствует),,,,Operational
bufr4/3/07/053/2/011001,07,Последовательности сводок приземных данных (суша),307053,Высота датчика над местной площадкой (или палубой = 10 м (если морской платформы) фактическая величина отсутствует),,011001,Направление ветра ddd,,,,Operational
bufr4/3/07/053/3/008054,07,Последовательности сводок приземных данных (суша),307053,Высота датчика над местной площадкой (или палубой = 10 м (если морской платформы) фактическая величина отсутствует),,008054,Описатель для скорости ветра или порывов ветра P,,,,Operational
bufr4/3/07/053/4/011083,07,Последовательности сводок приземных данных (суша),307053,Высота датчика над местной площадкой (или палубой = 10 м (если морской платформы) фактическая величина отсутствует),,011083,Скорость ветра (см. примечание 1) ff — км/ч,,,,Operational
bufr4/3/07/053/5/011084,07,Последовательности сводок приземных данных (суша),307053,Высота датчика над местной площадкой (или палубой = 10 м (если морской платформы) фактическая величина отсутствует),,011084,Скорость ветра (см. примечание 1) ff — уз,,,,Operational
bufr4/3/07/053/6/011002,07,Последовательности сводок приземных данных (суша),307053,Высота датчика над местной площадкой (или палубой = 10 м (если морской платформы) фактическая величина отсутствует),,011002,Скорость ветра (см. примечание 1) ff — м/с,,,,Operational
bufr4/3/07/053/7/008054,07,Последовательности сводок приземных данных (суша),307053,Высота датчика над местной площадкой (или палубой = 10 м (если морской платформы) фактическая величина отсутствует),,008054,Описатель для скорости ветра или порывов ветра P I.2 – Табл. D BUFR/07 — 9,(продолж.),,,Operational
bufr4/3/07/053/1/011085,07,Последовательности сводок приземных данных (суша),307053,Максимальная скорость ветра при порыве f f m m (см. примечание 2),,011085,Максимальная скорость ветра при порыве f f m m (см. примечание 2),— км/ч,,,Operational
bufr4/3/07/053/2/011086,07,Последовательности сводок приземных данных (суша),307053,Максимальная скорость ветра при порыве f f m m (см. примечание 2),,011086,f Максимальная скорость ветра при порыве f m m (см. примечание 2),— уз,,,Operational
bufr4/3/07/053/3/011041,07,Последовательности сводок приземных данных (суша),307053,Максимальная скорость ветра при порыве f f m m (см. примечание 2),,011041,f Максимальная скорость ветра при порыве f m m (см. примечание 2),— м/с,,,Operational
bufr4/3/07/053/4/008054,07,Последовательности сводок приземных данных (суша),307053,Максимальная скорость ветра при порыве f f m m (см. примечание 2),,008054,Описатель для скорости ветра или порывов ветра Установлено на отсутствующее значение (отмена),,,,Operational
bufr4/3/07/053/5/007032,07,Последовательности сводок приземных данных (суша),307053,Максимальная скорость ветра при порыве f f m m (см. примечание 2),,007032,Высота датчика над местной площадкой (или палубой Установлено на морской платформы) отсутствующее значение (отмена),,,,Operational
bufr4/3/07/053/6/020009,07,Последовательности сводок приземных данных (суша),307053,Максимальная скорость ветра при порыве f f m m (см. примечание 2),,020009,Общий указатель погоды (TAF/METAR) CAVOK NSW NSC,,,,Operational
bufr4/3/07/053/7/020060,07,Последовательности сводок приземных данных (суша),307053,Максимальная скорость ветра при порыве f f m m (см. примечание 2),,020060,Преобладающая горизонтальная видимость VVVV,,,,Operational
bufr4/3/07/053/8/307014,07,Последовательности сводок приземных данных (суша),307053,Максимальная скорость ветра при порыве f f m m (см. примечание 2),,307014,Особые явления текущей или прогнозируемой w’w’ погоды,,,,Operational
bufr4/3/07/053/9/307047,07,Последовательности сводок приземных данных (суша),307053,Максимальная скорость ветра при порыве f f m m (см. примечание 2),,307047,"Облака METAR/SPECI/TAF, вместо 3 07 015 N N s (Прогноз экстремальных температур)",N h h h s s s s s,,,Operational
bufr4/3/07/054/1/007032,07,Последовательности сводок приземных данных (суша),307054,Высота датчика над местной площадкой (или палубой = 2 м (если морской платформы) фактическая величина отсутствует),,007032,Высота датчика над местной площадкой (или палубой = 2 м (если морской платформы) фактическая величина отсутствует),,,,Operational
bufr4/3/07/054/2/008039,07,Последовательности сводок приземных данных (суша),307054,Высота датчика над местной площадкой (или палубой = 2 м (если морской платформы) фактическая величина отсутствует),,008039,Значимость времени (авиационный прогноз) = 3 Прогнозируемое время максимальной температуры,,,,Operational
bufr4/3/07/054/3/004003,07,Последовательности сводок приземных данных (суша),307054,Высота датчика над местной площадкой (или палубой = 2 м (если морской платформы) фактическая величина отсутствует),,004003,День,,,,Operational
bufr4/3/07/054/4/004004,07,Последовательности сводок приземных данных (суша),307054,Высота датчика над местной площадкой (или палубой = 2 м (если морской платформы) фактическая величина отсутствует),,004004,Час G G F,F,,,Operational
bufr4/3/07/054/5/008023,07,Последовательности сводок приземных данных (суша),307054,Высота датчика над местной площадкой (или палубой = 2 м (если морской платформы) фактическая величина отсутствует),,008023,Статистические данные первого порядка = 3 Минимум,,,,Operational
bufr4/3/07/054/6/012023,07,Последовательности сводок приземных данных (суша),307054,Высота датчика над местной площадкой (или палубой = 2 м (если морской платформы) фактическая величина отсутствует),,012023,Температура T T F F,— по Цельсию,,,Operational
bufr4/3/07/054/7/008039,07,Последовательности сводок приземных данных (суша),307054,Высота датчика над местной площадкой (или палубой = 2 м (если морской платформы) фактическая величина отсутствует),,008039,Значимость времени (авиационный прогноз) = 4 Прогнозируемое время минимальной температуры,,,,Operational
bufr4/3/07/054/8/004003,07,Последовательности сводок приземных данных (суша),307054,Высота датчика над местной площадкой (или палубой = 2 м (если морской платформы) фактическая величина отсутствует),,004003,День,,,,Operational
bufr4/3/07/054/9/004004,07,Последовательности сводок приземных данных (суша),307054,Высота датчика над местной площадкой (или палубой = 2 м (если морской платформы) фактическая величина отсутствует),,004004,Час G G F,F,,,Operational
bufr4/3/07/054/10/008023,07,Последовательности сводок приземных данных (суша),307054,Высота датчика над местной площадкой (или палубой = 2 м (если морской платформы) фактическая величина отсутствует),,008023,Статистические данные первого порядка = 2 Максимум,,,,Operational
bufr4/3/07/054/11/012023,07,Последовательности сводок приземных данных (суша),307054,Высота датчика над местной площадкой (или палубой = 2 м (если морской платформы) фактическая величина отсутствует),,012023,Температура T T F F,— по Цельсию,,,Operational
bufr4/3/07/054/12/008023,07,Последовательности сводок приземных данных (суша),307054,Высота датчика над местной площадкой (или палубой = 2 м (если морской платформы) фактическая величина отсутствует),,008023,Статистические данные первого порядка Установлено на отсутствующее значение (отмена),,,,Operational
bufr4/3/07/054/13/007032,07,Последовательности сводок приземных данных (суша),307054,Высота датчика над местной площадкой (или палубой = 2 м (если морской платформы) фактическая величина отсутствует),,007032,Высота датчика над местной площадкой (или палубой Установлено на морской платформы) отсутствующее значение (отмена) (Указатель изменения и изменения прогноза),,,,Operational
bufr4/3/07/055/1/033045,07,Последовательности сводок приземных данных (суша),307055,Вероятность последующего события C C 2,,033045,Вероятность последующего события C C 2,2,,,Operational
bufr4/3/07/055/2/008016,07,Последовательности сводок приземных данных (суша),307055,Вероятность последующего события C C 2,,008016,Описатель изменения прогноза трендового типа или TTTTTT прогноза по аэродрому,,,,Operational
bufr4/3/07/055/3/008039,07,Последовательности сводок приземных данных (суша),307055,Вероятность последующего события C C 2,,008039,Значимость времени (авиационный прогноз) = 5 Время начала изменения прогноза,,,,Operational
bufr4/3/07/055/4/004003,07,Последовательности сводок приземных данных (суша),307055,Вероятность последующего события C C 2,,004003,День,,,,Operational
bufr4/3/07/055/5/301012,07,Последовательности сводок приземных данных (суша),307055,Вероятность последующего события C C 2,,301012,"Час, минута GGgg",(продолж.),,,Operational
bufr4/3/07/055/1/008039,07,Последовательности сводок приземных данных (суша),307055,Значимость времени (авиационный прогноз) = 6 Время окончания изменения,,008039,Значимость времени (авиационный прогноз) = 6 Время окончания изменения,,,,Operational
bufr4/3/07/055/2/004003,07,Последовательности сводок приземных данных (суша),307055,Значимость времени (авиационный прогноз) = 6 Время окончания изменения,,004003,День,,,,Operational
bufr4/3/07/055/3/301012,07,Последовательности сводок приземных данных (суша),307055,Значимость времени (авиационный прогноз) = 6 Время окончания изменения,,301012,"Час, минута G G e",e,,,Operational
bufr4/3/07/055/4/307053,07,Последовательности сводок приземных данных (суша),307055,Значимость времени (авиационный прогноз) = 6 Время окончания изменения,,307053,Прогнозируемая погода на аэродроме Во время или после изменения (Прогноз по аэродрому — полный TAF),,,,Operational
bufr4/3/07/056/1/307052,07,Последовательности сводок приземных данных (суша),307056,Идентификация и временной интервал прогноза по аэродрому,,307052,Идентификация и временной интервал прогноза по аэродрому,,,,Operational
bufr4/3/07/056/2/307053,07,Последовательности сводок приземных данных (суша),307056,Идентификация и временной интервал прогноза по аэродрому,,307053,Прогнозируемая погода на аэродроме,,,,Operational
bufr4/3/07/056/3/307054,07,Последовательности сводок приземных данных (суша),307056,Идентификация и временной интервал прогноза по аэродрому,,307054,Прогноз экстремальных температур,,,,Operational
bufr4/3/07/056/4/101000,07,Последовательности сводок приземных данных (суша),307056,Идентификация и временной интервал прогноза по аэродрому,,101000,Повторение с задержкой 1 дескриптора,,,,Operational
bufr4/3/07/056/5/031001,07,Последовательности сводок приземных данных (суша),307056,Идентификация и временной интервал прогноза по аэродрому,,031001,Коэффициент повторения дескриптора с задержкой,,,,Operational
bufr4/3/07/056/6/307055,07,Последовательности сводок приземных данных (суша),307056,Идентификация и временной интервал прогноза по аэродрому,,307055,Указатель изменения и изменения прогноза (Температура почвы под поверхностью земли),,,,Operational
bufr4/3/07/060/1/007061,07,Последовательности сводок приземных данных (суша),307060,Глубина от поверхности земли,,007061,Глубина от поверхности земли,,,,Operational
bufr4/3/07/060/2/012030,07,Последовательности сводок приземных данных (суша),307060,Глубина от поверхности земли,,012030,"Температура почвы (Данные о температуре почвы на глубинах, число которых не превышает пяти — местоположение c высокой точностью)",,,,Operational
bufr4/3/07/061/1/301031,07,Последовательности сводок приземных данных (суша),307061,"Идентификация и тип станции, дата/время, местоположение (высокая точность), высота станции",,301031,"Идентификация и тип станции, дата/время, местоположение (высокая точность), высота станции",,,,Operational
bufr4/3/07/061/2/101005,07,Последовательности сводок приземных данных (суша),307061,"Идентификация и тип станции, дата/время, местоположение (высокая точность), высота станции",,101005,Повторить 1 дескриптор 5 раз,,,,Operational
bufr4/3/07/061/3/307060,07,Последовательности сводок приземных данных (суша),307061,"Идентификация и тип станции, дата/время, местоположение (высокая точность), высота станции",,307060,"Температура почвы под поверхностью земли (Данные о температуре почвы на глубинах, число которых не превышает пяти — местоположение c низкой точностью)",,,,Operational
bufr4/3/07/062/1/301032,07,Последовательности сводок приземных данных (суша),307062,"Идентификация и тип станции, дата/время, местоположение (низкая точность), высота станции",,301032,"Идентификация и тип станции, дата/время, местоположение (низкая точность), высота станции",,,,Operational
bufr4/3/07/062/2/101005,07,Последовательности сводок приземных данных (суша),307062,"Идентификация и тип станции, дата/время, местоположение (низкая точность), высота станции",,101005,Повторить 1 дескриптор 5 раз,,,,Operational
bufr4/3/07/062/3/307060,07,Последовательности сводок приземных данных (суша),307062,"Идентификация и тип станции, дата/время, местоположение (низкая точность), высота станции",,307060,Температура почвы под поверхностью земли (Глубина от поверхности земли и температура почвы),,,,Operational
bufr4/3/07/063/1/007061,07,Последовательности сводок приземных данных (суша),307063,Глубина от поверхности земли,,007061,Глубина от поверхности земли,,,,Operational
bufr4/3/07/063/2/012130,07,Последовательности сводок приземных данных (суша),307063,Глубина от поверхности земли,,012130,Температура почвы Масштаб: 2 (Месячные значения с наземной станции),,,,Operational
bufr4/3/07/071/1/301090,07,Последовательности сводок приземных данных (суша),307071,Идентификация станции приземных наблюдений; время горизонтальные и вертикальные координаты (см. примечание 3),,301090,Идентификация станции приземных наблюдений; время горизонтальные и вертикальные координаты (см. примечание 3),,,,Operational
bufr4/3/07/071/2/004074,07,Последовательности сводок приземных данных (суша),307071,Идентификация станции приземных наблюдений; время горизонтальные и вертикальные координаты (см. примечание 3),,004074,Кратковременный период или отклонение = ВСВ – МВ* (см. примечание 3),,,,Operational
bufr4/3/07/071/3/004023,07,Последовательности сводок приземных данных (суша),307071,Идентификация станции приземных наблюдений; время горизонтальные и вертикальные координаты (см. примечание 3),,004023,"Временнóй период или отклонение Количество дней в месяце Среднемесячные значения давления, температуры, экстремальных температур и давления пара",,,,Operational
bufr4/3/07/071/4/008023,07,Последовательности сводок приземных данных (суша),307071,Идентификация станции приземных наблюдений; время горизонтальные и вертикальные координаты (см. примечание 3),,008023,Статистические данные первого порядка = 4 Среднее значение,,,,Operational
bufr4/3/07/071/5/010004,07,Последовательности сводок приземных данных (суша),307071,Идентификация станции приземных наблюдений; время горизонтальные и вертикальные координаты (см. примечание 3),,010004,Давление,,,,Operational
bufr4/3/07/071/6/010051,07,Последовательности сводок приземных данных (суша),307071,Идентификация станции приземных наблюдений; время горизонтальные и вертикальные координаты (см. примечание 3),,010051,"Давление, приведенное к среднему уровню моря I.2 – Табл. D BUFR/07 — 11",(продолж.),,,Operational
bufr4/3/07/071/1/007004,07,Последовательности сводок приземных данных (суша),307071,Давление Стандартный уровень | Установ- лено на отсутству- ющее значение для станций в низмен- ной местности,,007004,Давление Стандартный уровень | Установлено на отсутствующее значение для станций в низменной местности,,,,Operational
bufr4/3/07/071/2/010009,07,Последовательности сводок приземных данных (суша),307071,Давление Стандартный уровень | Установ- лено на отсутству- ющее значение для станций в низмен- ной местности,,010009,Геопотенциальная высота Стандартный уровень | Установлено на отсутствующее значение для станций в низменной местности,,,,Operational
bufr4/3/07/071/3/007032,07,Последовательности сводок приземных данных (суша),307071,Давление Стандартный уровень | Установ- лено на отсутству- ющее значение для станций в низмен- ной местности,,007032,Высота датчика над местной площадкой (или палубой морской платформы) (см. примечание 4),,,,Operational
bufr4/3/07/071/4/012101,07,Последовательности сводок приземных данных (суша),307071,Давление Стандартный уровень | Установ- лено на отсутству- ющее значение для станций в низмен- ной местности,,012101,Температура/температура воздуха,,,,Operational
bufr4/3/07/071/5/002051,07,Последовательности сводок приземных данных (суша),307071,Давление Стандартный уровень | Установ- лено на отсутству- ющее значение для станций в низмен- ной местности,,002051,Указатель для определения метода наблюдения за экстремальными температурами,,,,Operational
bufr4/3/07/071/6/004051,07,Последовательности сводок приземных данных (суша),307071,Давление Стандартный уровень | Установ- лено на отсутству- ющее значение для станций в низмен- ной местности,,004051,Основной срок суточного считывания показателей максимальной температуры,,,,Operational
bufr4/3/07/071/7/012118,07,Последовательности сводок приземных данных (суша),307071,Давление Стандартный уровень | Установ- лено на отсутству- ющее значение для станций в низмен- ной местности,,012118,Максимальная температура на указанной высоте за последние 24 часа,,,,Operational
bufr4/3/07/071/8/004052,07,Последовательности сводок приземных данных (суша),307071,Давление Стандартный уровень | Установ- лено на отсутству- ющее значение для станций в низмен- ной местности,,004052,Основной срок суточного считывания показателей минимальной температуры,,,,Operational
bufr4/3/07/071/9/012119,07,Последовательности сводок приземных данных (суша),307071,Давление Стандартный уровень | Установ- лено на отсутству- ющее значение для станций в низмен- ной местности,,012119,Минимальная температура на указанной высоте за последние 24 часа,,,,Operational
bufr4/3/07/071/10/013004,07,Последовательности сводок приземных данных (суша),307071,Давление Стандартный уровень | Установ- лено на отсутству- ющее значение для станций в низмен- ной местности,,013004,Давление пара,,,,Operational
bufr4/3/07/071/11/008023,07,Последовательности сводок приземных данных (суша),307071,Давление Стандартный уровень | Установ- лено на отсутству- ющее значение для станций в низмен- ной местности,,008023,Статистические данные первого порядка Установлено на отсутствующее значение,,,,Operational
bufr4/3/07/071/12/012151,07,Последовательности сводок приземных данных (суша),307071,Давление Стандартный уровень | Установ- лено на отсутству- ющее значение для станций в низмен- ной местности,,012151,Стандартное отклонение среднесуточной температуры,,,,Operational
bufr4/3/07/071/13/007032,07,Последовательности сводок приземных данных (суша),307071,Давление Стандартный уровень | Установ- лено на отсутству- ющее значение для станций в низмен- ной местности,,007032,Высота датчика над местной площадкой (или палубой Установлено на морской платформы) отсутствующее значение,,,,Operational
bufr4/3/07/071/14/102005,07,Последовательности сводок приземных данных (суша),307071,Давление Стандартный уровень | Установ- лено на отсутству- ющее значение для станций в низмен- ной местности,,102005,Повторить 2 дескриптора 5 раз,,,,Operational
bufr4/3/07/071/15/008050,07,Последовательности сводок приземных данных (суша),307071,Давление Стандартный уровень | Установ- лено на отсутству- ющее значение для станций в низмен- ной местности,,008050,"Определитель для ряда отсутствующих значений при /см. колонку слева расчете статистических данных = 1 Давление, = 2 Температура, = 4 Давление пара, = 7 Максимальная температура, = 8 Минимальная температура",,,,Operational
bufr4/3/07/071/16/008020,07,Последовательности сводок приземных данных (суша),307071,Давление Стандартный уровень | Установ- лено на отсутству- ющее значение для станций в низмен- ной местности,,008020,Общее число отсутствующих величин (для суммы или Дни средней) Продолжительность солнечного сияния,,,,Operational
bufr4/3/07/071/17/014032,07,Последовательности сводок приземных данных (суша),307071,Давление Стандартный уровень | Установ- лено на отсутству- ющее значение для станций в низмен- ной местности,,014032,Общая продолжительность солнечного сияния,,,,Operational
bufr4/3/07/071/18/014033,07,Последовательности сводок приземных данных (суша),307071,Давление Стандартный уровень | Установ- лено на отсутству- ющее значение для станций в низмен- ной местности,,014033,Общая продолжительность солнечного сияния,,,,Operational
bufr4/3/07/071/19/008050,07,Последовательности сводок приземных данных (суша),307071,Давление Стандартный уровень | Установ- лено на отсутству- ющее значение для станций в низмен- ной местности,,008050,Определитель для ряда отсутствующих значений при = 6 Продолжительрасчете статистических данных ность солнечного сияния,,,,Operational
bufr4/3/07/071/20/008020,07,Последовательности сводок приземных данных (суша),307071,Давление Стандартный уровень | Установ- лено на отсутству- ющее значение для станций в низмен- ной местности,,008020,Общее число отсутствующих величин (для суммы или Дни средней) Количество дней с явлением,,,,Operational
bufr4/3/07/071/21/102018,07,Последовательности сводок приземных данных (суша),307071,Давление Стандартный уровень | Установ- лено на отсутству- ющее значение для станций в низмен- ной местности,,102018,Повторить 2 дескриптора 18 раз,,,,Operational
bufr4/3/07/071/22/008052,07,Последовательности сводок приземных данных (суша),307071,Давление Стандартный уровень | Установ- лено на отсутству- ющее значение для станций в низмен- ной местности,,008052,"Условие, для которого далее указывается число дней с явлением",,,,Operational
bufr4/3/07/071/23/008022,07,Последовательности сводок приземных данных (суша),307071,Давление Стандартный уровень | Установ- лено на отсутству- ющее значение для станций в низмен- ной местности,,008022,Общее число (для суммы или средней) Дни,(продолж.),,,Operational
bufr4/3/07/071/1/007032,07,Последовательности сводок приземных данных (суша),307071,Явление экстремальных значений температуры и скорости ветра,,007032,Высота датчика местной площадкой (или палубой морской платформы) (см. примечание 4),,,,Operational
bufr4/3/07/071/2/008053,07,Последовательности сводок приземных данных (суша),307071,Явление экстремальных значений температуры и скорости ветра,,008053,"Описатель дня с явлением = 0 Только 1 день, = 1 Два дня и более",,,,Operational
bufr4/3/07/071/3/004003,07,Последовательности сводок приземных данных (суша),307071,Явление экстремальных значений температуры и скорости ветра,,004003,День,,,,Operational
bufr4/3/07/071/4/012152,07,Последовательности сводок приземных данных (суша),307071,Явление экстремальных значений температуры и скорости ветра,,012152,Самая высокая среднесуточная температура,,,,Operational
bufr4/3/07/071/5/008053,07,Последовательности сводок приземных данных (суша),307071,Явление экстремальных значений температуры и скорости ветра,,008053,"Описатель дня с явлением = 0 Только 1 день, = 1 Два дня и более",,,,Operational
bufr4/3/07/071/6/004003,07,Последовательности сводок приземных данных (суша),307071,Явление экстремальных значений температуры и скорости ветра,,004003,День,,,,Operational
bufr4/3/07/071/7/012153,07,Последовательности сводок приземных данных (суша),307071,Явление экстремальных значений температуры и скорости ветра,,012153,Самая низкая среднесуточная температура,,,,Operational
bufr4/3/07/071/8/008053,07,Последовательности сводок приземных данных (суша),307071,Явление экстремальных значений температуры и скорости ветра,,008053,"Описатель дня с явлением = 0 Только 1 день, = 1 Два дня и более",,,,Operational
bufr4/3/07/071/9/004003,07,Последовательности сводок приземных данных (суша),307071,Явление экстремальных значений температуры и скорости ветра,,004003,День,,,,Operational
bufr4/3/07/071/10/008023,07,Последовательности сводок приземных данных (суша),307071,Явление экстремальных значений температуры и скорости ветра,,008023,Статистические данные первого порядка = 2 Максимальное значение,,,,Operational
bufr4/3/07/071/11/012101,07,Последовательности сводок приземных данных (суша),307071,Явление экстремальных значений температуры и скорости ветра,,012101,Температура/температура воздуха,,,,Operational
bufr4/3/07/071/12/008053,07,Последовательности сводок приземных данных (суша),307071,Явление экстремальных значений температуры и скорости ветра,,008053,"Описатель дня с явлением = 0 Только 1 день, = 1 Два дня и более",,,,Operational
bufr4/3/07/071/13/004003,07,Последовательности сводок приземных данных (суша),307071,Явление экстремальных значений температуры и скорости ветра,,004003,День,,,,Operational
bufr4/3/07/071/14/008023,07,Последовательности сводок приземных данных (суша),307071,Явление экстремальных значений температуры и скорости ветра,,008023,Статистические данные первого порядка = 3 Минимальное значение,,,,Operational
bufr4/3/07/071/15/012101,07,Последовательности сводок приземных данных (суша),307071,Явление экстремальных значений температуры и скорости ветра,,012101,Температура/температура воздуха,,,,Operational
bufr4/3/07/071/16/008023,07,Последовательности сводок приземных данных (суша),307071,Явление экстремальных значений температуры и скорости ветра,,008023,Статистические данные первого порядка Установлено на отсутствующее значение,,,,Operational
bufr4/3/07/071/17/007032,07,Последовательности сводок приземных данных (суша),307071,Явление экстремальных значений температуры и скорости ветра,,007032,Высота датчика над местной площадкой (или палубой морской платформы) (см. примечание 4),,,,Operational
bufr4/3/07/071/18/002002,07,Последовательности сводок приземных данных (суша),307071,Явление экстремальных значений температуры и скорости ветра,,002002,Тип приборного обеспечения для измерения ветра,,,,Operational
bufr4/3/07/071/19/008053,07,Последовательности сводок приземных данных (суша),307071,Явление экстремальных значений температуры и скорости ветра,,008053,"Описатель дня с явлением = 0 Только 1 день, = 1 Два дня и более",,,,Operational
bufr4/3/07/071/20/004003,07,Последовательности сводок приземных данных (суша),307071,Явление экстремальных значений температуры и скорости ветра,,004003,День,,,,Operational
bufr4/3/07/071/21/011046,07,Последовательности сводок приземных данных (суша),307071,Явление экстремальных значений температуры и скорости ветра,,011046,Максимальная мгновенная скорость ветра,,,,Operational
bufr4/3/07/071/22/008053,07,Последовательности сводок приземных данных (суша),307071,Явление экстремальных значений температуры и скорости ветра,,008053,Описатель дня с явлением Установлено на отсутствующее значение (отмена) Осадки,,,,Operational
bufr4/3/07/071/23/004003,07,Последовательности сводок приземных данных (суша),307071,Явление экстремальных значений температуры и скорости ветра,,004003,День (см. примечание 5) = 1,,,,Operational
bufr4/3/07/071/24/004004,07,Последовательности сводок приземных данных (суша),307071,Явление экстремальных значений температуры и скорости ветра,,004004,Час (см. примечание 5) = 6,,,,Operational
bufr4/3/07/071/25/004023,07,Последовательности сводок приземных данных (суша),307071,Явление экстремальных значений температуры и скорости ветра,,004023,Временнóй период или отклонение (см. Количество дней в примечание 5) месяце,,,,Operational
bufr4/3/07/071/26/007032,07,Последовательности сводок приземных данных (суша),307071,Явление экстремальных значений температуры и скорости ветра,,007032,Высота датчика над местной площадкой (или палубой морской платформы)(см. примечание 4),,,,Operational
bufr4/3/07/071/27/013060,07,Последовательности сводок приземных данных (суша),307071,Явление экстремальных значений температуры и скорости ветра,,013060,Общие суммарные осадки,,,,Operational
bufr4/3/07/071/28/013051,07,Последовательности сводок приземных данных (суша),307071,Явление экстремальных значений температуры и скорости ветра,,013051,"Группа повторяемости, осадки",,,,Operational
bufr4/3/07/071/29/004053,07,Последовательности сводок приземных данных (суша),307071,Явление экстремальных значений температуры и скорости ветра,,004053,"Число дней с осадками, равными или более 1 мм",,,,Operational
bufr4/3/07/071/30/008050,07,Последовательности сводок приземных данных (суша),307071,Явление экстремальных значений температуры и скорости ветра,,008050,Определитель для ряда отсутствующих значений при = 5 Осадки расчете статистических данных,,,,Operational
bufr4/3/07/071/31/008020,07,Последовательности сводок приземных данных (суша),307071,Явление экстремальных значений температуры и скорости ветра,,008020,Общее число отсутствующих величин (для суммы или Дни средней) Число дней с явлением,,,,Operational
bufr4/3/07/071/32/102006,07,Последовательности сводок приземных данных (суша),307071,Явление экстремальных значений температуры и скорости ветра,,102006,Повторить 2 дескриптора 6 раз,,,,Operational
bufr4/3/07/071/33/008052,07,Последовательности сводок приземных данных (суша),307071,Явление экстремальных значений температуры и скорости ветра,,008052,"Условие, для которого далее указывается число дней с явлением",,,,Operational
bufr4/3/07/071/34/008022,07,Последовательности сводок приземных данных (суша),307071,Явление экстремальных значений температуры и скорости ветра,,008022,Общее число (для суммы или среднего значения) Дни I.2 – Табл. D BUFR/07 — 13,(продолж.),,,Operational
bufr4/3/07/071/1/008053,07,Последовательности сводок приземных данных (суша),307071,Явление экстремальных осадков,,008053,"Описатель дня с явлением = 0 Только 1 день, = 1 Два дня и более",,,,Operational
bufr4/3/07/071/2/004003,07,Последовательности сводок приземных данных (суша),307071,Явление экстремальных осадков,,004003,День,,,,Operational
bufr4/3/07/071/3/013052,07,Последовательности сводок приземных данных (суша),307071,Явление экстремальных осадков,,013052,Самое высокое суточное количество осадков,,,,Operational
bufr4/3/07/071/4/007032,07,Последовательности сводок приземных данных (суша),307071,Явление экстремальных осадков,,007032,Высота датчика над местной площадкой (или палубой Установлено на морской платформы) отсутствующее значение (отмена) (Месячные нормы для наземной станции),,,,Operational
bufr4/3/07/072/1/004001,07,Последовательности сводок приземных данных (суша),307072,Год Начало периода отсчета,,004001,Год Начало периода отсчета,,,,Operational
bufr4/3/07/072/2/004001,07,Последовательности сводок приземных данных (суша),307072,Год Начало периода отсчета,,004001,Год Окончание периода отсчета,,,,Operational
bufr4/3/07/072/3/004002,07,Последовательности сводок приземных данных (суша),307072,Год Начало периода отсчета,,004002,Месяц,,,,Operational
bufr4/3/07/072/4/004003,07,Последовательности сводок приземных данных (суша),307072,Год Начало периода отсчета,,004003,День (см. примечание 3) = 1,,,,Operational
bufr4/3/07/072/5/004004,07,Последовательности сводок приземных данных (суша),307072,Год Начало периода отсчета,,004004,Час (см. примечание 3) = 0,,,,Operational
bufr4/3/07/072/6/004074,07,Последовательности сводок приземных данных (суша),307072,Год Начало периода отсчета,,004074,Кратковременный период или отклонение (см. = ВСВ – МВ примечание 3),,,,Operational
bufr4/3/07/072/7/004022,07,Последовательности сводок приземных данных (суша),307072,Год Начало периода отсчета,,004022,"Временной период или отклонение = 1 Нормы среднемесячных значений давления, температуры, давления пара и стандартного отклонения",,,,Operational
bufr4/3/07/072/8/008023,07,Последовательности сводок приземных данных (суша),307072,Год Начало периода отсчета,,008023,Статистические данные первого порядка = 4 Среднее значение,,,,Operational
bufr4/3/07/072/9/010004,07,Последовательности сводок приземных данных (суша),307072,Год Начало периода отсчета,,010004,Давление,,,,Operational
bufr4/3/07/072/10/010051,07,Последовательности сводок приземных данных (суша),307072,Год Начало периода отсчета,,010051,"Давление, приведенное к среднему уровню моря",,,,Operational
bufr4/3/07/072/11/007004,07,Последовательности сводок приземных данных (суша),307072,Год Начало периода отсчета,,007004,Давление Стандартный уровень,,,,Operational
bufr4/3/07/072/12/010009,07,Последовательности сводок приземных данных (суша),307072,Год Начало периода отсчета,,010009,Геопотенциальная высота Стандартный уровень,,,,Operational
bufr4/3/07/072/13/007032,07,Последовательности сводок приземных данных (суша),307072,Год Начало периода отсчета,,007032,Высота датчика над местной площадкой (или палубой морской платформы)(см. примечание 4),,,,Operational
bufr4/3/07/072/14/012101,07,Последовательности сводок приземных данных (суша),307072,Год Начало периода отсчета,,012101,Температура/температура воздуха,,,,Operational
bufr4/3/07/072/15/002051,07,Последовательности сводок приземных данных (суша),307072,Год Начало периода отсчета,,002051,Указатель для определения метода наблюдения за = 2 экстремаль ными температурами,,,,Operational
bufr4/3/07/072/16/004051,07,Последовательности сводок приземных данных (суша),307072,Год Начало периода отсчета,,004051,Основной срок суточного считывания показателей максимальной температуры,,,,Operational
bufr4/3/07/072/17/012118,07,Последовательности сводок приземных данных (суша),307072,Год Начало периода отсчета,,012118,Максимальная температура на указанной высоте за последние 24 часа,,,,Operational
bufr4/3/07/072/18/004052,07,Последовательности сводок приземных данных (суша),307072,Год Начало периода отсчета,,004052,Основной срок суточного считывания показателей минимальной температуры,,,,Operational
bufr4/3/07/072/19/012119,07,Последовательности сводок приземных данных (суша),307072,Год Начало периода отсчета,,012119,Минимальная температура на указанной высоте за последние 24 часа,,,,Operational
bufr4/3/07/072/20/013004,07,Последовательности сводок приземных данных (суша),307072,Год Начало периода отсчета,,013004,Давление пара,,,,Operational
bufr4/3/07/072/21/012151,07,Последовательности сводок приземных данных (суша),307072,Год Начало периода отсчета,,012151,Стандартное отклонение среднесуточной температуры,,,,Operational
bufr4/3/07/072/22/007032,07,Последовательности сводок приземных данных (суша),307072,Год Начало периода отсчета,,007032,Высота датчика над местной площадкой (или палубой Установлено на морской платформы) отсутствующее значение (отмена) Норма продолжительности солнечного сияния,,,,Operational
bufr4/3/07/072/23/014032,07,Последовательности сводок приземных данных (суша),307072,Год Начало периода отсчета,,014032,Общая продолжительность солнечного сияния,,,,Operational
bufr4/3/07/072/24/008023,07,Последовательности сводок приземных данных (суша),307072,Год Начало периода отсчета,,008023,Статистические данные первого порядка Установлено на отсутствующее значение,(продолж.),,,Operational
bufr4/3/07/072/1/004001,07,Последовательности сводок приземных данных (суша),307072,Нормы осадков,,004001,Год Начало периода отсчета,,,,Operational
bufr4/3/07/072/2/004001,07,Последовательности сводок приземных данных (суша),307072,Нормы осадков,,004001,Год Окончание периода отсчета,,,,Operational
bufr4/3/07/072/3/004002,07,Последовательности сводок приземных данных (суша),307072,Нормы осадков,,004002,Месяц,,,,Operational
bufr4/3/07/072/4/004003,07,Последовательности сводок приземных данных (суша),307072,Нормы осадков,,004003,День (см. примечание 5) = 1,,,,Operational
bufr4/3/07/072/5/004004,07,Последовательности сводок приземных данных (суша),307072,Нормы осадков,,004004,Час (см. примечание 5) = 6,,,,Operational
bufr4/3/07/072/6/004022,07,Последовательности сводок приземных данных (суша),307072,Нормы осадков,,004022,Временной период или отклонение = 1,,,,Operational
bufr4/3/07/072/7/007032,07,Последовательности сводок приземных данных (суша),307072,Нормы осадков,,007032,Высота датчика над местной площадкой (или палубой морской платформы) (см. примечание 4),,,,Operational
bufr4/3/07/072/8/008023,07,Последовательности сводок приземных данных (суша),307072,Нормы осадков,,008023,Статистические данные первого порядка = 4 Среднее значение,,,,Operational
bufr4/3/07/072/9/013060,07,Последовательности сводок приземных данных (суша),307072,Нормы осадков,,013060,Общие суммарные осадки,,,,Operational
bufr4/3/07/072/10/004053,07,Последовательности сводок приземных данных (суша),307072,Нормы осадков,,004053,"Количество дней с осадками, равными или более 1 мм",,,,Operational
bufr4/3/07/072/11/008023,07,Последовательности сводок приземных данных (суша),307072,Нормы осадков,,008023,Статистические данные первого порядка Установлено на отсутствующее значение,,,,Operational
bufr4/3/07/072/12/102008,07,Последовательности сводок приземных данных (суша),307072,Нормы осадков,,102008,Повторить 2 дескриптора 8 раз,,,,Operational
bufr4/3/07/072/13/008050,07,Последовательности сводок приземных данных (суша),307072,Нормы осадков,,008050,"Определитель для ряда отсутствующих значений при /см. колонку слева расчете статистических данных (см. примечание 6) = 1 Давление, = 2 Температура, = 3 Экстремальная температура, = 4 Давление пара, = 5 Осадки, = 6 Продолжительность солнечного сияния, = 7 Максимальная температура, = 8 Минимальная температура",,,,Operational
bufr4/3/07/072/14/008020,07,Последовательности сводок приземных данных (суша),307072,Нормы осадков,,008020,Общее число отсутствующих величин (для суммы или Годы средней)(см. примечание 6) (Представление данных CLIMAT за текущий месяц и по месячным нормам),,,,Operational
bufr4/3/07/073/1/307071,07,Последовательности сводок приземных данных (суша),307073,Месячные значения с наземной станции,,307071,Месячные значения с наземной станции,,,,Operational
bufr4/3/07/073/2/307072,07,Последовательности сводок приземных данных (суша),307073,Месячные значения с наземной станции,,307072,Месячные нормы для наземной станции (Дополнительные суточные значения температуры и осадков для ежемесячной климатической сводки),,,,Operational
bufr4/3/07/074/1/301001,07,Последовательности сводок приземных данных (суша),307074,Номера блока и станции ВМО,,301001,Номера блока и станции ВМО,,,,Operational
bufr4/3/07/074/2/004001,07,Последовательности сводок приземных данных (суша),307074,Номера блока и станции ВМО,,004001,Год,,,,Operational
bufr4/3/07/074/3/004002,07,Последовательности сводок приземных данных (суша),307074,Номера блока и станции ВМО,,004002,Месяц,,,,Operational
bufr4/3/07/074/4/301021,07,Последовательности сводок приземных данных (суша),307074,Номера блока и станции ВМО,,301021,Широта/долгота (высокая точность),,,,Operational
bufr4/3/07/074/5/007030,07,Последовательности сводок приземных данных (суша),307074,Номера блока и станции ВМО,,007030,Высота площадки станции над средним уровнем моря,,,,Operational
bufr4/3/07/074/6/007032,07,Последовательности сводок приземных данных (суша),307074,Номера блока и станции ВМО,,007032,Высота датчика над местной площадкой (или палубой морской платформы),,,,Operational
bufr4/3/07/074/7/112000,07,Последовательности сводок приземных данных (суша),307074,Номера блока и станции ВМО,,112000,Повторение с задержкой 12 дескрипторов,,,,Operational
bufr4/3/07/074/8/031001,07,Последовательности сводок приземных данных (суша),307074,Номера блока и станции ВМО,,031001,"Коэффициент повторения дескриптора с Указывается задержкой количество дней в конкретном месяце, за который сообщаются данные",,,,Operational
bufr4/3/07/074/9/004003,07,Последовательности сводок приземных данных (суша),307074,Номера блока и станции ВМО,,004003,День,,,,Operational
bufr4/3/07/074/10/004004,07,Последовательности сводок приземных данных (суша),307074,Номера блока и станции ВМО,,004004,Час I.2 – Табл. D BUFR/07 — 15,(продолж.),,,Operational
bufr4/3/07/074/1/004024,07,Последовательности сводок приземных данных (суша),307074,"Временной период или отклонение Обычно устанавливается на –24, чтобы обозначить период времени, начинающийся за 24 часа до указанного времени и завершающийся в указанное время",,004024,"Временной период или отклонение Обычно устанавливается на –24, чтобы обозначить период времени, начинающийся за 24 часа до указанного времени и завершающийся в указанное время",,,,Operational
bufr4/3/07/074/2/102003,07,Последовательности сводок приземных данных (суша),307074,"Временной период или отклонение Обычно устанавливается на –24, чтобы обозначить период времени, начинающийся за 24 часа до указанного времени и завершающийся в указанное время",,102003,Повторить 2 дескриптора 3 раза,,,,Operational
bufr4/3/07/074/3/008023,07,Последовательности сводок приземных данных (суша),307074,"Временной период или отклонение Обычно устанавливается на –24, чтобы обозначить период времени, начинающийся за 24 часа до указанного времени и завершающийся в указанное время",,008023,"/см. колонку Статистические данные первого порядка слева = 2 Суточная максимальная температура, = 3 Суточная минимальная температура, = 4 Среднесуточная температура",,,,Operational
bufr4/3/07/074/4/012101,07,Последовательности сводок приземных данных (суша),307074,"Временной период или отклонение Обычно устанавливается на –24, чтобы обозначить период времени, начинающийся за 24 часа до указанного времени и завершающийся в указанное время",,012101,Температура/температура воздуха,,,,Operational
bufr4/3/07/074/5/008023,07,Последовательности сводок приземных данных (суша),307074,"Временной период или отклонение Обычно устанавливается на –24, чтобы обозначить период времени, начинающийся за 24 часа до указанного времени и завершающийся в указанное время",,008023,Статистические данные первого порядка Установлено на отсутствующее значение (отмена),,,,Operational
bufr4/3/07/074/6/004004,07,Последовательности сводок приземных данных (суша),307074,"Временной период или отклонение Обычно устанавливается на –24, чтобы обозначить период времени, начинающийся за 24 часа до указанного времени и завершающийся в указанное время",,004004,Час,,,,Operational
bufr4/3/07/074/7/004024,07,Последовательности сводок приземных данных (суша),307074,"Временной период или отклонение Обычно устанавливается на –24, чтобы обозначить период времени, начинающийся за 24 часа до указанного времени и завершающийся в указанное время",,004024,Временной период или отклонение,,,,Operational
bufr4/3/07/074/8/013060,07,Последовательности сводок приземных данных (суша),307074,"Временной период или отклонение Обычно устанавливается на –24, чтобы обозначить период времени, начинающийся за 24 часа до указанного времени и завершающийся в указанное время",,013060,Общие суммарные осадки,,,,Operational
bufr4/3/07/074/9/013012,07,Последовательности сводок приземных данных (суша),307074,"Временной период или отклонение Обычно устанавливается на –24, чтобы обозначить период времени, начинающийся за 24 часа до указанного времени и завершающийся в указанное время",,013012,Высота свежевыпавшего снега,,,,Operational
bufr4/3/07/074/10/013013,07,Последовательности сводок приземных данных (суша),307074,"Временной период или отклонение Обычно устанавливается на –24, чтобы обозначить период времени, начинающийся за 24 часа до указанного времени и завершающийся в указанное время",,013013,Суммарная высота снежного покрова (Месячные значения с наземной станции в соответствии с региональной или национальной практикой сообщения данных),,,,Operational
bufr4/3/07/076/1/301090,07,Последовательности сводок приземных данных (суша),307076,"Идентификация станции приземных наблюдений; время, горизонтальные и вертикальные координаты",,301090,"Идентификация станции приземных наблюдений; время, горизонтальные и вертикальные координаты",,,,Operational
bufr4/3/07/076/2/004074,07,Последовательности сводок приземных данных (суша),307076,"Идентификация станции приземных наблюдений; время, горизонтальные и вертикальные координаты",,004074,Кратковременный период или отклонение,,,,Operational
bufr4/3/07/076/3/004023,07,Последовательности сводок приземных данных (суша),307076,"Идентификация станции приземных наблюдений; время, горизонтальные и вертикальные координаты",,004023,"Временной период или отклонение Число дней в месяце Среднемесячные значения давления, температуры, экстремальных температур и давления водяного пара",,,,Operational
bufr4/3/07/076/4/008023,07,Последовательности сводок приземных данных (суша),307076,"Идентификация станции приземных наблюдений; время, горизонтальные и вертикальные координаты",,008023,Статистические данные первого порядка = 4 среднее значение,,,,Operational
bufr4/3/07/076/5/010004,07,Последовательности сводок приземных данных (суша),307076,"Идентификация станции приземных наблюдений; время, горизонтальные и вертикальные координаты",,010004,Давление,,,,Operational
bufr4/3/07/076/6/010051,07,Последовательности сводок приземных данных (суша),307076,"Идентификация станции приземных наблюдений; время, горизонтальные и вертикальные координаты",,010051,"Давление, приведенное к среднему уровню моря",,,,Operational
bufr4/3/07/076/7/007004,07,Последовательности сводок приземных данных (суша),307076,"Идентификация станции приземных наблюдений; время, горизонтальные и вертикальные координаты",,007004,Давление Стандартный уровень | Установлено на отсутствующее значение для низкорасположенных станций,,,,Operational
bufr4/3/07/076/8/010009,07,Последовательности сводок приземных данных (суша),307076,"Идентификация станции приземных наблюдений; время, горизонтальные и вертикальные координаты",,010009,Геопотенциальная высота Стандартный уровень | Установлено на отсутствующее значение для низкорасположенных станций,,,,Operational
bufr4/3/07/076/9/007032,07,Последовательности сводок приземных данных (суша),307076,"Идентификация станции приземных наблюдений; время, горизонтальные и вертикальные координаты",,007032,Высота датчика над местной площадкой (или палубой морской платформы),,,,Operational
bufr4/3/07/076/10/012101,07,Последовательности сводок приземных данных (суша),307076,"Идентификация станции приземных наблюдений; время, горизонтальные и вертикальные координаты",,012101,Температура/температура воздуха,(продолж.),,,Operational
bufr4/3/07/076/1/002051,07,Последовательности сводок приземных данных (суша),307076,Указатель для определения метода наблюдения за экстремальными температурами,,002051,Указатель для определения метода наблюдения за экстремальными температурами,,,,Operational
bufr4/3/07/076/2/004051,07,Последовательности сводок приземных данных (суша),307076,Указатель для определения метода наблюдения за экстремальными температурами,,004051,Основной срок суточного считывания показателей максимальной температуры,,,,Operational
bufr4/3/07/076/3/012118,07,Последовательности сводок приземных данных (суша),307076,Указатель для определения метода наблюдения за экстремальными температурами,,012118,Максимальная температура на указанной высоте за последние 24 ч,,,,Operational
bufr4/3/07/076/4/004052,07,Последовательности сводок приземных данных (суша),307076,Указатель для определения метода наблюдения за экстремальными температурами,,004052,Основной срок суточного считывания показателей минимальной температуры,,,,Operational
bufr4/3/07/076/5/012119,07,Последовательности сводок приземных данных (суша),307076,Указатель для определения метода наблюдения за экстремальными температурами,,012119,Минимальная температура на указанной высоте за последние 24 ч,,,,Operational
bufr4/3/07/076/6/013004,07,Последовательности сводок приземных данных (суша),307076,Указатель для определения метода наблюдения за экстремальными температурами,,013004,Давление водяного пара,,,,Operational
bufr4/3/07/076/7/008023,07,Последовательности сводок приземных данных (суша),307076,Указатель для определения метода наблюдения за экстремальными температурами,,008023,Статистические данные первого порядка Установлено на отсутствующее значение (отменить),,,,Operational
bufr4/3/07/076/8/012151,07,Последовательности сводок приземных данных (суша),307076,Указатель для определения метода наблюдения за экстремальными температурами,,012151,Стандартное отклонение среднесуточной температуры,,,,Operational
bufr4/3/07/076/9/007032,07,Последовательности сводок приземных данных (суша),307076,Указатель для определения метода наблюдения за экстремальными температурами,,007032,"Высота датчика над местной площадкой (или палубой Установлено на морской платформы) отсутствующее значение (отменить) Количество дней, по которым отсутствуют значения",,,,Operational
bufr4/3/07/076/10/102005,07,Последовательности сводок приземных данных (суша),307076,Указатель для определения метода наблюдения за экстремальными температурами,,102005,Повторить 2 дескриптора 5 раз,,,,Operational
bufr4/3/07/076/11/008050,07,Последовательности сводок приземных данных (суша),307076,Указатель для определения метода наблюдения за экстремальными температурами,,008050,"Определитель для ряда отсутствующих значений при /см. колонку расчете статистических данных слева = 1 Давление, = 2 Темпера­тура, = 4 Давление водяного пара, = 7 Максималь­ная температура, = 8 Минималь­ная температура",,,,Operational
bufr4/3/07/076/12/008020,07,Последовательности сводок приземных данных (суша),307076,Указатель для определения метода наблюдения за экстремальными температурами,,008020,Общее число отсутствующих величин (для суммы или Дни средней) Продолжительность солнечного сияния,,,,Operational
bufr4/3/07/076/13/014032,07,Последовательности сводок приземных данных (суша),307076,Указатель для определения метода наблюдения за экстремальными температурами,,014032,Общая продолжительность солнечного сияния,,,,Operational
bufr4/3/07/076/14/014033,07,Последовательности сводок приземных данных (суша),307076,Указатель для определения метода наблюдения за экстремальными температурами,,014033,Общая продолжительность солнечного сияния,,,,Operational
bufr4/3/07/076/15/008050,07,Последовательности сводок приземных данных (суша),307076,Указатель для определения метода наблюдения за экстремальными температурами,,008050,Определитель для ряда отсутствующих значений при = 6 Продолжительрасчете статистических данных ность солнечного сияния,,,,Operational
bufr4/3/07/076/16/008020,07,Последовательности сводок приземных данных (суша),307076,Указатель для определения метода наблюдения за экстремальными температурами,,008020,Общее число отсутствующих величин (для суммы или Дни средней) Число дней с явлением,,,,Operational
bufr4/3/07/076/17/102018,07,Последовательности сводок приземных данных (суша),307076,Указатель для определения метода наблюдения за экстремальными температурами,,102018,Повторить 2 дескриптора 18 раз,,,,Operational
bufr4/3/07/076/18/008052,07,Последовательности сводок приземных данных (суша),307076,Указатель для определения метода наблюдения за экстремальными температурами,,008052,"Условие, для которого далее указывается число дней /см. колонку слева с явлением Ветер ≥ 10 м/с, ветер ≥ 20 м/с, ветер ≥ 30 м/с, максимальная температура < 273,15 K, максимальная температура ≥ 298,15 K, максимальная температура ≥ 303,15 K, максимальная температура ≥ 308,15 K, максимальная температура ≥ 313,15 K, минимальная температура < 273,15 K, sss > 0,00 м, sss > 0,01 м, sss > 0,10 м, sss > 0,50 м, горизонтальная видимость < 50 м, горизонтальная видимость < 100 м, горизонтальная видимость < 1 000 м, град, гроза",,,,Operational
bufr4/3/07/076/19/008022,07,Последовательности сводок приземных данных (суша),307076,Указатель для определения метода наблюдения за экстремальными температурами,,008022,Общее число (для суммы или средней) Дни I.2 – Табл. D BUFR/07 — 17,(продолж.),,,Operational
bufr4/3/07/076/1/007032,07,Последовательности сводок приземных данных (суша),307076,Явление экстремальных значений температуры и скорости ветра,,007032,Высота датчика над местной площадкой (или палубой морской платформы),,,,Operational
bufr4/3/07/076/2/008053,07,Последовательности сводок приземных данных (суша),307076,Явление экстремальных значений температуры и скорости ветра,,008053,"Описатель дня с явлением = 0 Значение, отмечавшееся только 1 день, = 1 Значение, отмечавшееся 2 дня или более",,,,Operational
bufr4/3/07/076/3/004003,07,Последовательности сводок приземных данных (суша),307076,Явление экстремальных значений температуры и скорости ветра,,004003,День,,,,Operational
bufr4/3/07/076/4/012152,07,Последовательности сводок приземных данных (суша),307076,Явление экстремальных значений температуры и скорости ветра,,012152,Самая высокая среднесуточная температура,,,,Operational
bufr4/3/07/076/5/008053,07,Последовательности сводок приземных данных (суша),307076,Явление экстремальных значений температуры и скорости ветра,,008053,"Описатель дня с явлением = 0 Значение, отмечавшееся только 1 день, = 1 Значение, отмечавшееся 2 дня или более",,,,Operational
bufr4/3/07/076/6/004003,07,Последовательности сводок приземных данных (суша),307076,Явление экстремальных значений температуры и скорости ветра,,004003,День,,,,Operational
bufr4/3/07/076/7/012153,07,Последовательности сводок приземных данных (суша),307076,Явление экстремальных значений температуры и скорости ветра,,012153,Самая низкая среднесуточная температура,,,,Operational
bufr4/3/07/076/8/008053,07,Последовательности сводок приземных данных (суша),307076,Явление экстремальных значений температуры и скорости ветра,,008053,"Описатель дня с явлением = 0 Значение, отмечавшееся только 1 день, = 1 Значение, отмечавшееся 2 дня или более",,,,Operational
bufr4/3/07/076/9/004003,07,Последовательности сводок приземных данных (суша),307076,Явление экстремальных значений температуры и скорости ветра,,004003,День,,,,Operational
bufr4/3/07/076/10/008023,07,Последовательности сводок приземных данных (суша),307076,Явление экстремальных значений температуры и скорости ветра,,008023,Статистические данные первого порядка = 2 Максимальная величина,,,,Operational
bufr4/3/07/076/11/012101,07,Последовательности сводок приземных данных (суша),307076,Явление экстремальных значений температуры и скорости ветра,,012101,Температура/температура воздуха,,,,Operational
bufr4/3/07/076/12/008053,07,Последовательности сводок приземных данных (суша),307076,Явление экстремальных значений температуры и скорости ветра,,008053,"Описатель дня с явлением = 0 Значение, отмечавшееся только 1 день, = 1 Значение, отмечавшееся 2 дня или более",,,,Operational
bufr4/3/07/076/13/004003,07,Последовательности сводок приземных данных (суша),307076,Явление экстремальных значений температуры и скорости ветра,,004003,День,,,,Operational
bufr4/3/07/076/14/008023,07,Последовательности сводок приземных данных (суша),307076,Явление экстремальных значений температуры и скорости ветра,,008023,Статистические данные первого порядка = 3 Минимальная величина,,,,Operational
bufr4/3/07/076/15/012101,07,Последовательности сводок приземных данных (суша),307076,Явление экстремальных значений температуры и скорости ветра,,012101,Температура/температура воздуха,,,,Operational
bufr4/3/07/076/16/008023,07,Последовательности сводок приземных данных (суша),307076,Явление экстремальных значений температуры и скорости ветра,,008023,Статистические данные первого порядка Установлено на отсутствующее значение (отменить),,,,Operational
bufr4/3/07/076/17/007032,07,Последовательности сводок приземных данных (суша),307076,Явление экстремальных значений температуры и скорости ветра,,007032,Высота датчика над местной площадкой (или палубой морской платформы),,,,Operational
bufr4/3/07/076/18/002002,07,Последовательности сводок приземных данных (суша),307076,Явление экстремальных значений температуры и скорости ветра,,002002,Тип приборов для измерения ветра,,,,Operational
bufr4/3/07/076/19/008053,07,Последовательности сводок приземных данных (суша),307076,Явление экстремальных значений температуры и скорости ветра,,008053,"Описатель дня с явлением = 0 Значение, отмечавшееся только 1 день, = 1 Значение, отмечавшееся 2 дня или более",,,,Operational
bufr4/3/07/076/20/004003,07,Последовательности сводок приземных данных (суша),307076,Явление экстремальных значений температуры и скорости ветра,,004003,День,,,,Operational
bufr4/3/07/076/21/011046,07,Последовательности сводок приземных данных (суша),307076,Явление экстремальных значений температуры и скорости ветра,,011046,Максимальная мгновенная скорость ветра,(продолж.),,,Operational
bufr4/3/07/076/1/008053,07,Последовательности сводок приземных данных (суша),307076,Описатель дня с явлением Установлено на отсутствующее значение (отменить) Осадки,,008053,Описатель дня с явлением Установлено на отсутствующее значение (отменить) Осадки,,,,Operational
bufr4/3/07/076/2/004003,07,Последовательности сводок приземных данных (суша),307076,Описатель дня с явлением Установлено на отсутствующее значение (отменить) Осадки,,004003,День = 1,,,,Operational
bufr4/3/07/076/3/004004,07,Последовательности сводок приземных данных (суша),307076,Описатель дня с явлением Установлено на отсутствующее значение (отменить) Осадки,,004004,Час = 0,,,,Operational
bufr4/3/07/076/4/004074,07,Последовательности сводок приземных данных (суша),307076,Описатель дня с явлением Установлено на отсутствующее значение (отменить) Осадки,,004074,Кратковременный период или отклонение,,,,Operational
bufr4/3/07/076/5/004023,07,Последовательности сводок приземных данных (суша),307076,Описатель дня с явлением Установлено на отсутствующее значение (отменить) Осадки,,004023,Временной период или отклонение Число дней в месяце,,,,Operational
bufr4/3/07/076/6/007032,07,Последовательности сводок приземных данных (суша),307076,Описатель дня с явлением Установлено на отсутствующее значение (отменить) Осадки,,007032,Высота датчика над местной площадкой (или палубой морской платформы),,,,Operational
bufr4/3/07/076/7/013060,07,Последовательности сводок приземных данных (суша),307076,Описатель дня с явлением Установлено на отсутствующее значение (отменить) Осадки,,013060,Общая сумма осадков,,,,Operational
bufr4/3/07/076/8/013051,07,Последовательности сводок приземных данных (суша),307076,Описатель дня с явлением Установлено на отсутствующее значение (отменить) Осадки,,013051,"Группа повторяемости, осадки",,,,Operational
bufr4/3/07/076/9/004053,07,Последовательности сводок приземных данных (суша),307076,Описатель дня с явлением Установлено на отсутствующее значение (отменить) Осадки,,004053,"Число дней с осадками, равными или более 1 мм",,,,Operational
bufr4/3/07/076/10/008050,07,Последовательности сводок приземных данных (суша),307076,Описатель дня с явлением Установлено на отсутствующее значение (отменить) Осадки,,008050,Определитель для ряда отсутствующих значений при = 5 Осадки расчете статистических данных,,,,Operational
bufr4/3/07/076/11/008020,07,Последовательности сводок приземных данных (суша),307076,Описатель дня с явлением Установлено на отсутствующее значение (отменить) Осадки,,008020,Общее число отсутствующих величин (для суммы или Дни средней) Число дней с явлением,,,,Operational
bufr4/3/07/076/12/102006,07,Последовательности сводок приземных данных (суша),307076,Описатель дня с явлением Установлено на отсутствующее значение (отменить) Осадки,,102006,Повторить 2 дескриптора 6 раз,,,,Operational
bufr4/3/07/076/13/008052,07,Последовательности сводок приземных данных (суша),307076,Описатель дня с явлением Установлено на отсутствующее значение (отменить) Осадки,,008052,"Условие, для которого далее указывается число дней с явлением",,,,Operational
bufr4/3/07/076/14/008022,07,Последовательности сводок приземных данных (суша),307076,Описатель дня с явлением Установлено на отсутствующее значение (отменить) Осадки,,008022,Общее число (для суммы или средней) Дни Явление экстремальных осадков,,,,Operational
bufr4/3/07/076/15/008053,07,Последовательности сводок приземных данных (суша),307076,Описатель дня с явлением Установлено на отсутствующее значение (отменить) Осадки,,008053,"Описатель дня с явлением = 0 Значение, отмечавшееся только 1 день, = 1 Значение, отмечавшееся 2 дня или более",,,,Operational
bufr4/3/07/076/16/004003,07,Последовательности сводок приземных данных (суша),307076,Описатель дня с явлением Установлено на отсутствующее значение (отменить) Осадки,,004003,День,,,,Operational
bufr4/3/07/076/17/013052,07,Последовательности сводок приземных данных (суша),307076,Описатель дня с явлением Установлено на отсутствующее значение (отменить) Осадки,,013052,Самое высокое суточное количество осадков,,,,Operational
bufr4/3/07/076/18/007032,07,Последовательности сводок приземных данных (суша),307076,Описатель дня с явлением Установлено на отсутствующее значение (отменить) Осадки,,007032,Высота датчика над местной площадкой (или палубой Установлено на морской платформы) отсутствующее значение (отменить) (Месячные нормы для наземной станции в соответствии с региональной или национальной практикой сообщения данных),,,,Operational
bufr4/3/07/077/1/004001,07,Последовательности сводок приземных данных (суша),307077,Год Начало периода отсчета,,004001,Год Начало периода отсчета,,,,Operational
bufr4/3/07/077/2/004001,07,Последовательности сводок приземных данных (суша),307077,Год Начало периода отсчета,,004001,Год Окончание периода отсчета,,,,Operational
bufr4/3/07/077/3/004002,07,Последовательности сводок приземных данных (суша),307077,Год Начало периода отсчета,,004002,Месяц,,,,Operational
bufr4/3/07/077/4/004003,07,Последовательности сводок приземных данных (суша),307077,Год Начало периода отсчета,,004003,День = 1,,,,Operational
bufr4/3/07/077/5/004004,07,Последовательности сводок приземных данных (суша),307077,Год Начало периода отсчета,,004004,Час = 0,,,,Operational
bufr4/3/07/077/6/004074,07,Последовательности сводок приземных данных (суша),307077,Год Начало периода отсчета,,004074,Кратковременный период или отклонение,,,,Operational
bufr4/3/07/077/7/004022,07,Последовательности сводок приземных данных (суша),307077,Год Начало периода отсчета,,004022,Временной период или отклонение = 1,,,,Operational
bufr4/3/07/077/8/008023,07,Последовательности сводок приземных данных (суша),307077,Год Начало периода отсчета,,008023,Статистические данные первого порядка = 4 Среднее значение,,,,Operational
bufr4/3/07/077/9/010004,07,Последовательности сводок приземных данных (суша),307077,Год Начало периода отсчета,,010004,Давление,,,,Operational
bufr4/3/07/077/10/010051,07,Последовательности сводок приземных данных (суша),307077,Год Начало периода отсчета,,010051,"Давление, приведенное к среднему уровню моря",,,,Operational
bufr4/3/07/077/11/007004,07,Последовательности сводок приземных данных (суша),307077,Год Начало периода отсчета,,007004,Давление Стандартный уровень I.2 – Табл. D BUFR/07 — 19,(продолж.),,,Operational
bufr4/3/07/077/1/010009,07,Последовательности сводок приземных данных (суша),307077,Геопотенциальная высота Стандартный уровень,,010009,Геопотенциальная высота Стандартный уровень,,,,Operational
bufr4/3/07/077/2/007032,07,Последовательности сводок приземных данных (суша),307077,Геопотенциальная высота Стандартный уровень,,007032,Высота датчика над местной площадкой (или палубой морской платформы),,,,Operational
bufr4/3/07/077/3/012101,07,Последовательности сводок приземных данных (суша),307077,Геопотенциальная высота Стандартный уровень,,012101,Температура/температура воздуха,,,,Operational
bufr4/3/07/077/4/002051,07,Последовательности сводок приземных данных (суша),307077,Геопотенциальная высота Стандартный уровень,,002051,Указатель для определения метода наблюдения за экстремальными температурами,,,,Operational
bufr4/3/07/077/5/004051,07,Последовательности сводок приземных данных (суша),307077,Геопотенциальная высота Стандартный уровень,,004051,Основной срок суточного считывания показателей максимальной температуры,,,,Operational
bufr4/3/07/077/6/012118,07,Последовательности сводок приземных данных (суша),307077,Геопотенциальная высота Стандартный уровень,,012118,Максимальная температура на указанной высоте за последние 24 часа,,,,Operational
bufr4/3/07/077/7/004052,07,Последовательности сводок приземных данных (суша),307077,Геопотенциальная высота Стандартный уровень,,004052,Основной срок суточного считывания показателей минимальной температуры,,,,Operational
bufr4/3/07/077/8/012119,07,Последовательности сводок приземных данных (суша),307077,Геопотенциальная высота Стандартный уровень,,012119,Минимальная температура на указанной высоте за последние 24 часа,,,,Operational
bufr4/3/07/077/9/013004,07,Последовательности сводок приземных данных (суша),307077,Геопотенциальная высота Стандартный уровень,,013004,Давление водяного пара,,,,Operational
bufr4/3/07/077/10/012151,07,Последовательности сводок приземных данных (суша),307077,Геопотенциальная высота Стандартный уровень,,012151,Стандартное отклонение среднесуточной температуры,,,,Operational
bufr4/3/07/077/11/007032,07,Последовательности сводок приземных данных (суша),307077,Геопотенциальная высота Стандартный уровень,,007032,Высота датчика над местной площадкой (или палубой Установлено на морской платформы) отсутствующее значение (отменить),,,,Operational
bufr4/3/07/077/12/014032,07,Последовательности сводок приземных данных (суша),307077,Геопотенциальная высота Стандартный уровень,,014032,Общая продолжительность солнечного сияния,,,,Operational
bufr4/3/07/077/13/008023,07,Последовательности сводок приземных данных (суша),307077,Геопотенциальная высота Стандартный уровень,,008023,Статистические данные первого порядка Установлено на отсутствующее значение (отменить) Нормы осадков,,,,Operational
bufr4/3/07/077/14/004001,07,Последовательности сводок приземных данных (суша),307077,Геопотенциальная высота Стандартный уровень,,004001,Год Начало периода отсчета,,,,Operational
bufr4/3/07/077/15/004001,07,Последовательности сводок приземных данных (суша),307077,Геопотенциальная высота Стандартный уровень,,004001,Год Окончание периода отсчета,,,,Operational
bufr4/3/07/077/16/004002,07,Последовательности сводок приземных данных (суша),307077,Геопотенциальная высота Стандартный уровень,,004002,Месяц,,,,Operational
bufr4/3/07/077/17/004003,07,Последовательности сводок приземных данных (суша),307077,Геопотенциальная высота Стандартный уровень,,004003,День = 1,,,,Operational
bufr4/3/07/077/18/004004,07,Последовательности сводок приземных данных (суша),307077,Геопотенциальная высота Стандартный уровень,,004004,Час = 0,,,,Operational
bufr4/3/07/077/19/004074,07,Последовательности сводок приземных данных (суша),307077,Геопотенциальная высота Стандартный уровень,,004074,Кратковременный период или отклонение,,,,Operational
bufr4/3/07/077/20/004022,07,Последовательности сводок приземных данных (суша),307077,Геопотенциальная высота Стандартный уровень,,004022,Временной период или отклонение = 1,,,,Operational
bufr4/3/07/077/21/007032,07,Последовательности сводок приземных данных (суша),307077,Геопотенциальная высота Стандартный уровень,,007032,Высота датчика над местной площадкой (или палубой морской платформы),,,,Operational
bufr4/3/07/077/22/008023,07,Последовательности сводок приземных данных (суша),307077,Геопотенциальная высота Стандартный уровень,,008023,Статистические данные первого порядка = 4 Среднее значение,,,,Operational
bufr4/3/07/077/23/013060,07,Последовательности сводок приземных данных (суша),307077,Геопотенциальная высота Стандартный уровень,,013060,Общая сумма осадков,,,,Operational
bufr4/3/07/077/24/004053,07,Последовательности сводок приземных данных (суша),307077,Геопотенциальная высота Стандартный уровень,,004053,"Число дней с осадками, равными или более 1 мм",,,,Operational
bufr4/3/07/077/25/008023,07,Последовательности сводок приземных данных (суша),307077,Геопотенциальная высота Стандартный уровень,,008023,Статистические данные первого порядка Установлено на отсутствующее значение (отменить),,,,Operational
bufr4/3/07/077/26/102008,07,Последовательности сводок приземных данных (суша),307077,Геопотенциальная высота Стандартный уровень,,102008,Повторить 2 дескриптора 8 раз,,,,Operational
bufr4/3/07/077/27/008050,07,Последовательности сводок приземных данных (суша),307077,Геопотенциальная высота Стандартный уровень,,008050,"/см. колонку слева Определитель для ряда отсутствующих значений при расчете статистических данных Давление, температура, экстремальные температуры, давление водяного пара, осадки, продолжительность солнечного сияния, максималь­ ная температура, минимальная температура",,,,Operational
bufr4/3/07/077/28/008020,07,Последовательности сводок приземных данных (суша),307077,Геопотенциальная высота Стандартный уровень,,008020,Общее число отсутствующих величин (для суммы или Годы средней),(продолж.),,,Operational
bufr4/3/07/078/1/307076,07,Последовательности сводок приземных данных (суша),307078,Месячные значения с наземной станции в соответствии с региональной или национальной практикой сообщения данных,,307076,Месячные значения с наземной станции в соответствии с региональной или национальной практикой сообщения данных,,,,Operational
bufr4/3/07/078/2/307077,07,Последовательности сводок приземных данных (суша),307078,Месячные значения с наземной станции в соответствии с региональной или национальной практикой сообщения данных,,307077,"Месячные нормы наземной станции в соответствии с региональной или национальной практикой сообщения данных (Последовательность для представления синоптических сводок с фиксированных наземных станций, пригодная для данных SYNOP и для морских данных с береговых станций)",,,,Operational
bufr4/3/07/079/1/301090,07,Последовательности сводок приземных данных (суша),307079,"Идентификация станции приземных наблюдений: время, горизонтальные и вертикальные координаты",,301090,"Идентификация станции приземных наблюдений: время, горизонтальные и вертикальные координаты",,,,Operational
bufr4/3/07/079/2/302031,07,Последовательности сводок приземных данных (суша),307079,"Идентификация станции приземных наблюдений: время, горизонтальные и вертикальные координаты",,302031,Информация о давлении,,,,Operational
bufr4/3/07/079/3/302035,07,Последовательности сводок приземных данных (суша),307079,"Идентификация станции приземных наблюдений: время, горизонтальные и вертикальные координаты",,302035,Основные синоптические «мгновенные» данные,,,,Operational
bufr4/3/07/079/4/302036,07,Последовательности сводок приземных данных (суша),307079,"Идентификация станции приземных наблюдений: время, горизонтальные и вертикальные координаты",,302036,Облака с нижней границей ниже уровня станции,,,,Operational
bufr4/3/07/079/5/101000,07,Последовательности сводок приземных данных (суша),307079,"Идентификация станции приземных наблюдений: время, горизонтальные и вертикальные координаты",,101000,Повторение с задержкой 1 дескриптора,,,,Operational
bufr4/3/07/079/6/031000,07,Последовательности сводок приземных данных (суша),307079,"Идентификация станции приземных наблюдений: время, горизонтальные и вертикальные координаты",,031000,Коэффициент повторения короткого дескриптора с задержкой,,,,Operational
bufr4/3/07/079/7/302047,07,Последовательности сводок приземных данных (суша),307079,"Идентификация станции приземных наблюдений: время, горизонтальные и вертикальные координаты",,302047,Направление движения облаков,,,,Operational
bufr4/3/07/079/8/008002,07,Последовательности сводок приземных данных (суша),307079,"Идентификация станции приземных наблюдений: время, горизонтальные и вертикальные координаты",,008002,Вертикальная значимость (приземные наблюдения),,,,Operational
bufr4/3/07/079/9/101000,07,Последовательности сводок приземных данных (суша),307079,"Идентификация станции приземных наблюдений: время, горизонтальные и вертикальные координаты",,101000,Повторение с задержкой 1 дескриптора,,,,Operational
bufr4/3/07/079/10/031000,07,Последовательности сводок приземных данных (суша),307079,"Идентификация станции приземных наблюдений: время, горизонтальные и вертикальные координаты",,031000,Коэффициент повторения короткого дескриптора с задержкой,,,,Operational
bufr4/3/07/079/11/302048,07,Последовательности сводок приземных данных (суша),307079,"Идентификация станции приземных наблюдений: время, горизонтальные и вертикальные координаты",,302048,Направление движения и возвышение облаков,,,,Operational
bufr4/3/07/079/12/302037,07,Последовательности сводок приземных данных (суша),307079,"Идентификация станции приземных наблюдений: время, горизонтальные и вертикальные координаты",,302037,"Состояние поверхности земли, высота снежного покрова, минимальная температура на  поверхности земли",,,,Operational
bufr4/3/07/079/13/102000,07,Последовательности сводок приземных данных (суша),307079,"Идентификация станции приземных наблюдений: время, горизонтальные и вертикальные координаты",,102000,Повторение с задержкой 2 дескрипторов,,,,Operational
bufr4/3/07/079/14/031000,07,Последовательности сводок приземных данных (суша),307079,"Идентификация станции приземных наблюдений: время, горизонтальные и вертикальные координаты",,031000,Коэффициент повторения короткого дескриптора с задержкой,,,,Operational
bufr4/3/07/079/15/022061,07,Последовательности сводок приземных данных (суша),307079,"Идентификация станции приземных наблюдений: время, горизонтальные и вертикальные координаты",,022061,Состояние моря,,,,Operational
bufr4/3/07/079/16/020058,07,Последовательности сводок приземных данных (суша),307079,"Идентификация станции приземных наблюдений: время, горизонтальные и вертикальные координаты",,020058,Видимость в направлении моря от береговой станции,,,,Operational
bufr4/3/07/079/17/101000,07,Последовательности сводок приземных данных (суша),307079,"Идентификация станции приземных наблюдений: время, горизонтальные и вертикальные координаты",,101000,Повторение с задержкой 1 дескриптора,,,,Operational
bufr4/3/07/079/18/031000,07,Последовательности сводок приземных данных (суша),307079,"Идентификация станции приземных наблюдений: время, горизонтальные и вертикальные координаты",,031000,Коэффициент повторения короткого дескриптора с задержкой,,,,Operational
bufr4/3/07/079/19/302056,07,Последовательности сводок приземных данных (суша),307079,"Идентификация станции приземных наблюдений: время, горизонтальные и вертикальные координаты",,302056,"Температура моря/воды Температура поверхности моря/ воды, метод измерения, глубина от поверхности моря",,,,Operational
bufr4/3/07/079/20/101000,07,Последовательности сводок приземных данных (суша),307079,"Идентификация станции приземных наблюдений: время, горизонтальные и вертикальные координаты",,101000,Повторение с задержкой 1 дескриптора,,,,Operational
bufr4/3/07/079/21/031000,07,Последовательности сводок приземных данных (суша),307079,"Идентификация станции приземных наблюдений: время, горизонтальные и вертикальные координаты",,031000,Коэффициент повторения короткого дескриптора с задержкой,,,,Operational
bufr4/3/07/079/22/302055,07,Последовательности сводок приземных данных (суша),307079,"Идентификация станции приземных наблюдений: время, горизонтальные и вертикальные координаты",,302055,Обледенение и лед,,,,Operational
bufr4/3/07/079/23/302043,07,Последовательности сводок приземных данных (суша),307079,"Идентификация станции приземных наблюдений: время, горизонтальные и вертикальные координаты",,302043,Основные синоптические данные «за период»,,,,Operational
bufr4/3/07/079/24/302044,07,Последовательности сводок приземных данных (суша),307079,"Идентификация станции приземных наблюдений: время, горизонтальные и вертикальные координаты",,302044,Данные об испарении,,,,Operational
bufr4/3/07/079/25/101000,07,Последовательности сводок приземных данных (суша),307079,"Идентификация станции приземных наблюдений: время, горизонтальные и вертикальные координаты",,101000,Повторение с задержкой 1 дескриптора,,,,Operational
bufr4/3/07/079/26/031001,07,Последовательности сводок приземных данных (суша),307079,"Идентификация станции приземных наблюдений: время, горизонтальные и вертикальные координаты",,031001,Коэффициент повторения дескриптора с задержкой,,,,Operational
bufr4/3/07/079/27/302045,07,Последовательности сводок приземных данных (суша),307079,"Идентификация станции приземных наблюдений: время, горизонтальные и вертикальные координаты",,302045,Данные о радиации (за 1 час и 24-часовой период),,,,Operational
bufr4/3/07/079/28/101000,07,Последовательности сводок приземных данных (суша),307079,"Идентификация станции приземных наблюдений: время, горизонтальные и вертикальные координаты",,101000,Повторение с задержкой 1 дескриптора,,,,Operational
bufr4/3/07/079/29/031000,07,Последовательности сводок приземных данных (суша),307079,"Идентификация станции приземных наблюдений: время, горизонтальные и вертикальные координаты",,031000,Коэффициент повторения короткого дескриптора с задержкой,,,,Operational
bufr4/3/07/079/30/302046,07,Последовательности сводок приземных данных (суша),307079,"Идентификация станции приземных наблюдений: время, горизонтальные и вертикальные координаты",,302046,Изменение температуры I.2 – Табл. D BUFR/07 — 21,(продолж.),,,Operational
bufr4/3/07/080/1/301090,07,Последовательности сводок приземных данных (суша),307080,"Идентификация станции приземных наблюдений; время, горизонтальные и вертикальные координаты",,301090,"Идентификация станции приземных наблюдений; время, горизонтальные и вертикальные координаты",,,,Operational
bufr4/3/07/080/2/302031,07,Последовательности сводок приземных данных (суша),307080,"Идентификация станции приземных наблюдений; время, горизонтальные и вертикальные координаты",,302031,Информация о давлении,,,,Operational
bufr4/3/07/080/3/302035,07,Последовательности сводок приземных данных (суша),307080,"Идентификация станции приземных наблюдений; время, горизонтальные и вертикальные координаты",,302035,Основные синоптические «мгновенные» данные,,,,Operational
bufr4/3/07/080/4/302036,07,Последовательности сводок приземных данных (суша),307080,"Идентификация станции приземных наблюдений; время, горизонтальные и вертикальные координаты",,302036,Облака с нижней границей ниже уровня станции,,,,Operational
bufr4/3/07/080/5/302047,07,Последовательности сводок приземных данных (суша),307080,"Идентификация станции приземных наблюдений; время, горизонтальные и вертикальные координаты",,302047,Направление движения облаков,,,,Operational
bufr4/3/07/080/6/008002,07,Последовательности сводок приземных данных (суша),307080,"Идентификация станции приземных наблюдений; время, горизонтальные и вертикальные координаты",,008002,Вертикальная значимость (приземные наблюдения),,,,Operational
bufr4/3/07/080/7/302048,07,Последовательности сводок приземных данных (суша),307080,"Идентификация станции приземных наблюдений; время, горизонтальные и вертикальные координаты",,302048,Направление движения и возвышение облаков,,,,Operational
bufr4/3/07/080/8/302037,07,Последовательности сводок приземных данных (суша),307080,"Идентификация станции приземных наблюдений; время, горизонтальные и вертикальные координаты",,302037,"Состояние поверхности земли, высота снежного покрова, минимальная температура на поверхности земли",,,,Operational
bufr4/3/07/080/9/302043,07,Последовательности сводок приземных данных (суша),307080,"Идентификация станции приземных наблюдений; время, горизонтальные и вертикальные координаты",,302043,Основные синоптические данные «за период»,,,,Operational
bufr4/3/07/080/10/302044,07,Последовательности сводок приземных данных (суша),307080,"Идентификация станции приземных наблюдений; время, горизонтальные и вертикальные координаты",,302044,Данные об испарении,,,,Operational
bufr4/3/07/080/11/101002,07,Последовательности сводок приземных данных (суша),307080,"Идентификация станции приземных наблюдений; время, горизонтальные и вертикальные координаты",,101002,Повторить 1 дескриптор 2 раза,,,,Operational
bufr4/3/07/080/12/302045,07,Последовательности сводок приземных данных (суша),307080,"Идентификация станции приземных наблюдений; время, горизонтальные и вертикальные координаты",,302045,Данные о радиации (за 1 час и 24-часовой период),,,,Operational
bufr4/3/07/080/13/302046,07,Последовательности сводок приземных данных (суша),307080,"Идентификация станции приземных наблюдений; время, горизонтальные и вертикальные координаты",,302046,"Изменение температуры (Последовательность для представления синоптических сводок с фиксированной наземной станции, подходящая для данных SYNOP в соответствии с практикой представления информации в РА I)",,,,Operational
bufr4/3/07/081/1/301090,07,Последовательности сводок приземных данных (суша),307081,"Идентификация станции приземных наблюдений; время, горизонтальные и вертикальные координаты",,301090,"Идентификация станции приземных наблюдений; время, горизонтальные и вертикальные координаты",,,,Operational
bufr4/3/07/081/2/302031,07,Последовательности сводок приземных данных (суша),307081,"Идентификация станции приземных наблюдений; время, горизонтальные и вертикальные координаты",,302031,Информация о давлении,,,,Operational
bufr4/3/07/081/3/302035,07,Последовательности сводок приземных данных (суша),307081,"Идентификация станции приземных наблюдений; время, горизонтальные и вертикальные координаты",,302035,Основные синоптические «мгновенные» данные,,,,Operational
bufr4/3/07/081/4/302036,07,Последовательности сводок приземных данных (суша),307081,"Идентификация станции приземных наблюдений; время, горизонтальные и вертикальные координаты",,302036,Облака с нижней границей ниже уровня станции,,,,Operational
bufr4/3/07/081/5/302047,07,Последовательности сводок приземных данных (суша),307081,"Идентификация станции приземных наблюдений; время, горизонтальные и вертикальные координаты",,302047,Направление движения облаков,,,,Operational
bufr4/3/07/081/6/008002,07,Последовательности сводок приземных данных (суша),307081,"Идентификация станции приземных наблюдений; время, горизонтальные и вертикальные координаты",,008002,Вертикальная значимость (приземные наблюдения) Установлено на отсутствующее значение (отмена),,,,Operational
bufr4/3/07/081/7/302048,07,Последовательности сводок приземных данных (суша),307081,"Идентификация станции приземных наблюдений; время, горизонтальные и вертикальные координаты",,302048,Направление движения и возвышение облаков,,,,Operational
bufr4/3/07/081/8/302037,07,Последовательности сводок приземных данных (суша),307081,"Идентификация станции приземных наблюдений; время, горизонтальные и вертикальные координаты",,302037,"Состояние поверхности земли, высота снежного покрова, минимальная температура на поверхности земли",,,,Operational
bufr4/3/07/081/9/012122,07,Последовательности сводок приземных данных (суша),307081,"Идентификация станции приземных наблюдений; время, горизонтальные и вертикальные координаты",,012122,Минимальная температура на поверхности земли за предыдущую ночь,,,,Operational
bufr4/3/07/081/10/013056,07,Последовательности сводок приземных данных (суша),307081,"Идентификация станции приземных наблюдений; время, горизонтальные и вертикальные координаты",,013056,Характер и интенсивность осадков,,,,Operational
bufr4/3/07/081/11/013057,07,Последовательности сводок приземных данных (суша),307081,"Идентификация станции приземных наблюдений; время, горизонтальные и вертикальные координаты",,013057,Время начала и окончания осадков,,,,Operational
bufr4/3/07/081/12/020101,07,Последовательности сводок приземных данных (суша),307081,"Идентификация станции приземных наблюдений; время, горизонтальные и вертикальные координаты",,020101,Название саранчи (или ее разновидности),,,,Operational
bufr4/3/07/081/13/020102,07,Последовательности сводок приземных данных (суша),307081,"Идентификация станции приземных наблюдений; время, горизонтальные и вертикальные координаты",,020102,Цвет (зрелось) саранчи,,,,Operational
bufr4/3/07/081/14/020103,07,Последовательности сводок приземных данных (суша),307081,"Идентификация станции приземных наблюдений; время, горизонтальные и вертикальные координаты",,020103,Стадия развития саранчи,,,,Operational
bufr4/3/07/081/15/020104,07,Последовательности сводок приземных данных (суша),307081,"Идентификация станции приземных наблюдений; время, горизонтальные и вертикальные координаты",,020104,Cостояние формирования стаи или кулиги саранчи,,,,Operational
bufr4/3/07/081/16/020105,07,Последовательности сводок приземных данных (суша),307081,"Идентификация станции приземных наблюдений; время, горизонтальные и вертикальные координаты",,020105,Размер стаи или кулиги саранчи и время прохождения стаи,,,,Operational
bufr4/3/07/081/17/020106,07,Последовательности сводок приземных данных (суша),307081,"Идентификация станции приземных наблюдений; время, горизонтальные и вертикальные координаты",,020106,Плотность популяции саранчи,,,,Operational
bufr4/3/07/081/18/020107,07,Последовательности сводок приземных данных (суша),307081,"Идентификация станции приземных наблюдений; время, горизонтальные и вертикальные координаты",,020107,Направление движения стаи саранчи,,,,Operational
bufr4/3/07/081/19/020108,07,Последовательности сводок приземных данных (суша),307081,"Идентификация станции приземных наблюдений; время, горизонтальные и вертикальные координаты",,020108,Протяженность растительного покрова,,,,Operational
bufr4/3/07/081/20/302043,07,Последовательности сводок приземных данных (суша),307081,"Идентификация станции приземных наблюдений; время, горизонтальные и вертикальные координаты",,302043,Основные синоптические данные «за период»,,,,Operational
bufr4/3/07/081/21/302044,07,Последовательности сводок приземных данных (суша),307081,"Идентификация станции приземных наблюдений; время, горизонтальные и вертикальные координаты",,302044,Данные об испарении,,,,Operational
bufr4/3/07/081/22/101002,07,Последовательности сводок приземных данных (суша),307081,"Идентификация станции приземных наблюдений; время, горизонтальные и вертикальные координаты",,101002,Повторить 1 дескриптор 2 раза,,,,Operational
bufr4/3/07/081/23/302045,07,Последовательности сводок приземных данных (суша),307081,"Идентификация станции приземных наблюдений; время, горизонтальные и вертикальные координаты",,302045,Данные о радиации (за 1 час и 24-часовой период),,,,Operational
bufr4/3/07/081/24/302046,07,Последовательности сводок приземных данных (суша),307081,"Идентификация станции приземных наблюдений; время, горизонтальные и вертикальные координаты",,302046,Изменение температуры,(продолж.),,,Operational
bufr4/3/07/082/1/301090,07,Последовательности сводок приземных данных (суша),307082,"Идентификация станции приземных наблюдений; время, горизонтальные и вертикальные координаты",,301090,"Идентификация станции приземных наблюдений; время, горизонтальные и вертикальные координаты",,,,Operational
bufr4/3/07/082/2/302031,07,Последовательности сводок приземных данных (суша),307082,"Идентификация станции приземных наблюдений; время, горизонтальные и вертикальные координаты",,302031,Информация о давлении,,,,Operational
bufr4/3/07/082/3/302035,07,Последовательности сводок приземных данных (суша),307082,"Идентификация станции приземных наблюдений; время, горизонтальные и вертикальные координаты",,302035,Основные синоптические «мгновенные» данные,,,,Operational
bufr4/3/07/082/4/302036,07,Последовательности сводок приземных данных (суша),307082,"Идентификация станции приземных наблюдений; время, горизонтальные и вертикальные координаты",,302036,Облака с нижней границей ниже уровня станции,,,,Operational
bufr4/3/07/082/5/302047,07,Последовательности сводок приземных данных (суша),307082,"Идентификация станции приземных наблюдений; время, горизонтальные и вертикальные координаты",,302047,Направление перемещения облаков,,,,Operational
bufr4/3/07/082/6/008002,07,Последовательности сводок приземных данных (суша),307082,"Идентификация станции приземных наблюдений; время, горизонтальные и вертикальные координаты",,008002,Вертикальная значимость (приземные наблюдения) Установлено на отсутствующее значение (отмена),,,,Operational
bufr4/3/07/082/7/302048,07,Последовательности сводок приземных данных (суша),307082,"Идентификация станции приземных наблюдений; время, горизонтальные и вертикальные координаты",,302048,Направление движения и возвышение облаков,,,,Operational
bufr4/3/07/082/8/302037,07,Последовательности сводок приземных данных (суша),307082,"Идентификация станции приземных наблюдений; время, горизонтальные и вертикальные координаты",,302037,"Состояние поверхности земли, высота снежного покрова, минимальная температура на поверхности земли",,,,Operational
bufr4/3/07/082/9/012121,07,Последовательности сводок приземных данных (суша),307082,"Идентификация станции приземных наблюдений; время, горизонтальные и вертикальные координаты",,012121,Минимальная температура на поверхности земли В срок наблюдения,,,,Operational
bufr4/3/07/082/10/012122,07,Последовательности сводок приземных данных (суша),307082,"Идентификация станции приземных наблюдений; время, горизонтальные и вертикальные координаты",,012122,Минимальная температура на поверхности земли за предыдущую ночь,,,,Operational
bufr4/3/07/082/11/302043,07,Последовательности сводок приземных данных (суша),307082,"Идентификация станции приземных наблюдений; время, горизонтальные и вертикальные координаты",,302043,Основные синоптические данные «за период»,,,,Operational
bufr4/3/07/082/12/302044,07,Последовательности сводок приземных данных (суша),307082,"Идентификация станции приземных наблюдений; время, горизонтальные и вертикальные координаты",,302044,Данные об испарении,,,,Operational
bufr4/3/07/082/13/101002,07,Последовательности сводок приземных данных (суша),307082,"Идентификация станции приземных наблюдений; время, горизонтальные и вертикальные координаты",,101002,Повторить 1 дескриптор 2 раза,,,,Operational
bufr4/3/07/082/14/302045,07,Последовательности сводок приземных данных (суша),307082,"Идентификация станции приземных наблюдений; время, горизонтальные и вертикальные координаты",,302045,Данные о радиации (за 1 час и 24-часовой период),,,,Operational
bufr4/3/07/082/15/302046,07,Последовательности сводок приземных данных (суша),307082,"Идентификация станции приземных наблюдений; время, горизонтальные и вертикальные координаты",,302046,"Изменение температуры (Последовательность для представления синоптических сводок с фиксированной наземной станции, подходящая для данных SYNOP в соответствии с практикой представления информации в РА III)",,,,Operational
bufr4/3/07/083/1/301090,07,Последовательности сводок приземных данных (суша),307083,"Идентификация станции приземных наблюдений; время, горизонтальные и вертикальные координаты",,301090,"Идентификация станции приземных наблюдений; время, горизонтальные и вертикальные координаты",,,,Operational
bufr4/3/07/083/2/302031,07,Последовательности сводок приземных данных (суша),307083,"Идентификация станции приземных наблюдений; время, горизонтальные и вертикальные координаты",,302031,Информация о давлении,,,,Operational
bufr4/3/07/083/3/302035,07,Последовательности сводок приземных данных (суша),307083,"Идентификация станции приземных наблюдений; время, горизонтальные и вертикальные координаты",,302035,Основные синоптические «мгновенные» данные,,,,Operational
bufr4/3/07/083/4/302036,07,Последовательности сводок приземных данных (суша),307083,"Идентификация станции приземных наблюдений; время, горизонтальные и вертикальные координаты",,302036,Облака с нижней границей ниже уровня станции,,,,Operational
bufr4/3/07/083/5/302047,07,Последовательности сводок приземных данных (суша),307083,"Идентификация станции приземных наблюдений; время, горизонтальные и вертикальные координаты",,302047,Направление движения облаков,,,,Operational
bufr4/3/07/083/6/008002,07,Последовательности сводок приземных данных (суша),307083,"Идентификация станции приземных наблюдений; время, горизонтальные и вертикальные координаты",,008002,Вертикальная значимость (приземные наблюдения) Установлено на отсутствующее значение (отмена),,,,Operational
bufr4/3/07/083/7/302048,07,Последовательности сводок приземных данных (суша),307083,"Идентификация станции приземных наблюдений; время, горизонтальные и вертикальные координаты",,302048,Направление движения и возвышение облаков,,,,Operational
bufr4/3/07/083/8/302037,07,Последовательности сводок приземных данных (суша),307083,"Идентификация станции приземных наблюдений; время, горизонтальные и вертикальные координаты",,302037,"Состояние поверхности земли, высота снежного покрова, минимальная температура на поверхности земли",,,,Operational
bufr4/3/07/083/9/012122,07,Последовательности сводок приземных данных (суша),307083,"Идентификация станции приземных наблюдений; время, горизонтальные и вертикальные координаты",,012122,Минимальная температура на поверхности земли за предыдущую ночь,,,,Operational
bufr4/3/07/083/10/302043,07,Последовательности сводок приземных данных (суша),307083,"Идентификация станции приземных наблюдений; время, горизонтальные и вертикальные координаты",,302043,Основные синоптические данные «за период»,,,,Operational
bufr4/3/07/083/11/302044,07,Последовательности сводок приземных данных (суша),307083,"Идентификация станции приземных наблюдений; время, горизонтальные и вертикальные координаты",,302044,Информация об испарении,,,,Operational
bufr4/3/07/083/12/101002,07,Последовательности сводок приземных данных (суша),307083,"Идентификация станции приземных наблюдений; время, горизонтальные и вертикальные координаты",,101002,Повторить 1 дескриптор 2 раза,,,,Operational
bufr4/3/07/083/13/302045,07,Последовательности сводок приземных данных (суша),307083,"Идентификация станции приземных наблюдений; время, горизонтальные и вертикальные координаты",,302045,Данные о радиации (за 1 час и 24-часовой период),,,,Operational
bufr4/3/07/083/14/302046,07,Последовательности сводок приземных данных (суша),307083,"Идентификация станции приземных наблюдений; время, горизонтальные и вертикальные координаты",,302046,Изменение температуры I.2 – Табл. D BUFR/07 — 23,(продолж.),,,Operational
bufr4/3/07/084/1/301090,07,Последовательности сводок приземных данных (суша),307084,"Идентификация станции приземных наблюдений; время, горизонтальные и вертикальные координаты",,301090,"Идентификация станции приземных наблюдений; время, горизонтальные и вертикальные координаты",,,,Operational
bufr4/3/07/084/2/302031,07,Последовательности сводок приземных данных (суша),307084,"Идентификация станции приземных наблюдений; время, горизонтальные и вертикальные координаты",,302031,Информация о давлении,,,,Operational
bufr4/3/07/084/3/302035,07,Последовательности сводок приземных данных (суша),307084,"Идентификация станции приземных наблюдений; время, горизонтальные и вертикальные координаты",,302035,Основные синоптические «мгновенные» данные,,,,Operational
bufr4/3/07/084/4/302036,07,Последовательности сводок приземных данных (суша),307084,"Идентификация станции приземных наблюдений; время, горизонтальные и вертикальные координаты",,302036,Облака с нижней границей ниже уровня станции,,,,Operational
bufr4/3/07/084/5/302047,07,Последовательности сводок приземных данных (суша),307084,"Идентификация станции приземных наблюдений; время, горизонтальные и вертикальные координаты",,302047,Направление движения облаков,,,,Operational
bufr4/3/07/084/6/008002,07,Последовательности сводок приземных данных (суша),307084,"Идентификация станции приземных наблюдений; время, горизонтальные и вертикальные координаты",,008002,Вертикальная значимость (приземные наблюдения) Установлено на отсутствующее значение (отмена),,,,Operational
bufr4/3/07/084/7/302048,07,Последовательности сводок приземных данных (суша),307084,"Идентификация станции приземных наблюдений; время, горизонтальные и вертикальные координаты",,302048,Направление движения и возвышение облаков,,,,Operational
bufr4/3/07/084/8/302037,07,Последовательности сводок приземных данных (суша),307084,"Идентификация станции приземных наблюдений; время, горизонтальные и вертикальные координаты",,302037,"Состояние поверхности земли, высота снежного покрова, минимальная температура на поверхности земли",,,,Operational
bufr4/3/07/084/9/020055,07,Последовательности сводок приземных данных (суша),307084,"Идентификация станции приземных наблюдений; время, горизонтальные и вертикальные координаты",,020055,Состояние неба в тропиках,,,,Operational
bufr4/3/07/084/10/101000,07,Последовательности сводок приземных данных (суша),307084,"Идентификация станции приземных наблюдений; время, горизонтальные и вертикальные координаты",,101000,Повторение с задержкой 1 дескриптора,,,,Operational
bufr4/3/07/084/11/031001,07,Последовательности сводок приземных данных (суша),307084,"Идентификация станции приземных наблюдений; время, горизонтальные и вертикальные координаты",,031001,Коэффициент повторения дескриптора с задержкой,,,,Operational
bufr4/3/07/084/12/205001,07,Последовательности сводок приземных данных (суша),307084,"Идентификация станции приземных наблюдений; время, горизонтальные и вертикальные координаты",,205001,Указать символы Символьное поле из 1 символа,,,,Operational
bufr4/3/07/084/13/302043,07,Последовательности сводок приземных данных (суша),307084,"Идентификация станции приземных наблюдений; время, горизонтальные и вертикальные координаты",,302043,Основные синоптические данные «за период»,,,,Operational
bufr4/3/07/084/14/302044,07,Последовательности сводок приземных данных (суша),307084,"Идентификация станции приземных наблюдений; время, горизонтальные и вертикальные координаты",,302044,Данные об испарении,,,,Operational
bufr4/3/07/084/15/101002,07,Последовательности сводок приземных данных (суша),307084,"Идентификация станции приземных наблюдений; время, горизонтальные и вертикальные координаты",,101002,Повторить 1 дескриптор 2 раза,,,,Operational
bufr4/3/07/084/16/302045,07,Последовательности сводок приземных данных (суша),307084,"Идентификация станции приземных наблюдений; время, горизонтальные и вертикальные координаты",,302045,Данные о радиации (за 1 час и 24-часовой период),,,,Operational
bufr4/3/07/084/17/302046,07,Последовательности сводок приземных данных (суша),307084,"Идентификация станции приземных наблюдений; время, горизонтальные и вертикальные координаты",,302046,"Изменение температуры (Последовательность для представления синоптических сводок с фиксированной наземной станции, подходящая для данных SYNOP в соответствии с практикой представления информации в РА VI)",,,,Operational
bufr4/3/07/086/1/301090,07,Последовательности сводок приземных данных (суша),307086,"Идентификация станции приземных наблюдений; время, горизонтальные и вертикальные координаты",,301090,"Идентификация станции приземных наблюдений; время, горизонтальные и вертикальные координаты",,,,Operational
bufr4/3/07/086/2/302031,07,Последовательности сводок приземных данных (суша),307086,"Идентификация станции приземных наблюдений; время, горизонтальные и вертикальные координаты",,302031,Информация о давлении,,,,Operational
bufr4/3/07/086/3/302035,07,Последовательности сводок приземных данных (суша),307086,"Идентификация станции приземных наблюдений; время, горизонтальные и вертикальные координаты",,302035,Основные синоптические «мгновенные» данные,,,,Operational
bufr4/3/07/086/4/302036,07,Последовательности сводок приземных данных (суша),307086,"Идентификация станции приземных наблюдений; время, горизонтальные и вертикальные координаты",,302036,Облака с нижней границей ниже уровня станции,,,,Operational
bufr4/3/07/086/5/008002,07,Последовательности сводок приземных данных (суша),307086,"Идентификация станции приземных наблюдений; время, горизонтальные и вертикальные координаты",,008002,Вертикальная значимость (приземные наблюдения) Установлено на отсутствующее значение (отмена),,,,Operational
bufr4/3/07/086/6/302037,07,Последовательности сводок приземных данных (суша),307086,"Идентификация станции приземных наблюдений; время, горизонтальные и вертикальные координаты",,302037,"Состояние поверхности земли, высота снежного покрова, минимальная температура на поверхности земли",,,,Operational
bufr4/3/07/086/7/302066,07,Последовательности сводок приземных данных (суша),307086,"Идентификация станции приземных наблюдений; время, горизонтальные и вертикальные координаты",,302066,Опасные явления погоды,,,,Operational
bufr4/3/07/086/8/302043,07,Последовательности сводок приземных данных (суша),307086,"Идентификация станции приземных наблюдений; время, горизонтальные и вертикальные координаты",,302043,Основные синоптические данные «за период»,,,,Operational
bufr4/3/07/086/9/302044,07,Последовательности сводок приземных данных (суша),307086,"Идентификация станции приземных наблюдений; время, горизонтальные и вертикальные координаты",,302044,Данные об испарении,,,,Operational
bufr4/3/07/086/10/101002,07,Последовательности сводок приземных данных (суша),307086,"Идентификация станции приземных наблюдений; время, горизонтальные и вертикальные координаты",,101002,Повторить 1 дескриптор 2 раза,,,,Operational
bufr4/3/07/086/11/302045,07,Последовательности сводок приземных данных (суша),307086,"Идентификация станции приземных наблюдений; время, горизонтальные и вертикальные координаты",,302045,"Данные о радиации (за 1 час и 24-часовой период) («Мгновенные» параметры последовательности 3 07 089) Идентификация станции приземных наблюдений; время, горизонтальные и вертикальные координаты",,,,Operational
bufr4/3/07/087/1/301001,07,Последовательности сводок приземных данных (суша),307087,Номера блока и станции ВМО IIiii,,301001,Номера блока и станции ВМО IIiii,,,,Operational
bufr4/3/07/087/2/002001,07,Последовательности сводок приземных данных (суша),307087,Номера блока и станции ВМО IIiii,,002001,Тип станции i x,(продолж.),,,Operational
bufr4/3/07/087/1/301011,07,Последовательности сводок приземных данных (суша),307087,"Год, месяц, день YY",,301011,"Год, месяц, день YY",,,,Operational
bufr4/3/07/087/2/301012,07,Последовательности сводок приземных данных (суша),307087,"Год, месяц, день YY",,301012,"Час, минута GG, gg",,,,Operational
bufr4/3/07/087/3/301023,07,Последовательности сводок приземных данных (суша),307087,"Год, месяц, день YY",,301023,Широта/долгота (низкая точность),,,,Operational
bufr4/3/07/087/4/007030,07,Последовательности сводок приземных данных (суша),307087,"Год, месяц, день YY",,007030,Высота площадки станции над средним уровнем моря,,,,Operational
bufr4/3/07/087/5/007031,07,Последовательности сводок приземных данных (суша),307087,"Год, месяц, день YY",,007031,Высота барометра над средним уровнем моря Данные о давлении,,,,Operational
bufr4/3/07/087/6/302001,07,Последовательности сводок приземных данных (суша),307087,"Год, месяц, день YY",,302001,Давление и его изменение за 3 часа P P o o,"P P , pppp, a o o",,,Operational
bufr4/3/07/087/7/010062,07,Последовательности сводок приземных данных (суша),307087,"Год, месяц, день YY",,010062,Изменение давления за 24 часа p p 24,p 24 24,,,Operational
bufr4/3/07/087/8/007004,07,Последовательности сводок приземных данных (суша),307087,"Год, месяц, день YY",,007004,"Давление Стандартный уровень a 850, 700, ..гПa | Установлено на отсутствующее значение для станций в низменной местности","= 925, 3",,,Operational
bufr4/3/07/087/9/010009,07,Последовательности сводок приземных данных (суша),307087,"Год, месяц, день YY",,010009,Геопотенциальная высота Стандартный уровень hhh | Установлено на отсутствующее значение для станций в низменной местности Температура и влажность,,,,Operational
bufr4/3/07/087/10/007032,07,Последовательности сводок приземных данных (суша),307087,"Год, месяц, день YY",,007032,Высота датчика над местной площадкой (или палубой Измерение морской платформы) температуры,,,,Operational
bufr4/3/07/087/11/012101,07,Последовательности сводок приземных данных (суша),307087,"Год, месяц, день YY",,012101,Температура/температура воздуха s TTT | Масштаб: 2 n,,,,Operational
bufr4/3/07/087/12/012103,07,Последовательности сводок приземных данных (суша),307087,"Год, месяц, день YY",,012103,Температура точки росы s T n d Масштаб: 2,T T | d d,,,Operational
bufr4/3/07/087/13/013003,07,Последовательности сводок приземных данных (суша),307087,"Год, месяц, день YY",,013003,Относительная влажность,,,,Operational
bufr4/3/07/087/14/007032,07,Последовательности сводок приземных данных (суша),307087,"Год, месяц, день YY",,007032,Высота датчика над местной площадкой (или палубой Установлено на морской платформы) отсутствующее значение (отмена) Видимость,,,,Operational
bufr4/3/07/087/15/020001,07,Последовательности сводок приземных данных (суша),307087,"Год, месяц, день YY",,020001,Горизонтальная видимость VV Данные об облачности,,,,Operational
bufr4/3/07/087/16/302004,07,Последовательности сводок приземных данных (суша),307087,"Год, месяц, день YY",,302004,"Общая информация об облачности /см. колонку слева Облачность (общая) N: если N = 9, тогда 0 20 010 = 113, если N = /, тогда 0 20 010 = отсутствующее значение | Вертикальная значимость: если C наблюдаются, тогда L 0 08 002 = 7 | Облака нижнего яруса: если C L не наблюдаются, а C наблюдаются, тогда M 0 08 002 = 8 | Облака среднего яруса: если наблюдаются только C , 0 08 002 = 0, если N = 9, H тогда 0 08 002 = 5, если N = 0, тогда 0 08 002 = 62, если N = /, тогда 0 08 002 = отсутствующее значение | Количество облаков (облака нижнего или среднего яруса) N : если N = 0, тогда h 0 20 011 = 0, если N = 9, тогда 0 20 011 = 9, если N = /, тогда 0 20 011 = отсутствующее значение | Высота нижней границы облаков h: если N = 0 или /, тогда 0 20 013 = отсутствующее значение | Тип облаков (облака нижнего яруса) C : 0 20 012 = L + 30, если N = 0, тогда 0 20 012 = 30, если N = 9 C L или /, тогда 0 20 012 = 62 | I.2 – Табл. D BUFR/07 — 25",(продолж.),,,Operational
bufr4/3/07/087/1/031001,07,Последовательности сводок приземных данных (суша),307087,"| Тип облаков (облака среднего яруса) CM: 0 20 /см. колонку слева + 20, если N = 0, тогда 0 20 012 = 20, если 012 = C M = /, тогда 0 20 012 = 61 | Тип N = 9 или / или C M : 0 20 012 = C облаков (облака верхнего яруса) C H H + 10, если N = 0, тогда 0 20 012 = 10, если N = 9 или = /, тогда 0 20 012 = 60 / или C H",,031001,Коэффициент повторения дескриптора с задержкой,,,,Operational
bufr4/3/07/087/2/302005,07,Последовательности сводок приземных данных (суша),307087,"| Тип облаков (облака среднего яруса) CM: 0 20 /см. колонку слева + 20, если N = 0, тогда 0 20 012 = 20, если 012 = C M = /, тогда 0 20 012 = 61 | Тип N = 9 или / или C M : 0 20 012 = C облаков (облака верхнего яруса) C H H + 10, если N = 0, тогда 0 20 012 = 10, если N = 9 или = /, тогда 0 20 012 = 60 / или C H",,302005,"/см. колонку слева Облачный слой Вертикальная значимость: В любом слое Cb, 0 08 002 = 4, в другом  случае в первом повторении, если N = 9, тогда 0 08 002 = 5, если N = /, тогда 0 08 002 = отсутствующее значение, или же 0 08 002 = 1, в других повторениях 0 08 002 =  2, 3, 4 | : в первом повторении, Количество облаков N s если N = /, тогда 0 20 011 = отсутствующее значение, или же 0 20 011 = N , в других повторениях s 0 20 011 = N | Тип облаков C: если N = 9 или /, s тогда 0 20 012 = отсутствующее значение, или же 0 20 012 = C | Высота нижней границы облаков h h s s (Параметры «периода» последовательности 3 07 089) Текущая и прошедшая погода",,,,Operational
bufr4/3/07/088/1/020003,07,Последовательности сводок приземных данных (суша),307088,Текущая погода ww,,020003,Текущая погода ww,,,,Operational
bufr4/3/07/088/2/004024,07,Последовательности сводок приземных данных (суша),307088,Текущая погода ww,,004024,"Временной период или отклонение = –6 в 00:00, 06:00, 12:00, 18:00 ВСВ, = –3 в 03:00, 09:00, 15:00, 21:00 ВСВ",,,,Operational
bufr4/3/07/088/3/020004,07,Последовательности сводок приземных данных (суша),307088,Текущая погода ww,,020004,Прошедшая погода (1) W 1,,,,Operational
bufr4/3/07/088/4/020005,07,Последовательности сводок приземных данных (суша),307088,Текущая погода ww,,020005,Прошедшая погода (2) W 2 Испарение,,,,Operational
bufr4/3/07/088/5/004024,07,Последовательности сводок приземных данных (суша),307088,Текущая погода ww,,004024,Временной период или отклонение = –24 (часы),,,,Operational
bufr4/3/07/088/6/002004,07,Последовательности сводок приземных данных (суша),307088,Текущая погода ww,,002004,"i Тип приборов для измерения испарения или E вид сельскохозяйственной культуры, по которой сообщаются данные об эвапотранспирации",,,,Operational
bufr4/3/07/088/7/013033,07,Последовательности сводок приземных данных (суша),307088,Текущая погода ww,,013033,Испарение/эвапотранспирация EEE Солнечное сияние,,,,Operational
bufr4/3/07/088/8/102002,07,Последовательности сводок приземных данных (суша),307088,Текущая погода ww,,102002,Повторить 2 дескриптора 2 раза,,,,Operational
bufr4/3/07/088/9/004024,07,Последовательности сводок приземных данных (суша),307088,Текущая погода ww,,004024,"Временной период или отклонение = –24 (часы) в первом повторении, = –1 (час) во втором повторении",,,,Operational
bufr4/3/07/088/10/014031,07,Последовательности сводок приземных данных (суша),307088,Текущая погода ww,,014031,"Общая продолжительность солнечного сияния SSS в первом повторении, SS во втором повторении Осадки",,,,Operational
bufr4/3/07/088/11/102002,07,Последовательности сводок приземных данных (суша),307088,Текущая погода ww,,102002,Повторить 2 дескриптора 2 раза,,,,Operational
bufr4/3/07/088/12/004024,07,Последовательности сводок приземных данных (суша),307088,Текущая погода ww,,004024,Временной период или отклонение t R,,,,Operational
bufr4/3/07/088/13/013011,07,Последовательности сводок приземных данных (суша),307088,Текущая погода ww,,013011,"Сумма осадков/суммарный водный эквивалент RRR | = 0 Осадки отсутствуют, = –0,1 Следы осадков Экстремальные температуры",,,,Operational
bufr4/3/07/088/14/007032,07,Последовательности сводок приземных данных (суша),307088,Текущая погода ww,,007032,Высота датчика над местной площадкой (или палубой Измерение морской платформы) температуры,,,,Operational
bufr4/3/07/088/15/004024,07,Последовательности сводок приземных данных (суша),307088,Текущая погода ww,,004024,Временной период или отклонение = –12 (часы),(продолж.),,,Operational
bufr4/3/07/088/1/012111,07,Последовательности сводок приземных данных (суша),307088,Максимальная температура на указанной высоте и за s T n x указанный период,,012111,Максимальная температура на указанной высоте и за s T n x указанный период,T T x x,,,Operational
bufr4/3/07/088/2/004024,07,Последовательности сводок приземных данных (суша),307088,Максимальная температура на указанной высоте и за s T n x указанный период,,004024,Временной период или отклонение = –12 (часы),,,,Operational
bufr4/3/07/088/3/012112,07,Последовательности сводок приземных данных (суша),307088,Максимальная температура на указанной высоте и за s T n x указанный период,,012112,Минимальная температура на указанной высоте и за s T n n указанный период Данные о ветре,T T n n,,,Operational
bufr4/3/07/088/4/007032,07,Последовательности сводок приземных данных (суша),307088,Максимальная температура на указанной высоте и за s T n x указанный период,,007032,Высота датчика над местной площадкой (или палубой Измерение ветра морской платформы),,,,Operational
bufr4/3/07/088/5/002002,07,Последовательности сводок приземных данных (суша),307088,Максимальная температура на указанной высоте и за s T n x указанный период,,002002,Тип приборного обеспечения для измерения ветра i w,,,,Operational
bufr4/3/07/088/6/008021,07,Последовательности сводок приземных данных (суша),307088,Максимальная температура на указанной высоте и за s T n x указанный период,,008021,Значимость времени = 2 Среднее по времени,,,,Operational
bufr4/3/07/088/7/004025,07,Последовательности сводок приземных данных (суша),307088,Максимальная температура на указанной высоте и за s T n x указанный период,,004025,"Временной период или отклонение = –10 (минуты) или количество минут после значительного изменения ветра, если таковое имело место",,,,Operational
bufr4/3/07/088/8/011001,07,Последовательности сводок приземных данных (суша),307088,Максимальная температура на указанной высоте и за s T n x указанный период,,011001,"Направление ветра dd | Если dd = 00 Штиль или dd = 99 Переменное, 0 11 001 = 0",,,,Operational
bufr4/3/07/088/9/011002,07,Последовательности сводок приземных данных (суша),307088,Максимальная температура на указанной высоте и за s T n x указанный период,,011002,Скорость ветра ff,,,,Operational
bufr4/3/07/088/10/008021,07,Последовательности сводок приземных данных (суша),307088,Максимальная температура на указанной высоте и за s T n x указанный период,,008021,"Значимость времени Установлено на отсутствующее значение (отмена) (Последовательность для представления синоптических сводок с фиксированной наземной станции, подходящая для данных SYNOP, кодируемых вручную в коде CREX)",,,,Operational
bufr4/3/07/089/1/307087,07,Последовательности сводок приземных данных (суша),307089,«Мгновенные» параметры последовательности 3 07 089,,307087,«Мгновенные» параметры последовательности 3 07 089,,,,Operational
bufr4/3/07/089/2/307088,07,Последовательности сводок приземных данных (суша),307089,«Мгновенные» параметры последовательности 3 07 089,,307088,"Параметры «периода» последовательности 3 07 089 (Последовательность для представления синоптических сводок с подвижной наземной станции, подходящая для данных SYNOP MOBIL)",,,,Operational
bufr4/3/07/090/1/301092,07,Последовательности сводок приземных данных (суша),307090,"Идентификация подвижной станции приземных наблюдений; дата/время, горизонтальные и вертикальные координаты",,301092,"Идентификация подвижной станции приземных наблюдений; дата/время, горизонтальные и вертикальные координаты",,,,Operational
bufr4/3/07/090/2/302031,07,Последовательности сводок приземных данных (суша),307090,"Идентификация подвижной станции приземных наблюдений; дата/время, горизонтальные и вертикальные координаты",,302031,Информация о давлении,,,,Operational
bufr4/3/07/090/3/302035,07,Последовательности сводок приземных данных (суша),307090,"Идентификация подвижной станции приземных наблюдений; дата/время, горизонтальные и вертикальные координаты",,302035,Основные синоптические «мгновенные данные»,,,,Operational
bufr4/3/07/090/4/302036,07,Последовательности сводок приземных данных (суша),307090,"Идентификация подвижной станции приземных наблюдений; дата/время, горизонтальные и вертикальные координаты",,302036,Облака с нижней границей ниже уровня станции,,,,Operational
bufr4/3/07/090/5/302047,07,Последовательности сводок приземных данных (суша),307090,"Идентификация подвижной станции приземных наблюдений; дата/время, горизонтальные и вертикальные координаты",,302047,Направление движения облаков,,,,Operational
bufr4/3/07/090/6/008002,07,Последовательности сводок приземных данных (суша),307090,"Идентификация подвижной станции приземных наблюдений; дата/время, горизонтальные и вертикальные координаты",,008002,Вертикальная значимость (приземные наблюдения),,,,Operational
bufr4/3/07/090/7/302048,07,Последовательности сводок приземных данных (суша),307090,"Идентификация подвижной станции приземных наблюдений; дата/время, горизонтальные и вертикальные координаты",,302048,Направление движения и возвышение облаков,,,,Operational
bufr4/3/07/090/8/302037,07,Последовательности сводок приземных данных (суша),307090,"Идентификация подвижной станции приземных наблюдений; дата/время, горизонтальные и вертикальные координаты",,302037,"Состояние поверхности земли, высота снежного покрова, минимальная температура на поверхности земли",,,,Operational
bufr4/3/07/090/9/302043,07,Последовательности сводок приземных данных (суша),307090,"Идентификация подвижной станции приземных наблюдений; дата/время, горизонтальные и вертикальные координаты",,302043,Основные синоптические данные «за период»,,,,Operational
bufr4/3/07/090/10/302044,07,Последовательности сводок приземных данных (суша),307090,"Идентификация подвижной станции приземных наблюдений; дата/время, горизонтальные и вертикальные координаты",,302044,Данные об испарении,,,,Operational
bufr4/3/07/090/11/101002,07,Последовательности сводок приземных данных (суша),307090,"Идентификация подвижной станции приземных наблюдений; дата/время, горизонтальные и вертикальные координаты",,101002,Повторить 1 дескриптор 2 раза,,,,Operational
bufr4/3/07/090/12/302045,07,Последовательности сводок приземных данных (суша),307090,"Идентификация подвижной станции приземных наблюдений; дата/время, горизонтальные и вертикальные координаты",,302045,Данные о радиации (за 1 час и 24-часовой период),,,,Operational
bufr4/3/07/090/13/302046,07,Последовательности сводок приземных данных (суша),307090,"Идентификация подвижной станции приземных наблюдений; дата/время, горизонтальные и вертикальные координаты",,302046,Изменение температуры I.2 – Табл. D BUFR/07 — 27,(продолж.),,,Operational
bufr4/3/07/091/1/301089,07,Последовательности сводок приземных данных (суша),307091,Идентификация национальной станции,,301089,Идентификация национальной станции,,,,Operational
bufr4/3/07/091/2/301090,07,Последовательности сводок приземных данных (суша),307091,Идентификация национальной станции,,301090,"Идентификация станции приземных наблюдений; время, горизонтальные и вертикальные координаты",,,,Operational
bufr4/3/07/091/3/008010,07,Последовательности сводок приземных данных (суша),307091,Идентификация национальной станции,,008010,Определитель поверхности (данные о температуре),,,,Operational
bufr4/3/07/091/4/301091,07,Последовательности сводок приземных данных (суша),307091,Идентификация национальной станции,,301091,Приборное оборудование станции приземных наблюдений,,,,Operational
bufr4/3/07/091/5/302001,07,Последовательности сводок приземных данных (суша),307091,Идентификация национальной станции,,302001,Давление и его изменение за 3 часа,,,,Operational
bufr4/3/07/091/6/007004,07,Последовательности сводок приземных данных (суша),307091,Идентификация национальной станции,,007004,Давление Стандартный уровень,,,,Operational
bufr4/3/07/091/7/010009,07,Последовательности сводок приземных данных (суша),307091,Идентификация национальной станции,,010009,Геопотенциальная высота Стандартный уровень,,,,Operational
bufr4/3/07/091/8/302072,07,Последовательности сводок приземных данных (суша),307091,Идентификация национальной станции,,302072,Данные о температуре и влажности,,,,Operational
bufr4/3/07/091/9/103000,07,Последовательности сводок приземных данных (суша),307091,Идентификация национальной станции,,103000,Повторение с задержкой 3 дескрипторов,,,,Operational
bufr4/3/07/091/10/031000,07,Последовательности сводок приземных данных (суша),307091,Идентификация национальной станции,,031000,Коэффициент повторения короткого дескриптора с задержкой,,,,Operational
bufr4/3/07/091/11/101005,07,Последовательности сводок приземных данных (суша),307091,Идентификация национальной станции,,101005,Повторить 1 дескриптор 5 раз,,,,Operational
bufr4/3/07/091/12/307063,07,Последовательности сводок приземных данных (суша),307091,Идентификация национальной станции,,307063,Глубина от земной поверхности и температура почвы,,,,Operational
bufr4/3/07/091/13/007061,07,Последовательности сводок приземных данных (суша),307091,Идентификация национальной станции,,007061,Глубина от земной поверхности Установлено на отсутствующее значение (отмена),,,,Operational
bufr4/3/07/091/14/101000,07,Последовательности сводок приземных данных (суша),307091,Идентификация национальной станции,,101000,Повторение с задержкой 1 дескриптора,,,,Operational
bufr4/3/07/091/15/031000,07,Последовательности сводок приземных данных (суша),307091,Идентификация национальной станции,,031000,Коэффициент повторения короткого дескриптора с задержкой,,,,Operational
bufr4/3/07/091/16/302069,07,Последовательности сводок приземных данных (суша),307091,Идентификация национальной станции,,302069,Данные о видимости,,,,Operational
bufr4/3/07/091/17/007032,07,Последовательности сводок приземных данных (суша),307091,Идентификация национальной станции,,007032,Высота датчика над местной площадкой (или палубой Установлено на морской платформы) отсутствующее значение (отмена),,,,Operational
bufr4/3/07/091/18/007033,07,Последовательности сводок приземных данных (суша),307091,Идентификация национальной станции,,007033,Высота датчика над поверхностью воды Установлено на отсутствующее значение (отмена),,,,Operational
bufr4/3/07/091/19/105000,07,Последовательности сводок приземных данных (суша),307091,Идентификация национальной станции,,105000,Повторение с задержкой 5 дескрипторов,,,,Operational
bufr4/3/07/091/20/031000,07,Последовательности сводок приземных данных (суша),307091,Идентификация национальной станции,,031000,Коэффициент повторения короткого дескриптора с задержкой,,,,Operational
bufr4/3/07/091/21/020031,07,Последовательности сводок приземных данных (суша),307091,Идентификация национальной станции,,020031,Отложение льда (толщина),,,,Operational
bufr4/3/07/091/22/020032,07,Последовательности сводок приземных данных (суша),307091,Идентификация национальной станции,,020032,Скорость нарастания льда (оцененная),,,,Operational
bufr4/3/07/091/23/002038,07,Последовательности сводок приземных данных (суша),307091,Идентификация национальной станции,,002038,Метод измерения температуры и/или солености воды,,,,Operational
bufr4/3/07/091/24/022043,07,Последовательности сводок приземных данных (суша),307091,Идентификация национальной станции,,022043,Температура моря/воды Масштаб: 2,,,,Operational
bufr4/3/07/091/25/302021,07,Последовательности сводок приземных данных (суша),307091,Идентификация национальной станции,,302021,Волнение,,,,Operational
bufr4/3/07/091/26/101000,07,Последовательности сводок приземных данных (суша),307091,Идентификация национальной станции,,101000,Повторение с задержкой 1 дескриптора,,,,Operational
bufr4/3/07/091/27/031000,07,Последовательности сводок приземных данных (суша),307091,Идентификация национальной станции,,031000,Коэффициент повторения короткого дескриптора с задержкой,,,,Operational
bufr4/3/07/091/28/302078,07,Последовательности сводок приземных данных (суша),307091,Идентификация национальной станции,,302078,Состояние поверхности земли и измерение высоты снежного покрова,,,,Operational
bufr4/3/07/091/29/101000,07,Последовательности сводок приземных данных (суша),307091,Идентификация национальной станции,,101000,Повторение с задержкой 1 дескриптора,,,,Operational
bufr4/3/07/091/30/031000,07,Последовательности сводок приземных данных (суша),307091,Идентификация национальной станции,,031000,Коэффициент повторения короткого дескриптора с задержкой,,,,Operational
bufr4/3/07/091/31/302073,07,Последовательности сводок приземных данных (суша),307091,Идентификация национальной станции,,302073,Данные об облачности,,,,Operational
bufr4/3/07/091/32/101000,07,Последовательности сводок приземных данных (суша),307091,Идентификация национальной станции,,101000,Повторение с задержкой 1 дескриптора,,,,Operational
bufr4/3/07/091/33/031000,07,Последовательности сводок приземных данных (суша),307091,Идентификация национальной станции,,031000,Коэффициент повторения короткого дескриптора с задержкой,,,,Operational
bufr4/3/07/091/34/302074,07,Последовательности сводок приземных данных (суша),307091,Идентификация национальной станции,,302074,Текущая и прошедшая погода,,,,Operational
bufr4/3/07/091/35/101000,07,Последовательности сводок приземных данных (суша),307091,Идентификация национальной станции,,101000,Повторение с задержкой 1 дескриптора,,,,Operational
bufr4/3/07/091/36/031000,07,Последовательности сводок приземных данных (суша),307091,Идентификация национальной станции,,031000,Коэффициент повторения короткого дескриптора с задержкой,(продолж.),,,Operational
bufr4/3/07/091/1/302175,07,Последовательности сводок приземных данных (суша),307091,"Интенсивность осадков, размер элемента осадков",,302175,"Интенсивность осадков, размер элемента осадков",,,,Operational
bufr4/3/07/091/2/102000,07,Последовательности сводок приземных данных (суша),307091,"Интенсивность осадков, размер элемента осадков",,102000,Повторение с задержкой 2 дескрипторов,,,,Operational
bufr4/3/07/091/3/031000,07,Последовательности сводок приземных данных (суша),307091,"Интенсивность осадков, размер элемента осадков",,031000,Коэффициент повторения короткого дескриптора с задержкой,,,,Operational
bufr4/3/07/091/4/004025,07,Последовательности сводок приземных данных (суша),307091,"Интенсивность осадков, размер элемента осадков",,004025,Временной период или отклонение = –10 (минуты),,,,Operational
bufr4/3/07/091/5/302076,07,Последовательности сводок приземных данных (суша),307091,"Интенсивность осадков, размер элемента осадков",,302076,"Осадки, явления, ухудшающие видимость, и другие явления",,,,Operational
bufr4/3/07/091/6/302071,07,Последовательности сводок приземных данных (суша),307091,"Интенсивность осадков, размер элемента осадков",,302071,Данные о ветре за одночасовой период,,,,Operational
bufr4/3/07/091/7/302077,07,Последовательности сводок приземных данных (суша),307091,"Интенсивность осадков, размер элемента осадков",,302077,Данные об экстремальной температуре,,,,Operational
bufr4/3/07/091/8/007033,07,Последовательности сводок приземных данных (суша),307091,"Интенсивность осадков, размер элемента осадков",,007033,Высота датчика над поверхностью воды Установлено на отсутствующее значение (отмена),,,,Operational
bufr4/3/07/091/9/101000,07,Последовательности сводок приземных данных (суша),307091,"Интенсивность осадков, размер элемента осадков",,101000,Повторение с задержкой 1 дескриптора,,,,Operational
bufr4/3/07/091/10/031000,07,Последовательности сводок приземных данных (суша),307091,"Интенсивность осадков, размер элемента осадков",,031000,Коэффициент повторения короткого дескриптора с задержкой,,,,Operational
bufr4/3/07/091/11/302079,07,Последовательности сводок приземных данных (суша),307091,"Интенсивность осадков, размер элемента осадков",,302079,Измерение осадков,,,,Operational
bufr4/3/07/091/12/007032,07,Последовательности сводок приземных данных (суша),307091,"Интенсивность осадков, размер элемента осадков",,007032,Высота датчика над местной площадкой (или палубой Установлено на морской платформы) отсутствующее значение (отмена),,,,Operational
bufr4/3/07/091/13/101000,07,Последовательности сводок приземных данных (суша),307091,"Интенсивность осадков, размер элемента осадков",,101000,Повторение с задержкой 1 дескриптора,,,,Operational
bufr4/3/07/091/14/031000,07,Последовательности сводок приземных данных (суша),307091,"Интенсивность осадков, размер элемента осадков",,031000,Коэффициент повторения короткого дескриптора с задержкой,,,,Operational
bufr4/3/07/091/15/302080,07,Последовательности сводок приземных данных (суша),307091,"Интенсивность осадков, размер элемента осадков",,302080,Измерение испарения,,,,Operational
bufr4/3/07/091/16/101000,07,Последовательности сводок приземных данных (суша),307091,"Интенсивность осадков, размер элемента осадков",,101000,Повторение с задержкой 1 дескриптора,,,,Operational
bufr4/3/07/091/17/031000,07,Последовательности сводок приземных данных (суша),307091,"Интенсивность осадков, размер элемента осадков",,031000,Коэффициент повторения короткого дескриптора с задержкой,,,,Operational
bufr4/3/07/091/18/302081,07,Последовательности сводок приземных данных (суша),307091,"Интенсивность осадков, размер элемента осадков",,302081,Данные об общей продолжительности солнечного сияния,,,,Operational
bufr4/3/07/091/19/101000,07,Последовательности сводок приземных данных (суша),307091,"Интенсивность осадков, размер элемента осадков",,101000,Повторение с задержкой 1 дескриптора,,,,Operational
bufr4/3/07/091/20/031000,07,Последовательности сводок приземных данных (суша),307091,"Интенсивность осадков, размер элемента осадков",,031000,Коэффициент повторения короткого дескриптора с задержкой,,,,Operational
bufr4/3/07/091/21/302082,07,Последовательности сводок приземных данных (суша),307091,"Интенсивность осадков, размер элемента осадков",,302082,Данные о радиации,,,,Operational
bufr4/3/07/091/22/102000,07,Последовательности сводок приземных данных (суша),307091,"Интенсивность осадков, размер элемента осадков",,102000,Повторение с задержкой 2 дескрипторов,,,,Operational
bufr4/3/07/091/23/031000,07,Последовательности сводок приземных данных (суша),307091,"Интенсивность осадков, размер элемента осадков",,031000,Коэффициент повторения короткого дескриптора с задержкой,,,,Operational
bufr4/3/07/091/24/004025,07,Последовательности сводок приземных данных (суша),307091,"Интенсивность осадков, размер элемента осадков",,004025,Временной период или отклонение = –10 (минуты),,,,Operational
bufr4/3/07/091/25/013059,07,Последовательности сводок приземных данных (суша),307091,"Интенсивность осадков, размер элемента осадков",,013059,Количество вспышек (гроза),,,,Operational
bufr4/3/07/091/26/101000,07,Последовательности сводок приземных данных (суша),307091,"Интенсивность осадков, размер элемента осадков",,101000,Повторение с задержкой 1 дескриптора,,,,Operational
bufr4/3/07/091/27/031000,07,Последовательности сводок приземных данных (суша),307091,"Интенсивность осадков, размер элемента осадков",,031000,Коэффициент повторения короткого дескриптора с задержкой,,,,Operational
bufr4/3/07/091/28/302083,07,Последовательности сводок приземных данных (суша),307091,"Интенсивность осадков, размер элемента осадков",,302083,"Статистические данные первого порядка о давлении, ветре, температуре и влажности",,,,Operational
bufr4/3/07/091/29/033005,07,Последовательности сводок приземных данных (суша),307091,"Интенсивность осадков, размер элемента осадков",,033005,Информация о качестве (данные АМС),,,,Operational
bufr4/3/07/091/30/033006,07,Последовательности сводок приземных данных (суша),307091,"Интенсивность осадков, размер элемента осадков",,033006,Информация о состоянии внутренних измерений (АМС) (Образец BUFR для приземных наблюдений за n-минутный период),,,,Operational
bufr4/3/07/092/1/301150,07,Последовательности сводок приземных данных (суша),307092,Идентификатор ИГСНВ,,301150,Идентификатор ИГСНВ,,,,Operational
bufr4/3/07/092/2/301001,07,Последовательности сводок приземных данных (суша),307092,Идентификатор ИГСНВ,,301001,Номера блока и станции ВМО,,,,Operational
bufr4/3/07/092/3/208040,07,Последовательности сводок приземных данных (суша),307092,Идентификатор ИГСНВ,,208040,Изменить ширину поля МККТТ МА5,,,,Operational
bufr4/3/07/092/4/001019,07,Последовательности сводок приземных данных (суша),307092,Идентификатор ИГСНВ,,001019,Полное название станции или поста 40 символов,,,,Operational
bufr4/3/07/092/5/208000,07,Последовательности сводок приземных данных (суша),307092,Идентификатор ИГСНВ,,208000,Изменить ширину поля МККТТ МА5 I.2 – Табл. D BUFR/07 — 29,(продолж.),,,Operational
bufr4/3/07/092/1/301011,07,Последовательности сводок приземных данных (суша),307092,"Год, месяц, день Идентификация времени относится к концу n-минутного периода",,301011,"Год, месяц, день Идентификация времени относится к концу n-минутного периода",,,,Operational
bufr4/3/07/092/2/301012,07,Последовательности сводок приземных данных (суша),307092,"Год, месяц, день Идентификация времени относится к концу n-минутного периода",,301012,"Час, минута",,,,Operational
bufr4/3/07/092/3/301021,07,Последовательности сводок приземных данных (суша),307092,"Год, месяц, день Идентификация времени относится к концу n-минутного периода",,301021,Широта/долгота (высокая точность),,,,Operational
bufr4/3/07/092/4/007030,07,Последовательности сводок приземных данных (суша),307092,"Год, месяц, день Идентификация времени относится к концу n-минутного периода",,007030,Высота площадки станции над средним уровнем моря,,,,Operational
bufr4/3/07/092/5/001023,07,Последовательности сводок приземных данных (суша),307092,"Год, месяц, день Идентификация времени относится к концу n-минутного периода",,001023,Номер последовательности наблюдений,,,,Operational
bufr4/3/07/092/6/108000,07,Последовательности сводок приземных данных (суша),307092,"Год, месяц, день Идентификация времени относится к концу n-минутного периода",,108000,Повторение с задержкой 8 дескрипторов,,,,Operational
bufr4/3/07/092/7/031000,07,Последовательности сводок приземных данных (суша),307092,"Год, месяц, день Идентификация времени относится к концу n-минутного периода",,031000,Коэффициент повторения короткого дескриптора с задержкой,,,,Operational
bufr4/3/07/092/8/007031,07,Последовательности сводок приземных данных (суша),307092,"Год, месяц, день Идентификация времени относится к концу n-минутного периода",,007031,Высота барометра над средним уровнем моря,,,,Operational
bufr4/3/07/092/9/204018,07,Последовательности сводок приземных данных (суша),307092,"Год, месяц, день Идентификация времени относится к концу n-минутного периода",,204018,Добавить ассоциированное поле,,,,Operational
bufr4/3/07/092/10/031021,07,Последовательности сводок приземных данных (суша),307092,"Год, месяц, день Идентификация времени относится к концу n-минутного периода",,031021,Значимость ассоциированного поля,,,,Operational
bufr4/3/07/092/11/010004,07,Последовательности сводок приземных данных (суша),307092,"Год, месяц, день Идентификация времени относится к концу n-минутного периода",,010004,Давление Измеренное значение давления воздуха в месте расположения и на высоте датчика,,,,Operational
bufr4/3/07/092/12/010051,07,Последовательности сводок приземных данных (суша),307092,"Год, месяц, день Идентификация времени относится к концу n-минутного периода",,010051,"Давление, приведенное к среднему уровню моря",,,,Operational
bufr4/3/07/092/13/007004,07,Последовательности сводок приземных данных (суша),307092,"Год, месяц, день Идентификация времени относится к концу n-минутного периода",,007004,Давление Стандартный уровень,,,,Operational
bufr4/3/07/092/14/010009,07,Последовательности сводок приземных данных (суша),307092,"Год, месяц, день Идентификация времени относится к концу n-минутного периода",,010009,Геопотенциальная высота Стандартный уровень,,,,Operational
bufr4/3/07/092/15/204000,07,Последовательности сводок приземных данных (суша),307092,"Год, месяц, день Идентификация времени относится к концу n-минутного периода",,204000,Добавить ассоциированное поле Отмена,,,,Operational
bufr4/3/07/092/16/115000,07,Последовательности сводок приземных данных (суша),307092,"Год, месяц, день Идентификация времени относится к концу n-минутного периода",,115000,Повторение с задержкой 15 дескрипторов,,,,Operational
bufr4/3/07/092/17/031001,07,Последовательности сводок приземных данных (суша),307092,"Год, месяц, день Идентификация времени относится к концу n-минутного периода",,031001,Коэффициент повторения дескриптора с задержкой,,,,Operational
bufr4/3/07/092/18/007032,07,Последовательности сводок приземных данных (суша),307092,"Год, месяц, день Идентификация времени относится к концу n-минутного периода",,007032,Высота датчика над местной площадкой (или палубой морской платформы),,,,Operational
bufr4/3/07/092/19/008010,07,Последовательности сводок приземных данных (суша),307092,"Год, месяц, день Идентификация времени относится к концу n-минутного периода",,008010,Определитель поверхности (данные о температуре),,,,Operational
bufr4/3/07/092/20/204018,07,Последовательности сводок приземных данных (суша),307092,"Год, месяц, день Идентификация времени относится к концу n-минутного периода",,204018,Добавить ассоциированное поле,,,,Operational
bufr4/3/07/092/21/031021,07,Последовательности сводок приземных данных (суша),307092,"Год, месяц, день Идентификация времени относится к концу n-минутного периода",,031021,Значимость ассоциированного поля,,,,Operational
bufr4/3/07/092/22/012101,07,Последовательности сводок приземных данных (суша),307092,"Год, месяц, день Идентификация времени относится к концу n-минутного периода",,012101,Температура/температура воздуха Масштаб: 2,,,,Operational
bufr4/3/07/092/23/012103,07,Последовательности сводок приземных данных (суша),307092,"Год, месяц, день Идентификация времени относится к концу n-минутного периода",,012103,Температура точки росы Масштаб: 2,,,,Operational
bufr4/3/07/092/24/202129,07,Последовательности сводок приземных данных (суша),307092,"Год, месяц, день Идентификация времени относится к концу n-минутного периода",,202129,Изменить масштаб,,,,Operational
bufr4/3/07/092/25/201132,07,Последовательности сводок приземных данных (суша),307092,"Год, месяц, день Идентификация времени относится к концу n-минутного периода",,201132,Изменить длину данных,,,,Operational
bufr4/3/07/092/26/013003,07,Последовательности сводок приземных данных (суша),307092,"Год, месяц, день Идентификация времени относится к концу n-минутного периода",,013003,"Относительная влажность Обязательно для сообщения (в случае наличия датчика влажности), длина данных 11 битов",,,,Operational
bufr4/3/07/092/27/201000,07,Последовательности сводок приземных данных (суша),307092,"Год, месяц, день Идентификация времени относится к концу n-минутного периода",,201000,Изменить длину данных Отмена,,,,Operational
bufr4/3/07/092/28/202000,07,Последовательности сводок приземных данных (суша),307092,"Год, месяц, день Идентификация времени относится к концу n-минутного периода",,202000,Изменить масштаб Отмена,,,,Operational
bufr4/3/07/092/29/013009,07,Последовательности сводок приземных данных (суша),307092,"Год, месяц, день Идентификация времени относится к концу n-минутного периода",,013009,Относительная влажность Исходные измеренные значения,,,,Operational
bufr4/3/07/092/30/204000,07,Последовательности сводок приземных данных (суша),307092,"Год, месяц, день Идентификация времени относится к концу n-минутного периода",,204000,Добавить ассоциированное поле Отмена,,,,Operational
bufr4/3/07/092/31/007032,07,Последовательности сводок приземных данных (суша),307092,"Год, месяц, день Идентификация времени относится к концу n-минутного периода",,007032,Высота датчика над местной площадкой (или палубой Установлено на морской платформы) отсутствующее значение (отмена),,,,Operational
bufr4/3/07/092/32/008010,07,Последовательности сводок приземных данных (суша),307092,"Год, месяц, день Идентификация времени относится к концу n-минутного периода",,008010,Определитель поверхности (данные о температуре) Установлено на отсутствующее значение (отмена),,,,Operational
bufr4/3/07/092/33/107000,07,Последовательности сводок приземных данных (суша),307092,"Год, месяц, день Идентификация времени относится к концу n-минутного периода",,107000,Повторение с задержкой 7 дескрипторов,,,,Operational
bufr4/3/07/092/34/031001,07,Последовательности сводок приземных данных (суша),307092,"Год, месяц, день Идентификация времени относится к концу n-минутного периода",,031001,Коэффициент повторения дескриптора с задержкой,(продолж.),,,Operational
bufr4/3/07/092/1/007061,07,Последовательности сводок приземных данных (суша),307092,Глубина от земной поверхности,,007061,Глубина от земной поверхности,,,,Operational
bufr4/3/07/092/2/204018,07,Последовательности сводок приземных данных (суша),307092,Глубина от земной поверхности,,204018,Добавить ассоциированное поле,,,,Operational
bufr4/3/07/092/3/031021,07,Последовательности сводок приземных данных (суша),307092,Глубина от земной поверхности,,031021,Значимость ассоциированного поля,,,,Operational
bufr4/3/07/092/4/012130,07,Последовательности сводок приземных данных (суша),307092,Глубина от земной поверхности,,012130,Температура почвы,,,,Operational
bufr4/3/07/092/5/013111,07,Последовательности сводок приземных данных (суша),307092,Глубина от земной поверхности,,013111,Влажность почвы,,,,Operational
bufr4/3/07/092/6/204000,07,Последовательности сводок приземных данных (суша),307092,Глубина от земной поверхности,,204000,Добавить ассоциированное поле Отмена,,,,Operational
bufr4/3/07/092/7/007061,07,Последовательности сводок приземных данных (суша),307092,Глубина от земной поверхности,,007061,Глубина от земной поверхности Установлено на отсутствующее значение (отмена),,,,Operational
bufr4/3/07/092/8/105000,07,Последовательности сводок приземных данных (суша),307092,Глубина от земной поверхности,,105000,Повторение с задержкой 5 дескрипторов,,,,Operational
bufr4/3/07/092/9/031000,07,Последовательности сводок приземных данных (суша),307092,Глубина от земной поверхности,,031000,Коэффициент повторения короткого дескриптора с задержкой,,,,Operational
bufr4/3/07/092/10/033041,07,Последовательности сводок приземных данных (суша),307092,Глубина от земной поверхности,,033041,Атрибут следующего значения,,,,Operational
bufr4/3/07/092/11/204018,07,Последовательности сводок приземных данных (суша),307092,Глубина от земной поверхности,,204018,Добавить ассоциированное поле,,,,Operational
bufr4/3/07/092/12/031021,07,Последовательности сводок приземных данных (суша),307092,Глубина от земной поверхности,,031021,Значимость ассоциированного поля,,,,Operational
bufr4/3/07/092/13/020001,07,Последовательности сводок приземных данных (суша),307092,Глубина от земной поверхности,,020001,Горизонтальная видимость,,,,Operational
bufr4/3/07/092/14/204000,07,Последовательности сводок приземных данных (суша),307092,Глубина от земной поверхности,,204000,Добавить ассоциированное поле Отмена,,,,Operational
bufr4/3/07/092/15/113000,07,Последовательности сводок приземных данных (суша),307092,Глубина от земной поверхности,,113000,Повторение с задержкой 13 дескрипторов,,,,Operational
bufr4/3/07/092/16/031000,07,Последовательности сводок приземных данных (суша),307092,Глубина от земной поверхности,,031000,Коэффициент повторения короткого дескриптора с задержкой,,,,Operational
bufr4/3/07/092/17/204018,07,Последовательности сводок приземных данных (суша),307092,Глубина от земной поверхности,,204018,Добавить ассоциированное поле,,,,Operational
bufr4/3/07/092/18/031021,07,Последовательности сводок приземных данных (суша),307092,Глубина от земной поверхности,,031021,Значимость ассоциированного поля,,,,Operational
bufr4/3/07/092/19/020010,07,Последовательности сводок приземных данных (суша),307092,Глубина от земной поверхности,,020010,Облачный покров (общий),,,,Operational
bufr4/3/07/092/20/204000,07,Последовательности сводок приземных данных (суша),307092,Глубина от земной поверхности,,204000,Добавить ассоциированное поле Отмена,,,,Operational
bufr4/3/07/092/21/107000,07,Последовательности сводок приземных данных (суша),307092,Глубина от земной поверхности,,107000,Повторение с задержкой 7 дескрипторов,,,,Operational
bufr4/3/07/092/22/031001,07,Последовательности сводок приземных данных (суша),307092,Глубина от земной поверхности,,031001,Коэффициент повторения дескриптора с задержкой,,,,Operational
bufr4/3/07/092/23/008002,07,Последовательности сводок приземных данных (суша),307092,Глубина от земной поверхности,,008002,Вертикальная значимость (приземные наблюдения),,,,Operational
bufr4/3/07/092/24/204018,07,Последовательности сводок приземных данных (суша),307092,Глубина от земной поверхности,,204018,Добавить ассоциированное поле,,,,Operational
bufr4/3/07/092/25/031021,07,Последовательности сводок приземных данных (суша),307092,Глубина от земной поверхности,,031021,Значимость ассоциированного поля,,,,Operational
bufr4/3/07/092/26/020011,07,Последовательности сводок приземных данных (суша),307092,Глубина от земной поверхности,,020011,Количество облаков,,,,Operational
bufr4/3/07/092/27/020013,07,Последовательности сводок приземных данных (суша),307092,Глубина от земной поверхности,,020013,Высота нижней границы облака,,,,Operational
bufr4/3/07/092/28/204000,07,Последовательности сводок приземных данных (суша),307092,Глубина от земной поверхности,,204000,Добавить ассоциированное поле Отмена,,,,Operational
bufr4/3/07/092/29/008002,07,Последовательности сводок приземных данных (суша),307092,Глубина от земной поверхности,,008002,Вертикальная значимость (приземные наблюдения) Установлено на отсутствующее значение (отмена),,,,Operational
bufr4/3/07/092/30/105000,07,Последовательности сводок приземных данных (суша),307092,Глубина от земной поверхности,,105000,Повторение с задержкой 5 дескрипторов,,,,Operational
bufr4/3/07/092/31/031000,07,Последовательности сводок приземных данных (суша),307092,Глубина от земной поверхности,,031000,Коэффициент повторения короткого дескриптора с задержкой,,,,Operational
bufr4/3/07/092/32/204018,07,Последовательности сводок приземных данных (суша),307092,Глубина от земной поверхности,,204018,Добавить ассоциированное поле,,,,Operational
bufr4/3/07/092/33/031021,07,Последовательности сводок приземных данных (суша),307092,Глубина от земной поверхности,,031021,Значимость ассоциированного поля,,,,Operational
bufr4/3/07/092/34/020062,07,Последовательности сводок приземных данных (суша),307092,Глубина от земной поверхности,,020062,Состояние поверхности почвы (со снегом или без снега),,,,Operational
bufr4/3/07/092/35/013013,07,Последовательности сводок приземных данных (суша),307092,Глубина от земной поверхности,,013013,Суммарная высота снежного покрова,,,,Operational
bufr4/3/07/092/36/204000,07,Последовательности сводок приземных данных (суша),307092,Глубина от земной поверхности,,204000,Добавить ассоциированное поле Отмена,,,,Operational
bufr4/3/07/092/37/105000,07,Последовательности сводок приземных данных (суша),307092,Глубина от земной поверхности,,105000,Повторение с задержкой 5 дескрипторов,,,,Operational
bufr4/3/07/092/38/031000,07,Последовательности сводок приземных данных (суша),307092,Глубина от земной поверхности,,031000,Коэффициент повторения короткого дескриптора с задержкой,,,,Operational
bufr4/3/07/092/39/004025,07,Последовательности сводок приземных данных (суша),307092,Глубина от земной поверхности,,004025,Временной период или смещение = −n минут,,,,Operational
bufr4/3/07/092/40/204018,07,Последовательности сводок приземных данных (суша),307092,Глубина от земной поверхности,,204018,Добавить ассоциированное поле,,,,Operational
bufr4/3/07/092/41/031021,07,Последовательности сводок приземных данных (суша),307092,Глубина от земной поверхности,,031021,Значимость ассоциированного поля,,,,Operational
bufr4/3/07/092/42/020003,07,Последовательности сводок приземных данных (суша),307092,Глубина от земной поверхности,,020003,Текущая погода,,,,Operational
bufr4/3/07/092/43/204000,07,Последовательности сводок приземных данных (суша),307092,Глубина от земной поверхности,,204000,Добавить ассоциированное поле Отмена,,,,Operational
bufr4/3/07/092/44/105000,07,Последовательности сводок приземных данных (суша),307092,Глубина от земной поверхности,,105000,Повторение с задержкой 5 дескрипторов,,,,Operational
bufr4/3/07/092/45/031000,07,Последовательности сводок приземных данных (суша),307092,Глубина от земной поверхности,,031000,Коэффициент повторения короткого дескриптора с задержкой,,,,Operational
bufr4/3/07/092/46/004025,07,Последовательности сводок приземных данных (суша),307092,Глубина от земной поверхности,,004025,Временной период или смещение = −n минут,,,,Operational
bufr4/3/07/092/47/204018,07,Последовательности сводок приземных данных (суша),307092,Глубина от земной поверхности,,204018,Добавить ассоциированное поле,,,,Operational
bufr4/3/07/092/48/031021,07,Последовательности сводок приземных данных (суша),307092,Глубина от земной поверхности,,031021,Значимость ассоциированного поля I.2 – Табл. D BUFR/07 — 31,(продолж.),,,Operational
bufr4/3/07/092/1/013011,07,Последовательности сводок приземных данных (суша),307092,Сумма осадков/суммарный водный эквивалент Снег,,013011,Сумма осадков/суммарный водный эквивалент Снег,,,,Operational
bufr4/3/07/092/2/204000,07,Последовательности сводок приземных данных (суша),307092,Сумма осадков/суммарный водный эквивалент Снег,,204000,Добавить ассоциированное поле Отмена,,,,Operational
bufr4/3/07/092/3/115000,07,Последовательности сводок приземных данных (суша),307092,Сумма осадков/суммарный водный эквивалент Снег,,115000,Повторение с задержкой 15 дескрипторов,,,,Operational
bufr4/3/07/092/4/031001,07,Последовательности сводок приземных данных (суша),307092,Сумма осадков/суммарный водный эквивалент Снег,,031001,Коэффициент повторения дескриптора с задержкой,,,,Operational
bufr4/3/07/092/5/007032,07,Последовательности сводок приземных данных (суша),307092,Сумма осадков/суммарный водный эквивалент Снег,,007032,Высота датчика над местной площадкой (или палубой морской платформы),,,,Operational
bufr4/3/07/092/6/008021,07,Последовательности сводок приземных данных (суша),307092,Сумма осадков/суммарный водный эквивалент Снег,,008021,Значимость времени = 2 Осреднение по времени,,,,Operational
bufr4/3/07/092/7/004025,07,Последовательности сводок приземных данных (суша),307092,Сумма осадков/суммарный водный эквивалент Снег,,004025,Временной период или смещение = −10 минут или количество минут после значительного изменения ветра,,,,Operational
bufr4/3/07/092/8/204018,07,Последовательности сводок приземных данных (суша),307092,Сумма осадков/суммарный водный эквивалент Снег,,204018,Добавить ассоциированное поле,,,,Operational
bufr4/3/07/092/9/031021,07,Последовательности сводок приземных данных (суша),307092,Сумма осадков/суммарный водный эквивалент Снег,,031021,Значимость ассоциированного поля,,,,Operational
bufr4/3/07/092/10/011001,07,Последовательности сводок приземных данных (суша),307092,Сумма осадков/суммарный водный эквивалент Снег,,011001,Направление ветра,,,,Operational
bufr4/3/07/092/11/011002,07,Последовательности сводок приземных данных (суша),307092,Сумма осадков/суммарный водный эквивалент Снег,,011002,Скорость ветра,,,,Operational
bufr4/3/07/092/12/204000,07,Последовательности сводок приземных данных (суша),307092,Сумма осадков/суммарный водный эквивалент Снег,,204000,Добавить ассоциированное поле Отмена,,,,Operational
bufr4/3/07/092/13/008021,07,Последовательности сводок приземных данных (суша),307092,Сумма осадков/суммарный водный эквивалент Снег,,008021,Значимость времени Установлено на отсутствующее значение (отмена),,,,Operational
bufr4/3/07/092/14/204018,07,Последовательности сводок приземных данных (суша),307092,Сумма осадков/суммарный водный эквивалент Снег,,204018,Добавить ассоциированное поле,,,,Operational
bufr4/3/07/092/15/031021,07,Последовательности сводок приземных данных (суша),307092,Сумма осадков/суммарный водный эквивалент Снег,,031021,Значимость ассоциированного поля,,,,Operational
bufr4/3/07/092/16/011043,07,Последовательности сводок приземных данных (суша),307092,Сумма осадков/суммарный водный эквивалент Снег,,011043,Направление ветра при максимальном порыве,,,,Operational
bufr4/3/07/092/17/011041,07,Последовательности сводок приземных данных (суша),307092,Сумма осадков/суммарный водный эквивалент Снег,,011041,Максимальная скорость ветра при порыве,,,,Operational
bufr4/3/07/092/18/204000,07,Последовательности сводок приземных данных (суша),307092,Сумма осадков/суммарный водный эквивалент Снег,,204000,Добавить ассоциированное поле Отмена,,,,Operational
bufr4/3/07/092/19/007032,07,Последовательности сводок приземных данных (суша),307092,Сумма осадков/суммарный водный эквивалент Снег,,007032,Высота датчика над местной площадкой (или палубой Установлено на морской платформы) отсутствующее значение (отмена),,,,Operational
bufr4/3/07/092/20/105000,07,Последовательности сводок приземных данных (суша),307092,Сумма осадков/суммарный водный эквивалент Снег,,105000,Повторение с задержкой 5 дескрипторов,,,,Operational
bufr4/3/07/092/21/031000,07,Последовательности сводок приземных данных (суша),307092,Сумма осадков/суммарный водный эквивалент Снег,,031000,Коэффициент повторения короткого дескриптора с задержкой,,,,Operational
bufr4/3/07/092/22/004025,07,Последовательности сводок приземных данных (суша),307092,Сумма осадков/суммарный водный эквивалент Снег,,004025,Временной период или смещение = −n минут (по умолчанию n=10),,,,Operational
bufr4/3/07/092/23/204018,07,Последовательности сводок приземных данных (суша),307092,Сумма осадков/суммарный водный эквивалент Снег,,204018,Добавить ассоциированное поле,,,,Operational
bufr4/3/07/092/24/031021,07,Последовательности сводок приземных данных (суша),307092,Сумма осадков/суммарный водный эквивалент Снег,,031021,Значимость ассоциированного поля,,,,Operational
bufr4/3/07/092/25/014031,07,Последовательности сводок приземных данных (суша),307092,Сумма осадков/суммарный водный эквивалент Снег,,014031,Общая продолжительность солнечного сияния,,,,Operational
bufr4/3/07/092/26/204000,07,Последовательности сводок приземных данных (суша),307092,Сумма осадков/суммарный водный эквивалент Снег,,204000,Добавить ассоциированное поле Отмена,,,,Operational
bufr4/3/07/092/27/110000,07,Последовательности сводок приземных данных (суша),307092,Сумма осадков/суммарный водный эквивалент Снег,,110000,Повторение с задержкой 10 дескрипторов,,,,Operational
bufr4/3/07/092/28/031000,07,Последовательности сводок приземных данных (суша),307092,Сумма осадков/суммарный водный эквивалент Снег,,031000,Коэффициент повторения короткого дескриптора с Открыть/закрыть задержкой (1/0),,,,Operational
bufr4/3/07/092/29/004025,07,Последовательности сводок приземных данных (суша),307092,Сумма осадков/суммарный водный эквивалент Снег,,004025,Временной период или смещение = −n минут (по умолчанию n=10),,,,Operational
bufr4/3/07/092/30/204018,07,Последовательности сводок приземных данных (суша),307092,Сумма осадков/суммарный водный эквивалент Снег,,204018,Добавить ассоциированное поле,,,,Operational
bufr4/3/07/092/31/031021,07,Последовательности сводок приземных данных (суша),307092,Сумма осадков/суммарный водный эквивалент Снег,,031021,Значимость ассоциированного поля,,,,Operational
bufr4/3/07/092/32/014002,07,Последовательности сводок приземных данных (суша),307092,Сумма осадков/суммарный водный эквивалент Снег,,014002,"Длинноволновая радиация, интегрированная за Уходящая указанный период длинноволновая радиация | Согласно таблице В BUFR, Класс 14, примечание 2: отрицательные значения",(продолж.),,,Operational
bufr4/3/07/092/1/014002,07,Последовательности сводок приземных данных (суша),307092,"Длинноволновая радиация, интегрированная за Приходящая длинноволновая указанный период радиация | Согласно таблице В BUFR, Класс 14, примечание 1: положительные значения",,014002,"Длинноволновая радиация, интегрированная за Приходящая длинноволновая указанный период радиация | Согласно таблице В BUFR, Класс 14, примечание 1: положительные значения",,,,Operational
bufr4/3/07/092/2/014004,07,Последовательности сводок приземных данных (суша),307092,"Длинноволновая радиация, интегрированная за Приходящая длинноволновая указанный период радиация | Согласно таблице В BUFR, Класс 14, примечание 1: положительные значения",,014004,"Коротковолновая радиация, интегрированная за Уходящая указанный период коротковолновая радиация | Согласно таблице В BUFR, Класс 14, примечание 2: отрицательные значения",,,,Operational
bufr4/3/07/092/3/014028,07,Последовательности сводок приземных данных (суша),307092,"Длинноволновая радиация, интегрированная за Приходящая длинноволновая указанный период радиация | Согласно таблице В BUFR, Класс 14, примечание 1: положительные значения",,014028,"Суммарная солнечная радиация (высокая точность), интегрированная за указанный период",,,,Operational
bufr4/3/07/092/4/014029,07,Последовательности сводок приземных данных (суша),307092,"Длинноволновая радиация, интегрированная за Приходящая длинноволновая указанный период радиация | Согласно таблице В BUFR, Класс 14, примечание 1: положительные значения",,014029,"Рассеянная солнечная радиация (высокая точность), интегрированная за указанный период",,,,Operational
bufr4/3/07/092/5/014030,07,Последовательности сводок приземных данных (суша),307092,"Длинноволновая радиация, интегрированная за Приходящая длинноволновая указанный период радиация | Согласно таблице В BUFR, Класс 14, примечание 1: положительные значения",,014030,"Прямая солнечная радиация (высокая точность), интегрированная за указанный период",,,,Operational
bufr4/3/07/092/6/204000,07,Последовательности сводок приземных данных (суша),307092,"Длинноволновая радиация, интегрированная за Приходящая длинноволновая указанный период радиация | Согласно таблице В BUFR, Класс 14, примечание 1: положительные значения",,204000,Отмена Добавить ассоциированное поле,,,,Operational
bufr4/3/07/092/7/113000,07,Последовательности сводок приземных данных (суша),307092,"Длинноволновая радиация, интегрированная за Приходящая длинноволновая указанный период радиация | Согласно таблице В BUFR, Класс 14, примечание 1: положительные значения",,113000,Повторение с задержкой 13 дескрипторов,,,,Operational
bufr4/3/07/092/8/031000,07,Последовательности сводок приземных данных (суша),307092,"Длинноволновая радиация, интегрированная за Приходящая длинноволновая указанный период радиация | Согласно таблице В BUFR, Класс 14, примечание 1: положительные значения",,031000,Коэффициент повторения короткого дескриптора с задержкой,,,,Operational
bufr4/3/07/092/9/004025,07,Последовательности сводок приземных данных (суша),307092,"Длинноволновая радиация, интегрированная за Приходящая длинноволновая указанный период радиация | Согласно таблице В BUFR, Класс 14, примечание 1: положительные значения",,004025,= −n минут (по Временной период или смещение умолчанию n = 10),,,,Operational
bufr4/3/07/092/10/002071,07,Последовательности сводок приземных данных (суша),307092,"Длинноволновая радиация, интегрированная за Приходящая длинноволновая указанный период радиация | Согласно таблице В BUFR, Класс 14, примечание 1: положительные значения",,002071,УФ-A: 315 нм Рабочая длина волны спектрографа,,,,Operational
bufr4/3/07/092/11/002072,07,Последовательности сводок приземных данных (суша),307092,"Длинноволновая радиация, интегрированная за Приходящая длинноволновая указанный период радиация | Согласно таблице В BUFR, Класс 14, примечание 1: положительные значения",,002072,УФ-A: 85 нм Ширина диапазона спектрографа,,,,Operational
bufr4/3/07/092/12/204018,07,Последовательности сводок приземных данных (суша),307092,"Длинноволновая радиация, интегрированная за Приходящая длинноволновая указанный период радиация | Согласно таблице В BUFR, Класс 14, примечание 1: положительные значения",,204018,Добавить ассоциированное поле,,,,Operational
bufr4/3/07/092/13/031021,07,Последовательности сводок приземных данных (суша),307092,"Длинноволновая радиация, интегрированная за Приходящая длинноволновая указанный период радиация | Согласно таблице В BUFR, Класс 14, примечание 1: положительные значения",,031021,Значимость ассоциированного поля,,,,Operational
bufr4/3/07/092/14/014072,07,Последовательности сводок приземных данных (суша),307092,"Длинноволновая радиация, интегрированная за Приходящая длинноволновая указанный период радиация | Согласно таблице В BUFR, Класс 14, примечание 1: положительные значения",,014072,"Интегрированная Суммарная УФ-радиация за указанный период | УФ-A радиация | Согласно таблице В BUFR, Класс 14, примечание 8 (ISO 21348: диапазон длины волны УФ­A 315 ≤ λ",λ ≤400 нм),,,Operational
bufr4/3/07/092/15/204000,07,Последовательности сводок приземных данных (суша),307092,"Длинноволновая радиация, интегрированная за Приходящая длинноволновая указанный период радиация | Согласно таблице В BUFR, Класс 14, примечание 1: положительные значения",,204000,Отмена Добавить ассоциированное поле,,,,Operational
bufr4/3/07/092/16/002071,07,Последовательности сводок приземных данных (суша),307092,"Длинноволновая радиация, интегрированная за Приходящая длинноволновая указанный период радиация | Согласно таблице В BUFR, Класс 14, примечание 1: положительные значения",,002071,УФ-B: 280 нм Рабочая длина волны спектрографа,,,,Operational
bufr4/3/07/092/17/002072,07,Последовательности сводок приземных данных (суша),307092,"Длинноволновая радиация, интегрированная за Приходящая длинноволновая указанный период радиация | Согласно таблице В BUFR, Класс 14, примечание 1: положительные значения",,002072,УФ-B: 35 нм Ширина диапазона спектрографа,,,,Operational
bufr4/3/07/092/18/204018,07,Последовательности сводок приземных данных (суша),307092,"Длинноволновая радиация, интегрированная за Приходящая длинноволновая указанный период радиация | Согласно таблице В BUFR, Класс 14, примечание 1: положительные значения",,204018,Добавить ассоциированное поле,,,,Operational
bufr4/3/07/092/19/031021,07,Последовательности сводок приземных данных (суша),307092,"Длинноволновая радиация, интегрированная за Приходящая длинноволновая указанный период радиация | Согласно таблице В BUFR, Класс 14, примечание 1: положительные значения",,031021,Флаг качества Значимость ассоциированного поля I.2 – Табл. D BUFR/07 — 33,(продолж.),,,Operational
bufr4/3/07/092/1/014072,07,Последовательности сводок приземных данных (суша),307092,"Суммарная УФ-радиация Интегрированная за указанный период | УФ-B радиация | Согласно таблице В BUFR, Класс 14, примечание 8 (ISO 21348: диапазон длины волны УФ­B 280 ≤ λ",,014072,"Суммарная УФ-радиация Интегрированная за указанный период | УФ-B радиация | Согласно таблице В BUFR, Класс 14, примечание 8 (ISO 21348: диапазон длины волны УФ­B 280 ≤ λ",λ ≤ 315 нм),,,Operational
bufr4/3/07/092/2/204000,07,Последовательности сводок приземных данных (суша),307092,"Суммарная УФ-радиация Интегрированная за указанный период | УФ-B радиация | Согласно таблице В BUFR, Класс 14, примечание 8 (ISO 21348: диапазон длины волны УФ­B 280 ≤ λ",,204000,Добавить ассоциированное поле Отмена (Последовательность для представления данных SYNOP с дополнительной информацией о наблюдениях за одночасовой период),,,,Operational
bufr4/3/07/096/1/301090,07,Последовательности сводок приземных данных (суша),307096,"Идентификация станции приземных наблюдений; время, горизонтальные и вертикальные координаты",,301090,"Идентификация станции приземных наблюдений; время, горизонтальные и вертикальные координаты",,,,Operational
bufr4/3/07/096/2/301089,07,Последовательности сводок приземных данных (суша),307096,"Идентификация станции приземных наблюдений; время, горизонтальные и вертикальные координаты",,301089,Идентификация национальной станции,,,,Operational
bufr4/3/07/096/3/008010,07,Последовательности сводок приземных данных (суша),307096,"Идентификация станции приземных наблюдений; время, горизонтальные и вертикальные координаты",,008010,Определитель поверхности (данные о температуре),,,,Operational
bufr4/3/07/096/4/301091,07,Последовательности сводок приземных данных (суша),307096,"Идентификация станции приземных наблюдений; время, горизонтальные и вертикальные координаты",,301091,Приборное оборудование станции приземных наблюдений,,,,Operational
bufr4/3/07/096/5/302084,07,Последовательности сводок приземных данных (суша),307096,"Идентификация станции приземных наблюдений; время, горизонтальные и вертикальные координаты",,302084,«Мгновенные» данные последовательности 3 07 096,,,,Operational
bufr4/3/07/096/6/302085,07,Последовательности сводок приземных данных (суша),307096,"Идентификация станции приземных наблюдений; время, горизонтальные и вертикальные координаты",,302085,Данные о «периоде» последовательности 3 07 096,,,,Operational
bufr4/3/07/096/7/033005,07,Последовательности сводок приземных данных (суша),307096,"Идентификация станции приземных наблюдений; время, горизонтальные и вертикальные координаты",,033005,Информация о качестве (данные АМС),,,,Operational
bufr4/3/07/096/8/033006,07,Последовательности сводок приземных данных (суша),307096,"Идентификация станции приземных наблюдений; время, горизонтальные и вертикальные координаты",,033006,Информация о состоянии внутренних измерений (АМС) (Наблюдения за снегом),,,,Operational
bufr4/3/07/101/1/301089,07,Последовательности сводок приземных данных (суша),307101,Идентификация национальной станции,,301089,Идентификация национальной станции,,,,Operational
bufr4/3/07/101/2/001019,07,Последовательности сводок приземных данных (суша),307101,Идентификация национальной станции,,001019,Полное название станции или поста,,,,Operational
bufr4/3/07/101/3/002001,07,Последовательности сводок приземных данных (суша),307101,Идентификация национальной станции,,002001,Тип станции,,,,Operational
bufr4/3/07/101/4/301011,07,Последовательности сводок приземных данных (суша),307101,Идентификация национальной станции,,301011,"Год, месяц, день",,,,Operational
bufr4/3/07/101/5/301012,07,Последовательности сводок приземных данных (суша),307101,Идентификация национальной станции,,301012,"Час, минута",,,,Operational
bufr4/3/07/101/6/301021,07,Последовательности сводок приземных данных (суша),307101,Идентификация национальной станции,,301021,Широта/долгота (высокая точность),,,,Operational
bufr4/3/07/101/7/007030,07,Последовательности сводок приземных данных (суша),307101,Идентификация национальной станции,,007030,Высота площадки станции над средним уровнем моря,,,,Operational
bufr4/3/07/101/8/007032,07,Последовательности сводок приземных данных (суша),307101,Идентификация национальной станции,,007032,Высота датчика над местной площадкой (или палубой морской платформы),,,,Operational
bufr4/3/07/101/9/012101,07,Последовательности сводок приземных данных (суша),307101,Идентификация национальной станции,,012101,Температура/температура воздуха,,,,Operational
bufr4/3/07/101/10/007032,07,Последовательности сводок приземных данных (суша),307101,Идентификация национальной станции,,007032,Высота датчика над местной площадкой (или палубой морской платформы),,,,Operational
bufr4/3/07/101/11/002177,07,Последовательности сводок приземных данных (суша),307101,Идентификация национальной станции,,002177,Метод измерения высоты снежного покрова,,,,Operational
bufr4/3/07/101/12/020062,07,Последовательности сводок приземных данных (суша),307101,Идентификация национальной станции,,020062,Состояние поверхности земли (со снегом или без снега),,,,Operational
bufr4/3/07/101/13/013013,07,Последовательности сводок приземных данных (суша),307101,Идентификация национальной станции,,013013,Суммарная высота снежного покрова (Информация о погодных условиях на дорогах) Идентификация станции,,,,Operational
bufr4/3/07/102/1/301089,07,Последовательности сводок приземных данных (суша),307102,Идентификация национальной станции,,301089,Идентификация национальной станции,,,,Operational
bufr4/3/07/102/2/001018,07,Последовательности сводок приземных данных (суша),307102,Идентификация национальной станции,,001018,Краткое название станции или поста Для идентификации поста наблюдений за погодой на дорогах,,,,Operational
bufr4/3/07/102/3/001015,07,Последовательности сводок приземных данных (суша),307102,Идентификация национальной станции,,001015,Название станции или поста,,,,Operational
bufr4/3/07/102/4/001104,07,Последовательности сводок приземных данных (суша),307102,Идентификация национальной станции,,001104,Идентификатор государства/федеративного государства,(продолж.),,,Operational
bufr4/3/07/102/1/001105,07,Последовательности сводок приземных данных (суша),307102,Указатель автомагистрали,,001105,Указатель автомагистрали,,,,Operational
bufr4/3/07/102/2/001106,07,Последовательности сводок приземных данных (суша),307102,Указатель автомагистрали,,001106,"Местоположение вдоль автомагистрали, определенное посредством позиционных отметок",,,,Operational
bufr4/3/07/102/3/003017,07,Последовательности сводок приземных данных (суша),307102,Указатель автомагистрали,,003017,Расширенный тип станции,,,,Operational
bufr4/3/07/102/4/003018,07,Последовательности сводок приземных данных (суша),307102,Указатель автомагистрали,,003018,Тип дороги,,,,Operational
bufr4/3/07/102/5/003019,07,Последовательности сводок приземных данных (суша),307102,Указатель автомагистрали,,003019,Тип конструкции,,,,Operational
bufr4/3/07/102/6/301011,07,Последовательности сводок приземных данных (суша),307102,Указатель автомагистрали,,301011,"Год, месяц, день",,,,Operational
bufr4/3/07/102/7/301012,07,Последовательности сводок приземных данных (суша),307102,Указатель автомагистрали,,301012,"Час, минута",,,,Operational
bufr4/3/07/102/8/301021,07,Последовательности сводок приземных данных (суша),307102,Указатель автомагистрали,,301021,Широта/долгота (высокая точность),,,,Operational
bufr4/3/07/102/9/007030,07,Последовательности сводок приземных данных (суша),307102,Указатель автомагистрали,,007030,"Высота площадки станции над средним уровнем моря Данные о температуре, влажности и видимости",,,,Operational
bufr4/3/07/102/10/007032,07,Последовательности сводок приземных данных (суша),307102,Указатель автомагистрали,,007032,Высота датчика над местной площадкой (или палубой морской платформы),,,,Operational
bufr4/3/07/102/11/012101,07,Последовательности сводок приземных данных (суша),307102,Указатель автомагистрали,,012101,Температура/температура воздуха,,,,Operational
bufr4/3/07/102/12/012103,07,Последовательности сводок приземных данных (суша),307102,Указатель автомагистрали,,012103,Температура точки росы,,,,Operational
bufr4/3/07/102/13/013003,07,Последовательности сводок приземных данных (суша),307102,Указатель автомагистрали,,013003,Относительная влажность,,,,Operational
bufr4/3/07/102/14/007032,07,Последовательности сводок приземных данных (суша),307102,Указатель автомагистрали,,007032,Высота датчика над местной площадкой (или палубой Установлено на морской платформы) отсутствующее значение (отмена),,,,Operational
bufr4/3/07/102/15/020001,07,Последовательности сводок приземных данных (суша),307102,Указатель автомагистрали,,020001,Горизонтальная видимость Данные о температуре дорожного покрытия и других параметрах,,,,Operational
bufr4/3/07/102/16/109000,07,Последовательности сводок приземных данных (суша),307102,Указатель автомагистрали,,109000,Повторение с задержкой 9 дескрипторов,,,,Operational
bufr4/3/07/102/17/031001,07,Последовательности сводок приземных данных (суша),307102,Указатель автомагистрали,,031001,Коэффициент повторения дескриптора с задержкой,,,,Operational
bufr4/3/07/102/18/003016,07,Последовательности сводок приземных данных (суша),307102,Указатель автомагистрали,,003016,Расположение дорожных датчиков,,,,Operational
bufr4/3/07/102/19/012128,07,Последовательности сводок приземных данных (суша),307102,Указатель автомагистрали,,012128,Температура поверхности дорожного покрытия,,,,Operational
bufr4/3/07/102/20/102000,07,Последовательности сводок приземных данных (суша),307102,Указатель автомагистрали,,102000,Повторение с задержкой 2 дескрипторов,,,,Operational
bufr4/3/07/102/21/031001,07,Последовательности сводок приземных данных (суша),307102,Указатель автомагистрали,,031001,Коэффициент повторения дескриптора с задержкой,,,,Operational
bufr4/3/07/102/22/007061,07,Последовательности сводок приземных данных (суша),307102,Указатель автомагистрали,,007061,"Глубина от земной поверхности = 0,30 м в первом повторении, = например, 0,15 или 0,07 м во втором повторении",,,,Operational
bufr4/3/07/102/23/012129,07,Последовательности сводок приземных данных (суша),307102,Указатель автомагистрали,,012129,Подповерхностная температура дорожного покрытия,,,,Operational
bufr4/3/07/102/24/007061,07,Последовательности сводок приземных данных (суша),307102,Указатель автомагистрали,,007061,Глубина от земной поверхности Установлено на отсутствующее значение (отмена),,,,Operational
bufr4/3/07/102/25/013116,07,Последовательности сводок приземных данных (суша),307102,Указатель автомагистрали,,013116,Толщина водяной пленки,,,,Operational
bufr4/3/07/102/26/020138,07,Последовательности сводок приземных данных (суша),307102,Указатель автомагистрали,,020138,Состояние поверхности дорожного покрытия Данные об осадках,,,,Operational
bufr4/3/07/102/27/004025,07,Последовательности сводок приземных данных (суша),307102,Указатель автомагистрали,,004025,Временной период или отклонение = –15 минут,,,,Operational
bufr4/3/07/102/28/020024,07,Последовательности сводок приземных данных (суша),307102,Указатель автомагистрали,,020024,"Интенсивность явления Интенсивность (слабая, умеренная, сильная) осадков",,,,Operational
bufr4/3/07/102/29/013055,07,Последовательности сводок приземных данных (суша),307102,Указатель автомагистрали,,013055,Интенсивность осадков,,,,Operational
bufr4/3/07/102/30/020021,07,Последовательности сводок приземных данных (суша),307102,Указатель автомагистрали,,020021,Тип осадков,,,,Operational
bufr4/3/07/102/31/013011,07,Последовательности сводок приземных данных (суша),307102,Указатель автомагистрали,,013011,Общее количество осадков/суммарный водный эквивалент Данные о ветре,,,,Operational
bufr4/3/07/102/32/007032,07,Последовательности сводок приземных данных (суша),307102,Указатель автомагистрали,,007032,Высота датчика над местной площадкой (или палубой морской платформы),,,,Operational
bufr4/3/07/102/33/008021,07,Последовательности сводок приземных данных (суша),307102,Указатель автомагистрали,,008021,Значимость времени = 2 Усредненное по времени,,,,Operational
bufr4/3/07/102/34/004025,07,Последовательности сводок приземных данных (суша),307102,Указатель автомагистрали,,004025,Временной период или отклонение = –10 минут,,,,Operational
bufr4/3/07/102/35/011001,07,Последовательности сводок приземных данных (суша),307102,Указатель автомагистрали,,011001,Направление ветра I.2 – Табл. D BUFR/07 — 35,(продолж.),,,Operational
bufr4/3/07/102/1/011002,07,Последовательности сводок приземных данных (суша),307102,Скорость ветра,,011002,Скорость ветра,,,,Operational
bufr4/3/07/102/2/008021,07,Последовательности сводок приземных данных (суша),307102,Скорость ветра,,008021,Значимость времени Установлено на отсутствующее значение (отмена) Максимальный порыв ветра,,,,Operational
bufr4/3/07/102/3/004025,07,Последовательности сводок приземных данных (суша),307102,Скорость ветра,,004025,Временной период или отклонение В минутах,,,,Operational
bufr4/3/07/102/4/011043,07,Последовательности сводок приземных данных (суша),307102,Скорость ветра,,011043,Направление ветра при максимальном порыве,,,,Operational
bufr4/3/07/102/5/011041,07,Последовательности сводок приземных данных (суша),307102,Скорость ветра,,011041,Максимальная скорость ветра при порыве Функциональные условия,,,,Operational
bufr4/3/07/102/6/033005,07,Последовательности сводок приземных данных (суша),307102,Скорость ветра,,033005,"Информация о качестве (данные АМС) (Наблюдения за снегом, плотность снега, водный эквивалент снега)",,,,Operational
bufr4/3/07/103/1/301150,07,Последовательности сводок приземных данных (суша),307103,Идентификатор ИГСНВ,,301150,Идентификатор ИГСНВ,,,,Operational
bufr4/3/07/103/2/307101,07,Последовательности сводок приземных данных (суша),307103,Идентификатор ИГСНВ,,307101,Наблюдения за снегом,,,,Operational
bufr4/3/07/103/3/013117,07,Последовательности сводок приземных данных (суша),307103,Идентификатор ИГСНВ,,013117,Плотность снега (содержание жидкой воды),,,,Operational
bufr4/3/07/103/4/003028,07,Последовательности сводок приземных данных (суша),307103,Идентификатор ИГСНВ,,003028,Метод измерения водного эквивалента снега,,,,Operational
bufr4/3/07/103/5/013163,07,Последовательности сводок приземных данных (суша),307103,Идентификатор ИГСНВ,,013163,"Водный эквивалент снега (Последовательность для представления синоптических сводок с фиксированной наземной станции, пригодная для данных SYNOP в соответствии с практикой сообщения данных в РА II)",,,,Operational
bufr4/3/07/182/1/301090,07,Последовательности сводок приземных данных (суша),307182,"Идентификация станции приземных наблюдений; время, горизонтальные и вертикальные координаты",,301090,"Идентификация станции приземных наблюдений; время, горизонтальные и вертикальные координаты",,,,Operational
bufr4/3/07/182/2/302031,07,Последовательности сводок приземных данных (суша),307182,"Идентификация станции приземных наблюдений; время, горизонтальные и вертикальные координаты",,302031,Информация о давлении,,,,Operational
bufr4/3/07/182/3/302035,07,Последовательности сводок приземных данных (суша),307182,"Идентификация станции приземных наблюдений; время, горизонтальные и вертикальные координаты",,302035,Основные синоптические «мгновенные» данные,,,,Operational
bufr4/3/07/182/4/302036,07,Последовательности сводок приземных данных (суша),307182,"Идентификация станции приземных наблюдений; время, горизонтальные и вертикальные координаты",,302036,Облака с нижней границей ниже уровня станции,,,,Operational
bufr4/3/07/182/5/302047,07,Последовательности сводок приземных данных (суша),307182,"Идентификация станции приземных наблюдений; время, горизонтальные и вертикальные координаты",,302047,Направление движения облаков,,,,Operational
bufr4/3/07/182/6/008002,07,Последовательности сводок приземных данных (суша),307182,"Идентификация станции приземных наблюдений; время, горизонтальные и вертикальные координаты",,008002,Вертикальная значимость (приземные наблюдения) Установлено на отсутствующее значение (отмена),,,,Operational
bufr4/3/07/182/7/302048,07,Последовательности сводок приземных данных (суша),307182,"Идентификация станции приземных наблюдений; время, горизонтальные и вертикальные координаты",,302048,Направление движения и возвышение облаков,,,,Operational
bufr4/3/07/182/8/302037,07,Последовательности сводок приземных данных (суша),307182,"Идентификация станции приземных наблюдений; время, горизонтальные и вертикальные координаты",,302037,"За последние Состояние поверхности земли, высота снежного 12 часов покрова, минимальная температура на поверхности земли",,,,Operational
bufr4/3/07/182/9/012120,07,Последовательности сводок приземных данных (суша),307182,"Идентификация станции приземных наблюдений; время, горизонтальные и вертикальные координаты",,012120,Температура на поверхности земли s T’ n g,T’ g,,,Operational
bufr4/3/07/182/10/012122,07,Последовательности сводок приземных данных (суша),307182,"Идентификация станции приземных наблюдений; время, горизонтальные и вертикальные координаты",,012122,Минимальная температура на поверхности земли за s T n g предыдущую ночь,T g,,,Operational
bufr4/3/07/182/11/302043,07,Последовательности сводок приземных данных (суша),307182,"Идентификация станции приземных наблюдений; время, горизонтальные и вертикальные координаты",,302043,Основные синоптические данные «за период»,,,,Operational
bufr4/3/07/182/12/302044,07,Последовательности сводок приземных данных (суша),307182,"Идентификация станции приземных наблюдений; время, горизонтальные и вертикальные координаты",,302044,Данные об испарении,,,,Operational
bufr4/3/07/182/13/101002,07,Последовательности сводок приземных данных (суша),307182,"Идентификация станции приземных наблюдений; время, горизонтальные и вертикальные координаты",,101002,Повторить следующий дескриптор 2 раза,,,,Operational
bufr4/3/07/182/14/302045,07,Последовательности сводок приземных данных (суша),307182,"Идентификация станции приземных наблюдений; время, горизонтальные и вертикальные координаты",,302045,Данные о радиации (за 1 час и 24-часовой период),,,,Operational
bufr4/3/07/182/15/302046,07,Последовательности сводок приземных данных (суша),307182,"Идентификация станции приземных наблюдений; время, горизонтальные и вертикальные координаты",,302046,Изменение температуры,⋅ -1 ч или (продолж.),,,Operational
