Id,Category,CategoryOfSequences_ru,FXY1,Title_ru,SubTitle_ru,FXY2,ElementName_ru,ElementDescription_ru,Note_ru,noteIDs,Status
bufr4/3/09/001/1/301037,09,Последовательности данных вертикального зондирования,309001,"Наземная станция вертикального зондирования Идентификация и т. п. (наземная станция, местопо- ложение с высокой точностью)",,301037,"Наземная станция вертикального зондирования Идентификация и т. п. (наземная станция, местоположение с высокой точностью)",,,,Operational
bufr4/3/09/001/2/101000,09,Последовательности данных вертикального зондирования,309001,"Наземная станция вертикального зондирования Идентификация и т. п. (наземная станция, местопо- ложение с высокой точностью)",,101000,Повторение с задержкой 1 дескриптора,,,,Operational
bufr4/3/09/001/3/031001,09,Последовательности данных вертикального зондирования,309001,"Наземная станция вертикального зондирования Идентификация и т. п. (наземная станция, местопо- ложение с высокой точностью)",,031001,Коэффициент повторения дескриптора с задержкой,,,,Operational
bufr4/3/09/001/4/303011,09,Последовательности данных вертикального зондирования,309001,"Наземная станция вертикального зондирования Идентификация и т. п. (наземная станция, местопо- ложение с высокой точностью)",,303011,Ветер на определенной высоте (Вертикальный профиль ветра),,,,Operational
bufr4/3/09/002/1/301038,09,Последовательности данных вертикального зондирования,309002,"Наземная станция вертикального зондирования Идентификация и т. п. (наземная станция, местопо- ложение с низкой точностью)",,301038,"Наземная станция вертикального зондирования Идентификация и т. п. (наземная станция, местоположение с низкой точностью)",,,,Operational
bufr4/3/09/002/2/101000,09,Последовательности данных вертикального зондирования,309002,"Наземная станция вертикального зондирования Идентификация и т. п. (наземная станция, местопо- ложение с низкой точностью)",,101000,Повторение с задержкой 1 дескриптора,,,,Operational
bufr4/3/09/002/3/031001,09,Последовательности данных вертикального зондирования,309002,"Наземная станция вертикального зондирования Идентификация и т. п. (наземная станция, местопо- ложение с низкой точностью)",,031001,Коэффициент повторения дескриптора с задержкой,,,,Operational
bufr4/3/09/002/4/303011,09,Последовательности данных вертикального зондирования,309002,"Наземная станция вертикального зондирования Идентификация и т. п. (наземная станция, местопо- ложение с низкой точностью)",,303011,Ветер на определенной высоте (Ветрикальный профиль ветра),,,,Operational
bufr4/3/09/003/1/301037,09,Последовательности данных вертикального зондирования,309003,"Наземная станция вертикального зондирования Идентификация и т. п. (наземная станция, местопо- ложение с высокой точностью)",,301037,"Наземная станция вертикального зондирования Идентификация и т. п. (наземная станция, местоположение с высокой точностью)",,,,Operational
bufr4/3/09/003/2/101000,09,Последовательности данных вертикального зондирования,309003,"Наземная станция вертикального зондирования Идентификация и т. п. (наземная станция, местопо- ложение с высокой точностью)",,101000,Повторение с задержкой 1 дескриптора,,,,Operational
bufr4/3/09/003/3/031001,09,Последовательности данных вертикального зондирования,309003,"Наземная станция вертикального зондирования Идентификация и т. п. (наземная станция, местопо- ложение с высокой точностью)",,031001,Коэффициент повторения дескриптора с задержкой,,,,Operational
bufr4/3/09/003/4/303012,09,Последовательности данных вертикального зондирования,309003,"Наземная станция вертикального зондирования Идентификация и т. п. (наземная станция, местопо- ложение с высокой точностью)",,303012,Ветер на заданной изобарической поверхности (Вертикальный профиль ветра),,,,Operational
bufr4/3/09/004/1/301038,09,Последовательности данных вертикального зондирования,309004,"Наземная станция вертикального зондирования Идентификация и т. п. (наземная станция, местопо- ложение с низкой точностью)",,301038,"Наземная станция вертикального зондирования Идентификация и т. п. (наземная станция, местоположение с низкой точностью)",,,,Operational
bufr4/3/09/004/2/101000,09,Последовательности данных вертикального зондирования,309004,"Наземная станция вертикального зондирования Идентификация и т. п. (наземная станция, местопо- ложение с низкой точностью)",,101000,Повторение с задержкой 1 дескриптора,,,,Operational
bufr4/3/09/004/3/031001,09,Последовательности данных вертикального зондирования,309004,"Наземная станция вертикального зондирования Идентификация и т. п. (наземная станция, местопо- ложение с низкой точностью)",,031001,Коэффициент повторения дескриптора с задержкой,,,,Operational
bufr4/3/09/004/4/303012,09,Последовательности данных вертикального зондирования,309004,"Наземная станция вертикального зондирования Идентификация и т. п. (наземная станция, местопо- ложение с низкой точностью)",,303012,Ветер на заданной изобарической поверхности (Вертикальное зондирование с относительной влажностью),,,,Operational
bufr4/3/09/005/1/301037,09,Последовательности данных вертикального зондирования,309005,"Наземная станция вертикального зондирования Идентификация и т. п. (наземная станция, местопо- ложение с высокой точностью)",,301037,"Наземная станция вертикального зондирования Идентификация и т. п. (наземная станция, местоположение с высокой точностью)",,,,Operational
bufr4/3/09/005/2/302004,09,Последовательности данных вертикального зондирования,309005,"Наземная станция вертикального зондирования Идентификация и т. п. (наземная станция, местопо- ложение с высокой точностью)",,302004,Общая информация об облачности Значительный слой облачности,,,,Operational
bufr4/3/09/005/3/101000,09,Последовательности данных вертикального зондирования,309005,"Наземная станция вертикального зондирования Идентификация и т. п. (наземная станция, местопо- ложение с высокой точностью)",,101000,Повторение с задержкой 1 дескриптора,,,,Operational
bufr4/3/09/005/4/031001,09,Последовательности данных вертикального зондирования,309005,"Наземная станция вертикального зондирования Идентификация и т. п. (наземная станция, местопо- ложение с высокой точностью)",,031001,Коэффициент повторения дескриптора с задержкой,,,,Operational
bufr4/3/09/005/5/303013,09,Последовательности данных вертикального зондирования,309005,"Наземная станция вертикального зондирования Идентификация и т. п. (наземная станция, местопо- ложение с высокой точностью)",,303013,"Геопотенциал, температура, влажность, ветер на заданной изобарической поверхности I.2 – Табл. D BUFR/09 — 1",(продолж.),,,Operational
bufr4/3/09/006/1/301038,09,Последовательности данных вертикального зондирования,309006,"Наземная станция вертикального зондирования Идентификация и т. п. (наземная станция, местопо- ложение с низкой точностью)",,301038,"Наземная станция вертикального зондирования Идентификация и т. п. (наземная станция, местоположение с низкой точностью)",,,,Operational
bufr4/3/09/006/2/302004,09,Последовательности данных вертикального зондирования,309006,"Наземная станция вертикального зондирования Идентификация и т. п. (наземная станция, местопо- ложение с низкой точностью)",,302004,Общая информация об облачности Значительный слой облачности,,,,Operational
bufr4/3/09/006/3/101000,09,Последовательности данных вертикального зондирования,309006,"Наземная станция вертикального зондирования Идентификация и т. п. (наземная станция, местопо- ложение с низкой точностью)",,101000,Повторение с задержкой 1 дескриптора,,,,Operational
bufr4/3/09/006/4/031001,09,Последовательности данных вертикального зондирования,309006,"Наземная станция вертикального зондирования Идентификация и т. п. (наземная станция, местопо- ложение с низкой точностью)",,031001,Коэффициент повторения дескриптора с задержкой,,,,Operational
bufr4/3/09/006/5/303013,09,Последовательности данных вертикального зондирования,309006,"Наземная станция вертикального зондирования Идентификация и т. п. (наземная станция, местопо- ложение с низкой точностью)",,303013,"Геопотенциал, температура, влажность, ветер на заданной изобарической поверхности (Вертикальное зондирование с данными о точке росы)",,,,Operational
bufr4/3/09/007/1/301037,09,Последовательности данных вертикального зондирования,309007,"Наземная станция вертикального зондирования Идентификация и т. п. (наземная станция, местопо- ложение с высокой точностью)",,301037,"Наземная станция вертикального зондирования Идентификация и т. п. (наземная станция, местоположение с высокой точностью)",,,,Operational
bufr4/3/09/007/2/302004,09,Последовательности данных вертикального зондирования,309007,"Наземная станция вертикального зондирования Идентификация и т. п. (наземная станция, местопо- ложение с высокой точностью)",,302004,Общая информация об облачности Значительный слой облачности,,,,Operational
bufr4/3/09/007/3/101000,09,Последовательности данных вертикального зондирования,309007,"Наземная станция вертикального зондирования Идентификация и т. п. (наземная станция, местопо- ложение с высокой точностью)",,101000,Повторение с задержкой 1 дескриптора,,,,Operational
bufr4/3/09/007/4/031001,09,Последовательности данных вертикального зондирования,309007,"Наземная станция вертикального зондирования Идентификация и т. п. (наземная станция, местопо- ложение с высокой точностью)",,031001,Коэффициент повторения дескриптора с задержкой,,,,Operational
bufr4/3/09/007/5/303014,09,Последовательности данных вертикального зондирования,309007,"Наземная станция вертикального зондирования Идентификация и т. п. (наземная станция, местопо- ложение с высокой точностью)",,303014,"Геопотенциал, температура, температура точки росы, ветер на заданной изобарической поверхности (Вертикальное зондирование с данными о точке росы)",,,,Operational
bufr4/3/09/008/1/301038,09,Последовательности данных вертикального зондирования,309008,"Наземная станция вертикального зондирования Идентификация и т. п. (наземная станция, местопо- ложение с низкой точностью)",,301038,"Наземная станция вертикального зондирования Идентификация и т. п. (наземная станция, местоположение с низкой точностью)",,,,Operational
bufr4/3/09/008/2/302004,09,Последовательности данных вертикального зондирования,309008,"Наземная станция вертикального зондирования Идентификация и т. п. (наземная станция, местопо- ложение с низкой точностью)",,302004,Общая информация об облачности Значительный слой облачности,,,,Operational
bufr4/3/09/008/3/101000,09,Последовательности данных вертикального зондирования,309008,"Наземная станция вертикального зондирования Идентификация и т. п. (наземная станция, местопо- ложение с низкой точностью)",,101000,Повторение с задержкой 1 дескриптора,,,,Operational
bufr4/3/09/008/4/031001,09,Последовательности данных вертикального зондирования,309008,"Наземная станция вертикального зондирования Идентификация и т. п. (наземная станция, местопо- ложение с низкой точностью)",,031001,Коэффициент повторения дескриптора с задержкой,,,,Operational
bufr4/3/09/008/5/303014,09,Последовательности данных вертикального зондирования,309008,"Наземная станция вертикального зондирования Идентификация и т. п. (наземная станция, местопо- ложение с низкой точностью)",,303014,"Геопотенциал, температура, температура точки росы, ветер на заданной изобарической поверхности (Вертикальный профиль ветра)",,,,Operational
bufr4/3/09/011/1/301039,09,Последовательности данных вертикального зондирования,309011,Судно для вертикального зондирования Идентификация судна и т. п.,,301039,Судно для вертикального зондирования Идентификация судна и т. п.,,,,Operational
bufr4/3/09/011/2/101000,09,Последовательности данных вертикального зондирования,309011,Судно для вертикального зондирования Идентификация судна и т. п.,,101000,Повторение с задержкой 1 дескриптора,,,,Operational
bufr4/3/09/011/3/031001,09,Последовательности данных вертикального зондирования,309011,Судно для вертикального зондирования Идентификация судна и т. п.,,031001,Коэффициент повторения дескриптора с задержкой,,,,Operational
bufr4/3/09/011/4/303011,09,Последовательности данных вертикального зондирования,309011,Судно для вертикального зондирования Идентификация судна и т. п.,,303011,Ветер на определенной высоте (Вертикальный профиль ветра),,,,Operational
bufr4/3/09/012/1/301039,09,Последовательности данных вертикального зондирования,309012,Судно для вертикального зондирования Идентификация судна и т. п.,,301039,Судно для вертикального зондирования Идентификация судна и т. п.,,,,Operational
bufr4/3/09/012/2/101000,09,Последовательности данных вертикального зондирования,309012,Судно для вертикального зондирования Идентификация судна и т. п.,,101000,Повторение с задержкой 1 дескриптора,,,,Operational
bufr4/3/09/012/3/031001,09,Последовательности данных вертикального зондирования,309012,Судно для вертикального зондирования Идентификация судна и т. п.,,031001,Коэффициент повторения дескриптора с задержкой,,,,Operational
bufr4/3/09/012/4/303012,09,Последовательности данных вертикального зондирования,309012,Судно для вертикального зондирования Идентификация судна и т. п.,,303012,Ветер на заданной изобарической поверхности,(продолж.),,,Operational
bufr4/3/09/013/1/301039,09,Последовательности данных вертикального зондирования,309013,Судно для вертикального зондирования Идентификация судна и т. п.,,301039,Судно для вертикального зондирования Идентификация судна и т. п.,,,,Operational
bufr4/3/09/013/2/302004,09,Последовательности данных вертикального зондирования,309013,Судно для вертикального зондирования Идентификация судна и т. п.,,302004,Общая информация об облачности Значительный слой облачности,,,,Operational
bufr4/3/09/013/3/101000,09,Последовательности данных вертикального зондирования,309013,Судно для вертикального зондирования Идентификация судна и т. п.,,101000,Повторение с задержкой 1 дескриптора,,,,Operational
bufr4/3/09/013/4/031001,09,Последовательности данных вертикального зондирования,309013,Судно для вертикального зондирования Идентификация судна и т. п.,,031001,Коэффициент повторения дескриптора с задержкой,,,,Operational
bufr4/3/09/013/5/303013,09,Последовательности данных вертикального зондирования,309013,Судно для вертикального зондирования Идентификация судна и т. п.,,303013,"Геопотенциал, температура, влажность, ветер на заданной изобарической поверхности (Вертикальное зондирование с данными о точке росы)",,,,Operational
bufr4/3/09/014/1/301039,09,Последовательности данных вертикального зондирования,309014,Судно для вертикального зондирования Идентификация судна и т. п.,,301039,Судно для вертикального зондирования Идентификация судна и т. п.,,,,Operational
bufr4/3/09/014/2/302004,09,Последовательности данных вертикального зондирования,309014,Судно для вертикального зондирования Идентификация судна и т. п.,,302004,Общая информация об облачности Значительный слой облачности,,,,Operational
bufr4/3/09/014/3/101000,09,Последовательности данных вертикального зондирования,309014,Судно для вертикального зондирования Идентификация судна и т. п.,,101000,Повторение с задержкой 1 дескриптора,,,,Operational
bufr4/3/09/014/4/031001,09,Последовательности данных вертикального зондирования,309014,Судно для вертикального зондирования Идентификация судна и т. п.,,031001,Коэффициент повторения дескриптора с задержкой,,,,Operational
bufr4/3/09/014/5/303014,09,Последовательности данных вертикального зондирования,309014,Судно для вертикального зондирования Идентификация судна и т. п.,,303014,"Геопотенциал, температура, температура точки росы, ветер на заданной изобарической поверхности (Вертикальный профиль ветра)",,,,Operational
bufr4/3/09/015/1/301040,09,Последовательности данных вертикального зондирования,309015,Судно для вертикального зондирования Идентификация судна и т. п.,,301040,Судно для вертикального зондирования Идентификация судна и т. п.,,,,Operational
bufr4/3/09/015/2/101000,09,Последовательности данных вертикального зондирования,309015,Судно для вертикального зондирования Идентификация судна и т. п.,,101000,Повторение с задержкой 1 дескриптора,,,,Operational
bufr4/3/09/015/3/031001,09,Последовательности данных вертикального зондирования,309015,Судно для вертикального зондирования Идентификация судна и т. п.,,031001,Коэффициент повторения дескриптора с задержкой,,,,Operational
bufr4/3/09/015/4/303011,09,Последовательности данных вертикального зондирования,309015,Судно для вертикального зондирования Идентификация судна и т. п.,,303011,Ветер на определенной высоте (Вертикальный профиль ветра),,,,Operational
bufr4/3/09/016/1/301040,09,Последовательности данных вертикального зондирования,309016,Судно для вертикального зондирования Идентификация судна и т. п.,,301040,Судно для вертикального зондирования Идентификация судна и т. п.,,,,Operational
bufr4/3/09/016/2/101000,09,Последовательности данных вертикального зондирования,309016,Судно для вертикального зондирования Идентификация судна и т. п.,,101000,Повторение с задержкой 1 дескриптора,,,,Operational
bufr4/3/09/016/3/031001,09,Последовательности данных вертикального зондирования,309016,Судно для вертикального зондирования Идентификация судна и т. п.,,031001,Коэффициент повторения дескриптора с задержкой,,,,Operational
bufr4/3/09/016/4/303012,09,Последовательности данных вертикального зондирования,309016,Судно для вертикального зондирования Идентификация судна и т. п.,,303012,Ветер на заданной изобарической поверхности (Вертикальное зондирование с относительной влажностью),,,,Operational
bufr4/3/09/017/1/301040,09,Последовательности данных вертикального зондирования,309017,Судно для вертикального зондирования Идентификация судна и т. п.,,301040,Судно для вертикального зондирования Идентификация судна и т. п.,,,,Operational
bufr4/3/09/017/2/302004,09,Последовательности данных вертикального зондирования,309017,Судно для вертикального зондирования Идентификация судна и т. п.,,302004,Общая информация об облачности Значительный слой облачности,,,,Operational
bufr4/3/09/017/3/101000,09,Последовательности данных вертикального зондирования,309017,Судно для вертикального зондирования Идентификация судна и т. п.,,101000,Повторение с задержкой 1 дескриптора,,,,Operational
bufr4/3/09/017/4/031001,09,Последовательности данных вертикального зондирования,309017,Судно для вертикального зондирования Идентификация судна и т. п.,,031001,Коэффициент повторения дескриптора с задержкой,,,,Operational
bufr4/3/09/017/5/303013,09,Последовательности данных вертикального зондирования,309017,Судно для вертикального зондирования Идентификация судна и т. п.,,303013,"Геопотенциал, температура, влажность, ветер на заданной изобарической поверхности (Вертикальное зондирование с данными о точке росы)",,,,Operational
bufr4/3/09/018/1/301040,09,Последовательности данных вертикального зондирования,309018,Судно для вертикального зондирования Идентификация судна и т. п.,,301040,Судно для вертикального зондирования Идентификация судна и т. п.,,,,Operational
bufr4/3/09/018/2/302004,09,Последовательности данных вертикального зондирования,309018,Судно для вертикального зондирования Идентификация судна и т. п.,,302004,Общая информация об облачности Значительный слой облачности,,,,Operational
bufr4/3/09/018/3/101000,09,Последовательности данных вертикального зондирования,309018,Судно для вертикального зондирования Идентификация судна и т. п.,,101000,Повторение с задержкой 1 дескриптора,,,,Operational
bufr4/3/09/018/4/031001,09,Последовательности данных вертикального зондирования,309018,Судно для вертикального зондирования Идентификация судна и т. п.,,031001,Коэффициент повторения дескриптора с задержкой,,,,Operational
bufr4/3/09/018/5/303014,09,Последовательности данных вертикального зондирования,309018,Судно для вертикального зондирования Идентификация судна и т. п.,,303014,"Геопотенциал, температура, температура точки росы, ветер на заданной изобарической поверхности I.2 – Табл. D BUFR/09 — 3",(продолж.),,,Operational
bufr4/3/09/019/1/301031,09,Последовательности данных вертикального зондирования,309019,"Идентификация и тип станции, дата/время, местоположение (высокая точность), высота станции",,301031,"Идентификация и тип станции, дата/время, местоположение (высокая точность), высота станции",,,,Operational
bufr4/3/09/019/2/002003,09,Последовательности данных вертикального зондирования,309019,"Идентификация и тип станции, дата/время, местоположение (высокая точность), высота станции",,002003,Тип используемого измерительного оборудования,,,,Operational
bufr4/3/09/019/3/101000,09,Последовательности данных вертикального зондирования,309019,"Идентификация и тип станции, дата/время, местоположение (высокая точность), высота станции",,101000,Повторение с задержкой 1 дескриптора,,,,Operational
bufr4/3/09/019/4/031001,09,Последовательности данных вертикального зондирования,309019,"Идентификация и тип станции, дата/время, местоположение (высокая точность), высота станции",,031001,Коэффициент повторения дескриптора с задержкой,,,,Operational
bufr4/3/09/019/5/303011,09,Последовательности данных вертикального зондирования,309019,"Идентификация и тип станции, дата/время, местоположение (высокая точность), высота станции",,303011,Ветер на определенной высоте (Профилометр ветра — декартовы координаты),,,,Operational
bufr4/3/09/020/1/301031,09,Последовательности данных вертикального зондирования,309020,"Идентификация и тип станции, дата/время, местоположение (высокая точность), высота станции",,301031,"Идентификация и тип станции, дата/время, местоположение (высокая точность), высота станции",,,,Operational
bufr4/3/09/020/2/002003,09,Последовательности данных вертикального зондирования,309020,"Идентификация и тип станции, дата/время, местоположение (высокая точность), высота станции",,002003,Тип используемого измерительного оборудования,,,,Operational
bufr4/3/09/020/3/104000,09,Последовательности данных вертикального зондирования,309020,"Идентификация и тип станции, дата/время, местоположение (высокая точность), высота станции",,104000,Повторение с задержкой 4 дескрипторов,,,,Operational
bufr4/3/09/020/4/031001,09,Последовательности данных вертикального зондирования,309020,"Идентификация и тип станции, дата/время, местоположение (высокая точность), высота станции",,031001,Коэффициент повторения дескриптора с задержкой,,,,Operational
bufr4/3/09/020/5/007003,09,Последовательности данных вертикального зондирования,309020,"Идентификация и тип станции, дата/время, местоположение (высокая точность), высота станции",,007003,Геопотенциал,,,,Operational
bufr4/3/09/020/6/011003,09,Последовательности данных вертикального зондирования,309020,"Идентификация и тип станции, дата/время, местоположение (высокая точность), высота станции",,011003,Компонента u,,,,Operational
bufr4/3/09/020/7/011004,09,Последовательности данных вертикального зондирования,309020,"Идентификация и тип станции, дата/время, местоположение (высокая точность), высота станции",,011004,Компонента v,,,,Operational
bufr4/3/09/020/8/011005,09,Последовательности данных вертикального зондирования,309020,"Идентификация и тип станции, дата/время, местоположение (высокая точность), высота станции",,011005,"Компонента w (Данные о ветре, полученные с помощью радиолокатора для измерения профиля ветра (данные о продукции))",,,,Operational
bufr4/3/09/021/1/301001,09,Последовательности данных вертикального зондирования,309021,Номера блока и станции ВМО,,301001,Номера блока и станции ВМО,,,,Operational
bufr4/3/09/021/2/005001,09,Последовательности данных вертикального зондирования,309021,Номера блока и станции ВМО,,005001,Широта (высокая точность),,,,Operational
bufr4/3/09/021/3/006001,09,Последовательности данных вертикального зондирования,309021,Номера блока и станции ВМО,,006001,Долгота (высокая точность),,,,Operational
bufr4/3/09/021/4/007030,09,Последовательности данных вертикального зондирования,309021,Номера блока и станции ВМО,,007030,Высота площадки станции над средним уровнем моря,,,,Operational
bufr4/3/09/021/5/301014,09,Последовательности данных вертикального зондирования,309021,Номера блока и станции ВМО,,301014,Временной период,,,,Operational
bufr4/3/09/021/6/002003,09,Последовательности данных вертикального зондирования,309021,Номера блока и станции ВМО,,002003,Тип используемого измерительного оборудования,,,,Operational
bufr4/3/09/021/7/002121,09,Последовательности данных вертикального зондирования,309021,Номера блока и станции ВМО,,002121,Средняя частота,,,,Operational
bufr4/3/09/021/8/112000,09,Последовательности данных вертикального зондирования,309021,Номера блока и станции ВМО,,112000,Повторение с задержкой 12 дескрипторов,,,,Operational
bufr4/3/09/021/9/031001,09,Последовательности данных вертикального зондирования,309021,Номера блока и станции ВМО,,031001,Коэффициент повторения дескриптора с задержкой,,,,Operational
bufr4/3/09/021/10/007007,09,Последовательности данных вертикального зондирования,309021,Номера блока и станции ВМО,,007007,Высота,,,,Operational
bufr4/3/09/021/11/301021,09,Последовательности данных вертикального зондирования,309021,Номера блока и станции ВМО,,301021,Широта/долгота (высокая точность),,,,Operational
bufr4/3/09/021/12/011003,09,Последовательности данных вертикального зондирования,309021,Номера блока и станции ВМО,,011003,Компонента u,,,,Operational
bufr4/3/09/021/13/011110,09,Последовательности данных вертикального зондирования,309021,Номера блока и станции ВМО,,011110,Неопределенность компоненты u,,,,Operational
bufr4/3/09/021/14/011004,09,Последовательности данных вертикального зондирования,309021,Номера блока и станции ВМО,,011004,Компонента v,,,,Operational
bufr4/3/09/021/15/011111,09,Последовательности данных вертикального зондирования,309021,Номера блока и станции ВМО,,011111,Неопределенность компоненты v,,,,Operational
bufr4/3/09/021/16/033002,09,Последовательности данных вертикального зондирования,309021,Номера блока и станции ВМО,,033002,Информация о качестве,,,,Operational
bufr4/3/09/021/17/011006,09,Последовательности данных вертикального зондирования,309021,Номера блока и станции ВМО,,011006,Компонента w,,,,Operational
bufr4/3/09/021/18/011112,09,Последовательности данных вертикального зондирования,309021,Номера блока и станции ВМО,,011112,Неопределенность компоненты w,,,,Operational
bufr4/3/09/021/19/033002,09,Последовательности данных вертикального зондирования,309021,Номера блока и станции ВМО,,033002,Информация о качестве,,,,Operational
bufr4/3/09/021/20/010071,09,Последовательности данных вертикального зондирования,309021,Номера блока и станции ВМО,,010071,Вертикальное разрешение,,,,Operational
bufr4/3/09/021/21/027079,09,Последовательности данных вертикального зондирования,309021,Номера блока и станции ВМО,,027079,Горизонтальная ширина измеряемого объема (Виртуальная температура РАСС (данные о продукции)),,,,Operational
bufr4/3/09/022/1/301001,09,Последовательности данных вертикального зондирования,309022,Номера блока и станции ВМО,,301001,Номера блока и станции ВМО,,,,Operational
bufr4/3/09/022/2/005001,09,Последовательности данных вертикального зондирования,309022,Номера блока и станции ВМО,,005001,Широта (высокая точность),,,,Operational
bufr4/3/09/022/3/006001,09,Последовательности данных вертикального зондирования,309022,Номера блока и станции ВМО,,006001,Долгота (высокая точность),,,,Operational
bufr4/3/09/022/4/007030,09,Последовательности данных вертикального зондирования,309022,Номера блока и станции ВМО,,007030,Высота площадки станции над средним уровнем моря,,,,Operational
bufr4/3/09/022/5/301014,09,Последовательности данных вертикального зондирования,309022,Номера блока и станции ВМО,,301014,Временной период,,,,Operational
bufr4/3/09/022/6/002003,09,Последовательности данных вертикального зондирования,309022,Номера блока и станции ВМО,,002003,Тип используемого измерительного оборудования,,,,Operational
bufr4/3/09/022/7/002121,09,Последовательности данных вертикального зондирования,309022,Номера блока и станции ВМО,,002121,Средняя частота,,,,Operational
bufr4/3/09/022/8/110000,09,Последовательности данных вертикального зондирования,309022,Номера блока и станции ВМО,,110000,Повторение с задержкой 10 дескрипторов,,,,Operational
bufr4/3/09/022/9/031001,09,Последовательности данных вертикального зондирования,309022,Номера блока и станции ВМО,,031001,Коэффициент повторения дескриптора с задержкой,,,,Operational
bufr4/3/09/022/10/007007,09,Последовательности данных вертикального зондирования,309022,Номера блока и станции ВМО,,007007,Высота,(продолж.),,,Operational
bufr4/3/09/022/1/301021,09,Последовательности данных вертикального зондирования,309022,Широта/долгота (высокая точность),,301021,Широта/долгота (высокая точность),,,,Operational
bufr4/3/09/022/2/012007,09,Последовательности данных вертикального зондирования,309022,Широта/долгота (высокая точность),,012007,Виртуальная температура,,,,Operational
bufr4/3/09/022/3/012008,09,Последовательности данных вертикального зондирования,309022,Широта/долгота (высокая точность),,012008,Неопределенность виртуальной температуры,,,,Operational
bufr4/3/09/022/4/033002,09,Последовательности данных вертикального зондирования,309022,Широта/долгота (высокая точность),,033002,Информация о качестве,,,,Operational
bufr4/3/09/022/5/011006,09,Последовательности данных вертикального зондирования,309022,Широта/долгота (высокая точность),,011006,Компонента w,,,,Operational
bufr4/3/09/022/6/011112,09,Последовательности данных вертикального зондирования,309022,Широта/долгота (высокая точность),,011112,Неопределенность компоненты w,,,,Operational
bufr4/3/09/022/7/033002,09,Последовательности данных вертикального зондирования,309022,Широта/долгота (высокая точность),,033002,Информация о качестве,,,,Operational
bufr4/3/09/022/8/010071,09,Последовательности данных вертикального зондирования,309022,Широта/долгота (высокая точность),,010071,Вертикальное разрешение,,,,Operational
bufr4/3/09/022/9/027079,09,Последовательности данных вертикального зондирования,309022,Широта/долгота (высокая точность),,027079,Горизонтальная ширина измеряемого объема (Последовательность по лидару) Заголовочный раздел,,,,Operational
bufr4/3/09/023/1/301001,09,Последовательности данных вертикального зондирования,309023,Заголовочный раздел,,301001,Номера блока и станции ВМО,,,,Operational
bufr4/3/09/023/2/005001,09,Последовательности данных вертикального зондирования,309023,Заголовочный раздел,,005001,Широта (высокая точность),,,,Operational
bufr4/3/09/023/3/006001,09,Последовательности данных вертикального зондирования,309023,Заголовочный раздел,,006001,Долгота (высокая точность),,,,Operational
bufr4/3/09/023/4/007030,09,Последовательности данных вертикального зондирования,309023,Заголовочный раздел,,007030,Высота площадки станции над средним уровнем моря,,,,Operational
bufr4/3/09/023/5/301014,09,Последовательности данных вертикального зондирования,309023,Заголовочный раздел,,301014,Временной период,,,,Operational
bufr4/3/09/023/6/002003,09,Последовательности данных вертикального зондирования,309023,Заголовочный раздел,,002003,Тип используемого измерительного оборудования Раздел данных об облачности,,,,Operational
bufr4/3/09/023/7/302004,09,Последовательности данных вертикального зондирования,309023,Заголовочный раздел,,302004,Общая информация об облачности,,,,Operational
bufr4/3/09/023/8/302005,09,Последовательности данных вертикального зондирования,309023,Заголовочный раздел,,302005,Облачный слой Раздел данных об обратном рассеянии,,,,Operational
bufr4/3/09/023/9/114000,09,Последовательности данных вертикального зондирования,309023,Заголовочный раздел,,114000,Повторение с задержкой 14 дескрипторов,,,,Operational
bufr4/3/09/023/10/031001,09,Последовательности данных вертикального зондирования,309023,Заголовочный раздел,,031001,Коэффициент повторения дескриптора с задержкой,,,,Operational
bufr4/3/09/023/11/007007,09,Последовательности данных вертикального зондирования,309023,Заголовочный раздел,,007007,Высота,,,,Operational
bufr4/3/09/023/12/301021,09,Последовательности данных вертикального зондирования,309023,Заголовочный раздел,,301021,Широта/долгота (высокая точность),,,,Operational
bufr4/3/09/023/13/101000,09,Последовательности данных вертикального зондирования,309023,Заголовочный раздел,,101000,Повторение с задержкой 1 дескриптора,,,,Operational
bufr4/3/09/023/14/031001,09,Последовательности данных вертикального зондирования,309023,Заголовочный раздел,,031001,Коэффициент повторения дескриптора с задержкой Количество представленных в данных измерений длины волны,,,,Operational
bufr4/3/09/023/15/002121,09,Последовательности данных вертикального зондирования,309023,Заголовочный раздел,,002121,Средняя частота,,,,Operational
bufr4/3/09/023/16/015063,09,Последовательности данных вертикального зондирования,309023,Заголовочный раздел,,015063,Затухающее обратное рассеяние,,,,Operational
bufr4/3/09/023/17/015064,09,Последовательности данных вертикального зондирования,309023,Заголовочный раздел,,015064,Неопределенность затухающего обратного рассеяния,,,,Operational
bufr4/3/09/023/18/015065,09,Последовательности данных вертикального зондирования,309023,Заголовочный раздел,,015065,Коэффициент обратного рассеяния частиц,,,,Operational
bufr4/3/09/023/19/015066,09,Последовательности данных вертикального зондирования,309023,Заголовочный раздел,,015066,Неопределенность коэффициента обратного рассеяния частиц,,,,Operational
bufr4/3/09/023/20/015067,09,Последовательности данных вертикального зондирования,309023,Заголовочный раздел,,015067,Коэффициент экстинкции частиц,,,,Operational
bufr4/3/09/023/21/015068,09,Последовательности данных вертикального зондирования,309023,Заголовочный раздел,,015068,Неопределенность коэффициента экстинкции частиц,,,,Operational
bufr4/3/09/023/22/015069,09,Последовательности данных вертикального зондирования,309023,Заголовочный раздел,,015069,Лидарное отношение частиц,,,,Operational
bufr4/3/09/023/23/015070,09,Последовательности данных вертикального зондирования,309023,Заголовочный раздел,,015070,Неопределенность лидарного отношения,,,,Operational
bufr4/3/09/023/24/015071,09,Последовательности данных вертикального зондирования,309023,Заголовочный раздел,,015071,Соотношение деполяризации частиц,,,,Operational
bufr4/3/09/023/25/015072,09,Последовательности данных вертикального зондирования,309023,Заголовочный раздел,,015072,Неопределенность соотношения деполяризации,,,,Operational
bufr4/3/09/023/26/033002,09,Последовательности данных вертикального зондирования,309023,Заголовочный раздел,,033002,Информация о качестве,,,,Operational
bufr4/3/09/023/27/010071,09,Последовательности данных вертикального зондирования,309023,Заголовочный раздел,,010071,Вертикальное разрешение,,,,Operational
bufr4/3/09/023/28/027079,09,Последовательности данных вертикального зондирования,309023,Заголовочный раздел,,027079,"Горизонтальная ширина измеряемого объема (Данные об озоне, полученные в результате полета зонда) (см. примечание 1)",,,,Operational
bufr4/3/09/030/1/015004,09,Последовательности данных вертикального зондирования,309030,Коэффициент корректировки (КК) зондирования озона,,015004,Коэффициент корректировки (КК) зондирования озона,,,,Operational
bufr4/3/09/030/2/015005,09,Последовательности данных вертикального зондирования,309030,Коэффициент корректировки (КК) зондирования озона,,015005,p озона,,,,Operational
bufr4/3/09/030/3/104000,09,Последовательности данных вертикального зондирования,309030,Коэффициент корректировки (КК) зондирования озона,,104000,Повторение с задержкой 4 дескрипторов,,,,Operational
bufr4/3/09/030/4/031001,09,Последовательности данных вертикального зондирования,309030,Коэффициент корректировки (КК) зондирования озона,,031001,Коэффициент повторения дескриптора с задержкой I.2 – Табл. D BUFR/09 — 5,(продолж.),,,Operational
bufr4/3/09/030/1/004015,09,Последовательности данных вертикального зондирования,309030,"Временной инкремент С момента запуска, при необходимо- сти, в минутах",,004015,"Временной инкремент С момента запуска, при необходимости, в минутах",,,,Operational
bufr4/3/09/030/2/008006,09,Последовательности данных вертикального зондирования,309030,"Временной инкремент С момента запуска, при необходимо- сти, в минутах",,008006,Значимость вертикального зондирования озона,,,,Operational
bufr4/3/09/030/3/007004,09,Последовательности данных вертикального зондирования,309030,"Временной инкремент С момента запуска, при необходимо- сти, в минутах",,007004,Давление,,,,Operational
bufr4/3/09/030/4/015003,09,Последовательности данных вертикального зондирования,309030,"Временной инкремент С момента запуска, при необходимо- сти, в минутах",,015003,"Измеренное парциальное давление озона (зондирование) (Данные об озоне, полученные в результате полета зонда)",,,,Operational
bufr4/3/09/031/1/015004,09,Последовательности данных вертикального зондирования,309031,Коэффициент корректировки (КК) зондирования озона,,015004,Коэффициент корректировки (КК) зондирования озона,,,,Operational
bufr4/3/09/031/2/015005,09,Последовательности данных вертикального зондирования,309031,Коэффициент корректировки (КК) зондирования озона,,015005,p озона,,,,Operational
bufr4/3/09/031/3/104000,09,Последовательности данных вертикального зондирования,309031,Коэффициент корректировки (КК) зондирования озона,,104000,Повторение с задержкой 4 дескрипторов,,,,Operational
bufr4/3/09/031/4/031001,09,Последовательности данных вертикального зондирования,309031,Коэффициент корректировки (КК) зондирования озона,,031001,Коэффициент повторения дескриптора с задержкой,,,,Operational
bufr4/3/09/031/5/004025,09,Последовательности данных вертикального зондирования,309031,Коэффициент корректировки (КК) зондирования озона,,004025,"Временной период или отклонение С момента запуска, в минутах",,,,Operational
bufr4/3/09/031/6/008006,09,Последовательности данных вертикального зондирования,309031,Коэффициент корректировки (КК) зондирования озона,,008006,Значимость вертикального зондирования озона,,,,Operational
bufr4/3/09/031/7/007004,09,Последовательности данных вертикального зондирования,309031,Коэффициент корректировки (КК) зондирования озона,,007004,Давление,,,,Operational
bufr4/3/09/031/8/015003,09,Последовательности данных вертикального зондирования,309031,Коэффициент корректировки (КК) зондирования озона,,015003,"Измеренное парциальное давление озона (зондирование) (Зондирование озона, не связанное с наземным спектрофотометром) (см. примечание 2)",,,,Operational
bufr4/3/09/040/1/301075,09,Последовательности данных вертикального зондирования,309040,Идентификация зондирования,,301075,Идентификация зондирования,,,,Operational
bufr4/3/09/040/2/301076,09,Последовательности данных вертикального зондирования,309040,Идентификация зондирования,,301076,Приборы для зондирования озона,,,,Operational
bufr4/3/09/040/3/309030,09,Последовательности данных вертикального зондирования,309040,Идентификация зондирования,,309030,"Данные об озоне, полученные в результате полета зонда (Зондирование озона, связанное с измерениями наземным спектрофотометром Брюйера; общее содержание озона, полученное посредством спектрофотометра Брюйера, является единственной величиной) (см. примечание 2)",,,,Operational
bufr4/3/09/041/1/307041,09,Последовательности данных вертикального зондирования,309041,"Данные измерения общего содержания озона Описание назем- наземным спектрофотометром Брюйера, полученные ного элемента путем единственного наблюдения",,307041,"Данные измерения общего содержания озона Описание наземназемным спектрофотометром Брюйера, полученные ного элемента путем единственного наблюдения",,,,Operational
bufr4/3/09/041/2/301075,09,Последовательности данных вертикального зондирования,309041,"Данные измерения общего содержания озона Описание назем- наземным спектрофотометром Брюйера, полученные ного элемента путем единственного наблюдения",,301075,Идентификация зондирования Идентификация элемента зондирования озона,,,,Operational
bufr4/3/09/041/3/301076,09,Последовательности данных вертикального зондирования,309041,"Данные измерения общего содержания озона Описание назем- наземным спектрофотометром Брюйера, полученные ного элемента путем единственного наблюдения",,301076,Приборы для зондирования озона,,,,Operational
bufr4/3/09/041/4/309030,09,Последовательности данных вертикального зондирования,309041,"Данные измерения общего содержания озона Описание назем- наземным спектрофотометром Брюйера, полученные ного элемента путем единственного наблюдения",,309030,"Данные об озоне, полученные в результате полета зонда (Зондирование озона, связанное с измерениями наземным спектрофотометром Брюйера; общее содержание озона, полученное при помощи спектрофотометра Брюйера, является усредненной величиной) (см. примечание 2)",,,,Operational
bufr4/3/09/042/1/307042,09,Последовательности данных вертикального зондирования,309042,"Данные измерения общего содержания озона Описание назем- наземным спектрофотометром Брюйера, полученные ного элемента в результате усредненных наблюдений",,307042,"Данные измерения общего содержания озона Описание наземназемным спектрофотометром Брюйера, полученные ного элемента в результате усредненных наблюдений",,,,Operational
bufr4/3/09/042/2/301075,09,Последовательности данных вертикального зондирования,309042,"Данные измерения общего содержания озона Описание назем- наземным спектрофотометром Брюйера, полученные ного элемента в результате усредненных наблюдений",,301075,Идентификация зондирования Идентификация элемента зондирования озона,(продолж.),,,Operational
bufr4/3/09/042/1/301076,09,Последовательности данных вертикального зондирования,309042,Приборы для зондирования озона,,301076,Приборы для зондирования озона,,,,Operational
bufr4/3/09/042/2/309030,09,Последовательности данных вертикального зондирования,309042,Приборы для зондирования озона,,309030,"Данные об озоне, полученные в результате полета зонда (Зондирование озона, связанное с измерениями наземным спектрофотометром Добсона; общее содержание озона, полученное при помощи спектрофотометра Добсона, является единственной величиной) (см. примечание 2)",,,,Operational
bufr4/3/09/043/1/307043,09,Последовательности данных вертикального зондирования,309043,"Данные измерения общего содержания озона Описание назем наземным спектрофотометром Добсона, полученные ного элемента в результате единственного наблюдения",,307043,"Данные измерения общего содержания озона Описание назем наземным спектрофотометром Добсона, полученные ного элемента в результате единственного наблюдения",,,,Operational
bufr4/3/09/043/2/301075,09,Последовательности данных вертикального зондирования,309043,"Данные измерения общего содержания озона Описание назем наземным спектрофотометром Добсона, полученные ного элемента в результате единственного наблюдения",,301075,Идентификация зондирования Идентификация элемента зондирования озона,,,,Operational
bufr4/3/09/043/3/301076,09,Последовательности данных вертикального зондирования,309043,"Данные измерения общего содержания озона Описание назем наземным спектрофотометром Добсона, полученные ного элемента в результате единственного наблюдения",,301076,Приборы для зондирования озона,,,,Operational
bufr4/3/09/043/4/309030,09,Последовательности данных вертикального зондирования,309043,"Данные измерения общего содержания озона Описание назем наземным спектрофотометром Добсона, полученные ного элемента в результате единственного наблюдения",,309030,"Данные об озоне, полученные в результате полета зонда (Зондирование озона, связанное с измерениями наземным спектрофотометром Добсона; общее содержание озона, полученное при помощи спектрофотометра Добсона, является усредненной величиной) (см. примечание 2)",,,,Operational
bufr4/3/09/044/1/307044,09,Последовательности данных вертикального зондирования,309044,"Описание назем Данные измерения общего содержания озона ного элемента наземным спектрофотометром Добсона, полученные в результате усредненных наблюдений",,307044,"Описание назем Данные измерения общего содержания озона ного элемента наземным спектрофотометром Добсона, полученные в результате усредненных наблюдений",,,,Operational
bufr4/3/09/044/2/301075,09,Последовательности данных вертикального зондирования,309044,"Описание назем Данные измерения общего содержания озона ного элемента наземным спектрофотометром Добсона, полученные в результате усредненных наблюдений",,301075,Идентификация зондирования Идентификация элемента зондирования озона,,,,Operational
bufr4/3/09/044/3/301076,09,Последовательности данных вертикального зондирования,309044,"Описание назем Данные измерения общего содержания озона ного элемента наземным спектрофотометром Добсона, полученные в результате усредненных наблюдений",,301076,Приборы для зондирования озона,,,,Operational
bufr4/3/09/044/4/309030,09,Последовательности данных вертикального зондирования,309044,"Описание назем Данные измерения общего содержания озона ного элемента наземным спектрофотометром Добсона, полученные в результате усредненных наблюдений",,309030,"Данные об озоне, полученные в результате полета зонда (Зондирование озона, не связанное с наземным спектрофотометром)",,,,Operational
bufr4/3/09/045/1/301075,09,Последовательности данных вертикального зондирования,309045,Идентификация зондирования,,301075,Идентификация зондирования,,,,Operational
bufr4/3/09/045/2/301076,09,Последовательности данных вертикального зондирования,309045,Идентификация зондирования,,301076,Приборы для зондирования озона,,,,Operational
bufr4/3/09/045/3/309031,09,Последовательности данных вертикального зондирования,309045,Идентификация зондирования,,309031,"Данные об озоне, полученные в результате полета зонда (Зондирование озона, связанное с измерениями наземным спектрофотометром Брюйера; общее содержание озона, полученное посредством спектрофотометра Брюйера, является единственной величиной)",,,,Operational
bufr4/3/09/046/1/307041,09,Последовательности данных вертикального зондирования,309046,"Данные измерения общего содержания озона Описание назем- наземным спектрофотометром Брюйера, полученные ного элемента путем единственного наблюдения",,307041,"Данные измерения общего содержания озона Описание наземназемным спектрофотометром Брюйера, полученные ного элемента путем единственного наблюдения",,,,Operational
bufr4/3/09/046/2/301075,09,Последовательности данных вертикального зондирования,309046,"Данные измерения общего содержания озона Описание назем- наземным спектрофотометром Брюйера, полученные ного элемента путем единственного наблюдения",,301075,Идентификация зондирования Идентификация элемента зондирования озона,,,,Operational
bufr4/3/09/046/3/301076,09,Последовательности данных вертикального зондирования,309046,"Данные измерения общего содержания озона Описание назем- наземным спектрофотометром Брюйера, полученные ного элемента путем единственного наблюдения",,301076,Приборы для зондирования озона,,,,Operational
bufr4/3/09/046/4/309031,09,Последовательности данных вертикального зондирования,309046,"Данные измерения общего содержания озона Описание назем- наземным спектрофотометром Брюйера, полученные ного элемента путем единственного наблюдения",,309031,"Данные об озоне, полученные в результате полета зонда I.2 – Табл. D BUFR/09 — 7",(продолж.),,,Operational
bufr4/3/09/047/1/307042,09,Последовательности данных вертикального зондирования,309047,"Данные измерения общего содержания озона Описание назем- наземным спектрофотометром Брюйера, полученные ного элемента в результате усредненных наблюдений",,307042,"Данные измерения общего содержания озона Описание наземназемным спектрофотометром Брюйера, полученные ного элемента в результате усредненных наблюдений",,,,Operational
bufr4/3/09/047/2/301075,09,Последовательности данных вертикального зондирования,309047,"Данные измерения общего содержания озона Описание назем- наземным спектрофотометром Брюйера, полученные ного элемента в результате усредненных наблюдений",,301075,Идентификация зондирования Идентификация элемента зондирования озона,,,,Operational
bufr4/3/09/047/3/301076,09,Последовательности данных вертикального зондирования,309047,"Данные измерения общего содержания озона Описание назем- наземным спектрофотометром Брюйера, полученные ного элемента в результате усредненных наблюдений",,301076,Приборы для зондирования озона,,,,Operational
bufr4/3/09/047/4/309031,09,Последовательности данных вертикального зондирования,309047,"Данные измерения общего содержания озона Описание назем- наземным спектрофотометром Брюйера, полученные ного элемента в результате усредненных наблюдений",,309031,"Данные об озоне, полученные в результате полета зонда (Зондирование озона, связанное с измерениями наземным спектрофотометром Добсона; общее содержание озона, полученное при помощи спектрофотометра Добсона, является единственной величиной)",,,,Operational
bufr4/3/09/048/1/307043,09,Последовательности данных вертикального зондирования,309048,"Описание назем- (Данные измерения общего содержания озона наземным спектрофотометром Добсона, полученные ного элемента в результате единственного наблюдения)",,307043,"Описание назем- (Данные измерения общего содержания озона наземным спектрофотометром Добсона, полученные ного элемента в результате единственного наблюдения)",,,,Operational
bufr4/3/09/048/2/301075,09,Последовательности данных вертикального зондирования,309048,"Описание назем- (Данные измерения общего содержания озона наземным спектрофотометром Добсона, полученные ного элемента в результате единственного наблюдения)",,301075,Идентификация зондирования Идентификация элемента зондирования озона,,,,Operational
bufr4/3/09/048/3/301076,09,Последовательности данных вертикального зондирования,309048,"Описание назем- (Данные измерения общего содержания озона наземным спектрофотометром Добсона, полученные ного элемента в результате единственного наблюдения)",,301076,Приборы для зондирования озона,,,,Operational
bufr4/3/09/048/4/309031,09,Последовательности данных вертикального зондирования,309048,"Описание назем- (Данные измерения общего содержания озона наземным спектрофотометром Добсона, полученные ного элемента в результате единственного наблюдения)",,309031,"Данные об озоне, полученные в результате полета зонда (Зондирование озона, связанное с измерениями наземным спектрофотометром Добсона; общее содержание озона, полученное при помощи спектрофотометра Добсона, является усредненной величиной)",,,,Operational
bufr4/3/09/049/1/307044,09,Последовательности данных вертикального зондирования,309049,"Данные измерения общего содержания озона Описание назем- наземным спектрофотометром Добсона, полученные ного элемента в результате усредненных наблюдений",,307044,"Данные измерения общего содержания озона Описание наземназемным спектрофотометром Добсона, полученные ного элемента в результате усредненных наблюдений",,,,Operational
bufr4/3/09/049/2/301075,09,Последовательности данных вертикального зондирования,309049,"Данные измерения общего содержания озона Описание назем- наземным спектрофотометром Добсона, полученные ного элемента в результате усредненных наблюдений",,301075,Идентификация зондирования Идентификация элемента зондирования озона,,,,Operational
bufr4/3/09/049/3/301076,09,Последовательности данных вертикального зондирования,309049,"Данные измерения общего содержания озона Описание назем- наземным спектрофотометром Добсона, полученные ного элемента в результате усредненных наблюдений",,301076,Приборы для зондирования озона,,,,Operational
bufr4/3/09/049/4/309031,09,Последовательности данных вертикального зондирования,309049,"Данные измерения общего содержания озона Описание назем- наземным спектрофотометром Добсона, полученные ного элемента в результате усредненных наблюдений",,309031,"Данные об озоне, полученные в результате полета зонда (Последовательность для представления данных наблюдений типа PILOT, PILOT SHIP и PILOT MOBIL, с давлением в качестве вертикальной координаты)",,,,Operational
bufr4/3/09/050/1/301110,09,Последовательности данных вертикального зондирования,309050,Идентификация места запуска и приборов для измерения ветра,,301110,Идентификация места запуска и приборов для измерения ветра,,,,Operational
bufr4/3/09/050/2/301113,09,Последовательности данных вертикального зондирования,309050,Идентификация места запуска и приборов для измерения ветра,,301113,Дата/время запуска,,,,Operational
bufr4/3/09/050/3/301114,09,Последовательности данных вертикального зондирования,309050,Идентификация места запуска и приборов для измерения ветра,,301114,Горизонтальная и вертикальная координаты места запуска,,,,Operational
bufr4/3/09/050/4/101000,09,Последовательности данных вертикального зондирования,309050,Идентификация места запуска и приборов для измерения ветра,,101000,Повторение с задержкой 1 дескриптора,,,,Operational
bufr4/3/09/050/5/031002,09,Последовательности данных вертикального зондирования,309050,Идентификация места запуска и приборов для измерения ветра,,031002,Коэффициент повторения расширенного дескриптора с задержкой,(продолж.),,,Operational
bufr4/3/09/050/1/303050,09,Последовательности данных вертикального зондирования,309050,"Данные о ветре на уровне давления, на котором находится радиозонд",,303050,"Данные о ветре на уровне давления, на котором находится радиозонд",,,,Operational
bufr4/3/09/050/2/101000,09,Последовательности данных вертикального зондирования,309050,"Данные о ветре на уровне давления, на котором находится радиозонд",,101000,Повторение с задержкой 1 дескриптора,,,,Operational
bufr4/3/09/050/3/031001,09,Последовательности данных вертикального зондирования,309050,"Данные о ветре на уровне давления, на котором находится радиозонд",,031001,Коэффициент повторения дескриптора с задержкой,,,,Operational
bufr4/3/09/050/4/303051,09,Последовательности данных вертикального зондирования,309050,"Данные о ветре на уровне давления, на котором находится радиозонд",,303051,"Сдвиг ветра на уровне давления, на котором находится радиозонд (Последовательность для представления данных наблюдений типа PILOT, PILOT SHIP и PILOT MOBIL, с высотой в качестве вертикальной координаты)",,,,Operational
bufr4/3/09/051/1/301110,09,Последовательности данных вертикального зондирования,309051,Идентификация места запуска и приборов для измерения ветра,,301110,Идентификация места запуска и приборов для измерения ветра,,,,Operational
bufr4/3/09/051/2/301113,09,Последовательности данных вертикального зондирования,309051,Идентификация места запуска и приборов для измерения ветра,,301113,Дата/время запуска,,,,Operational
bufr4/3/09/051/3/301114,09,Последовательности данных вертикального зондирования,309051,Идентификация места запуска и приборов для измерения ветра,,301114,Горизонтальная и вертикальная координаты места запуска,,,,Operational
bufr4/3/09/051/4/101000,09,Последовательности данных вертикального зондирования,309051,Идентификация места запуска и приборов для измерения ветра,,101000,Повторение с задержкой 1 дескриптора,,,,Operational
bufr4/3/09/051/5/031002,09,Последовательности данных вертикального зондирования,309051,Идентификация места запуска и приборов для измерения ветра,,031002,Коэффициент повторения расширенного дескриптора с задержкой,,,,Operational
bufr4/3/09/051/6/303052,09,Последовательности данных вертикального зондирования,309051,Идентификация места запуска и приборов для измерения ветра,,303052,Данные о ветре на высоте нахождения радиозонда,,,,Operational
bufr4/3/09/051/7/101000,09,Последовательности данных вертикального зондирования,309051,Идентификация места запуска и приборов для измерения ветра,,101000,Повторение с задержкой 1 дескриптора,,,,Operational
bufr4/3/09/051/8/031001,09,Последовательности данных вертикального зондирования,309051,Идентификация места запуска и приборов для измерения ветра,,031001,Коэффициент повторения дескриптора с задержкой,,,,Operational
bufr4/3/09/051/9/303053,09,Последовательности данных вертикального зондирования,309051,Идентификация места запуска и приборов для измерения ветра,,303053,"Данные о сдвиге ветра на высоте нахождения радиозонда (Последовательность для представления данных наблюдений типа TEMP, TEMP SHIP и TEMP MOBIL)",,,,Operational
bufr4/3/09/052/1/301111,09,Последовательности данных вертикального зондирования,309052,"Идентификация места запуска и приборы для измерения ветра и Д, Т, В (давление, температура, влажность)",,301111,"Идентификация места запуска и приборы для измерения ветра и Д, Т, В (давление, температура, влажность)",,,,Operational
bufr4/3/09/052/2/301113,09,Последовательности данных вертикального зондирования,309052,"Идентификация места запуска и приборы для измерения ветра и Д, Т, В (давление, температура, влажность)",,301113,Дата/время запуска,,,,Operational
bufr4/3/09/052/3/301114,09,Последовательности данных вертикального зондирования,309052,"Идентификация места запуска и приборы для измерения ветра и Д, Т, В (давление, температура, влажность)",,301114,Горизонтальная и вертикальная координаты места запуска,,,,Operational
bufr4/3/09/052/4/302049,09,Последовательности данных вертикального зондирования,309052,"Идентификация места запуска и приборы для измерения ветра и Д, Т, В (давление, температура, влажность)",,302049,"Информация об облачности, полученная вертикальным зондированием",,,,Operational
bufr4/3/09/052/5/022043,09,Последовательности данных вертикального зондирования,309052,"Идентификация места запуска и приборы для измерения ветра и Д, Т, В (давление, температура, влажность)",,022043,Температура моря/воды,,,,Operational
bufr4/3/09/052/6/101000,09,Последовательности данных вертикального зондирования,309052,"Идентификация места запуска и приборы для измерения ветра и Д, Т, В (давление, температура, влажность)",,101000,,,,,Operational
bufr4/3/09/052/7/031002,09,Последовательности данных вертикального зондирования,309052,"Идентификация места запуска и приборы для измерения ветра и Д, Т, В (давление, температура, влажность)",,031002,Коэффициент повторения расширенного дескриптора с задержкой,,,,Operational
bufr4/3/09/052/8/303054,09,Последовательности данных вертикального зондирования,309052,"Идентификация места запуска и приборы для измерения ветра и Д, Т, В (давление, температура, влажность)",,303054,"Данные о температуре, точке росы и ветре на уровне давления, на котором находится радиозонд",,,,Operational
bufr4/3/09/052/9/101000,09,Последовательности данных вертикального зондирования,309052,"Идентификация места запуска и приборы для измерения ветра и Д, Т, В (давление, температура, влажность)",,101000,Повторение с задержкой 1 дескриптора,,,,Operational
bufr4/3/09/052/10/031001,09,Последовательности данных вертикального зондирования,309052,"Идентификация места запуска и приборы для измерения ветра и Д, Т, В (давление, температура, влажность)",,031001,Коэффициент повторения дескриптора с задержкой,,,,Operational
bufr4/3/09/052/11/303051,09,Последовательности данных вертикального зондирования,309052,"Идентификация места запуска и приборы для измерения ветра и Д, Т, В (давление, температура, влажность)",,303051,"Данные о сдвиге ветра на уровне давления, на котором находится радиозонд (Последовательность для представления данных наблюдений типа TEMP DROP)",,,,Operational
bufr4/3/09/053/1/301112,09,Последовательности данных вертикального зондирования,309053,Идентификация места запуска и аппаратуры сбрасываемого зонда,,301112,Идентификация места запуска и аппаратуры сбрасываемого зонда,,,,Operational
bufr4/3/09/053/2/301113,09,Последовательности данных вертикального зондирования,309053,Идентификация места запуска и аппаратуры сбрасываемого зонда,,301113,Дата/время запуска,,,,Operational
bufr4/3/09/053/3/301114,09,Последовательности данных вертикального зондирования,309053,Идентификация места запуска и аппаратуры сбрасываемого зонда,,301114,Горизонтальная и вертикальная координаты места запуска,,,,Operational
bufr4/3/09/053/4/101000,09,Последовательности данных вертикального зондирования,309053,Идентификация места запуска и аппаратуры сбрасываемого зонда,,101000,Повторение с задержкой 1 дескриптора,,,,Operational
bufr4/3/09/053/5/031002,09,Последовательности данных вертикального зондирования,309053,Идентификация места запуска и аппаратуры сбрасываемого зонда,,031002,Коэффициент повторения расширенного дескриптора с задержкой I.2 – Табл. D BUFR/09 — 9,(продолж.),,,Operational
bufr4/3/09/053/1/303054,09,Последовательности данных вертикального зондирования,309053,"Данные о температуре, точке росы и ветре на уровне давления, на котором находится радиозонд",,303054,"Данные о температуре, точке росы и ветре на уровне давления, на котором находится радиозонд",,,,Operational
bufr4/3/09/053/2/101000,09,Последовательности данных вертикального зондирования,309053,"Данные о температуре, точке росы и ветре на уровне давления, на котором находится радиозонд",,101000,Повторение с задержкой 1 дескриптора,,,,Operational
bufr4/3/09/053/3/031001,09,Последовательности данных вертикального зондирования,309053,"Данные о температуре, точке росы и ветре на уровне давления, на котором находится радиозонд",,031001,Коэффициент повторения дескриптора с задержкой,,,,Operational
bufr4/3/09/053/4/303051,09,Последовательности данных вертикального зондирования,309053,"Данные о температуре, точке росы и ветре на уровне давления, на котором находится радиозонд",,303051,"Данные о сдвиге ветра на уровне давления, на котором находится радиозонд (Последовательность для представления данных CLIMAT TEMP и CLIMAT TEMP SHIP)",,,,Operational
bufr4/3/09/054/1/301001,09,Последовательности данных вертикального зондирования,309054,Номера блока и станции ВМО Идентификация места запуска,,301001,Номера блока и станции ВМО Идентификация места запуска,,,,Operational
bufr4/3/09/054/2/001011,09,Последовательности данных вертикального зондирования,309054,Номера блока и станции ВМО Идентификация места запуска,,001011,Указатель судна или подвижной наземной станции Позывной сигнал судна,,,,Operational
bufr4/3/09/054/3/301011,09,Последовательности данных вертикального зондирования,309054,Номера блока и станции ВМО Идентификация места запуска,,301011,"Год, месяц, день",,,,Operational
bufr4/3/09/054/4/301012,09,Последовательности данных вертикального зондирования,309054,Номера блока и станции ВМО Идентификация места запуска,,301012,"Час, минута",,,,Operational
bufr4/3/09/054/5/301021,09,Последовательности данных вертикального зондирования,309054,Номера блока и станции ВМО Идентификация места запуска,,301021,Широта/долгота (высокая точность),,,,Operational
bufr4/3/09/054/6/007030,09,Последовательности данных вертикального зондирования,309054,Номера блока и станции ВМО Идентификация места запуска,,007030,Высота площадки станции над средним уровнем моря,,,,Operational
bufr4/3/09/054/7/007031,09,Последовательности данных вертикального зондирования,309054,Номера блока и станции ВМО Идентификация места запуска,,007031,Высота барометра над средним уровнем моря,,,,Operational
bufr4/3/09/054/8/007007,09,Последовательности данных вертикального зондирования,309054,Номера блока и станции ВМО Идентификация места запуска,,007007,Высота Точка запуска зонда над средним уровнем моря Среднемесячные данные,,,,Operational
bufr4/3/09/054/9/004023,09,Последовательности данных вертикального зондирования,309054,Номера блока и станции ВМО Идентификация места запуска,,004023,Временной период или отклонение Количество дней в месяце,,,,Operational
bufr4/3/09/054/10/004059,09,Последовательности данных вертикального зондирования,309054,Номера блока и станции ВМО Идентификация места запуска,,004059,"Сроки наблюдений, использованные для расчета сообщаемых средних величин",,,,Operational
bufr4/3/09/054/11/115000,09,Последовательности данных вертикального зондирования,309054,Номера блока и станции ВМО Идентификация места запуска,,115000,Повторение с задержкой 15 дескрипторов,,,,Operational
bufr4/3/09/054/12/031001,09,Последовательности данных вертикального зондирования,309054,Номера блока и станции ВМО Идентификация места запуска,,031001,Коэффициент повторения дескриптора с задержкой,,,,Operational
bufr4/3/09/054/13/008001,09,Последовательности данных вертикального зондирования,309054,Номера блока и станции ВМО Идентификация места запуска,,008001,Значимость вертикального зондирования,,,,Operational
bufr4/3/09/054/14/008023,09,Последовательности данных вертикального зондирования,309054,Номера блока и станции ВМО Идентификация места запуска,,008023,Статистические данные первого порядка = 4 Среднее значение,,,,Operational
bufr4/3/09/054/15/007004,09,Последовательности данных вертикального зондирования,309054,Номера блока и станции ВМО Идентификация места запуска,,007004,Давление,,,,Operational
bufr4/3/09/054/16/010009,09,Последовательности данных вертикального зондирования,309054,Номера блока и станции ВМО Идентификация места запуска,,010009,,,,,Operational
bufr4/3/09/054/17/012101,09,Последовательности данных вертикального зондирования,309054,Номера блока и станции ВМО Идентификация места запуска,,012101,Температура/температура воздуха,,,,Operational
bufr4/3/09/054/18/012103,09,Последовательности данных вертикального зондирования,309054,Номера блока и станции ВМО Идентификация места запуска,,012103,Температура точки росы,,,,Operational
bufr4/3/09/054/19/008023,09,Последовательности данных вертикального зондирования,309054,Номера блока и станции ВМО Идентификация места запуска,,008023,Статистические данные первого порядка = 32 Векторное среднее,,,,Operational
bufr4/3/09/054/20/011001,09,Последовательности данных вертикального зондирования,309054,Номера блока и станции ВМО Идентификация места запуска,,011001,Направление ветра,,,,Operational
bufr4/3/09/054/21/011002,09,Последовательности данных вертикального зондирования,309054,Номера блока и станции ВМО Идентификация места запуска,,011002,Скорость ветра,,,,Operational
bufr4/3/09/054/22/008023,09,Последовательности данных вертикального зондирования,309054,Номера блока и станции ВМО Идентификация места запуска,,008023,Статистические данные первого порядка Установлено на отсутствующее значение,,,,Operational
bufr4/3/09/054/23/011019,09,Последовательности данных вертикального зондирования,309054,Номера блока и станции ВМО Идентификация места запуска,,011019,Постоянство ветра,,,,Operational
bufr4/3/09/054/24/008050,09,Последовательности данных вертикального зондирования,309054,Номера блока и станции ВМО Идентификация места запуска,,008050,Определитель для ряда отсутствующих значений при = 2 Температура расчете статистических данных,,,,Operational
bufr4/3/09/054/25/008020,09,Последовательности данных вертикального зондирования,309054,Номера блока и станции ВМО Идентификация места запуска,,008020,Общее число отсутствующих величин (для суммы или Дни средней),,,,Operational
bufr4/3/09/054/26/008050,09,Последовательности данных вертикального зондирования,309054,Номера блока и станции ВМО Идентификация места запуска,,008050,Определитель для ряда отсутствующих значений при = 9 Ветер расчете статистических данных,,,,Operational
bufr4/3/09/054/27/008020,09,Последовательности данных вертикального зондирования,309054,Номера блока и станции ВМО Идентификация места запуска,,008020,Общее число отсутствующих величин (для суммы или Дни средней),(продолж.),,,Operational
bufr4/3/09/055/1/025061,09,Последовательности данных вертикального зондирования,309055,"Идентификация места запуска и приборов для измерения ветра и Д, Т, В (давление, температура, влажность)",,025061,Идентификация программного обеспечения и номер версии,,,,Operational
bufr4/3/09/055/2/001081,09,Последовательности данных вертикального зондирования,309055,"Идентификация места запуска и приборов для измерения ветра и Д, Т, В (давление, температура, влажность)",,001081,Серийный номер радиозонда,,,,Operational
bufr4/3/09/055/3/001082,09,Последовательности данных вертикального зондирования,309055,"Идентификация места запуска и приборов для измерения ветра и Д, Т, В (давление, температура, влажность)",,001082,Номер подъема радиозонда,,,,Operational
bufr4/3/09/055/4/002067,09,Последовательности данных вертикального зондирования,309055,"Идентификация места запуска и приборов для измерения ветра и Д, Т, В (давление, температура, влажность)",,002067,Рабочая частота радиозонда,,,,Operational
bufr4/3/09/055/5/002095,09,Последовательности данных вертикального зондирования,309055,"Идентификация места запуска и приборов для измерения ветра и Д, Т, В (давление, температура, влажность)",,002095,Тип датчика давления,,,,Operational
bufr4/3/09/055/6/002096,09,Последовательности данных вертикального зондирования,309055,"Идентификация места запуска и приборов для измерения ветра и Д, Т, В (давление, температура, влажность)",,002096,Тип датчика температуры,,,,Operational
bufr4/3/09/055/7/002097,09,Последовательности данных вертикального зондирования,309055,"Идентификация места запуска и приборов для измерения ветра и Д, Т, В (давление, температура, влажность)",,002097,Тип датчика влажности,,,,Operational
bufr4/3/09/055/8/002081,09,Последовательности данных вертикального зондирования,309055,"Идентификация места запуска и приборов для измерения ветра и Д, Т, В (давление, температура, влажность)",,002081,Тип шара-зонда,,,,Operational
bufr4/3/09/055/9/002082,09,Последовательности данных вертикального зондирования,309055,"Идентификация места запуска и приборов для измерения ветра и Д, Т, В (давление, температура, влажность)",,002082,Вес шара-зонда,,,,Operational
bufr4/3/09/055/10/002084,09,Последовательности данных вертикального зондирования,309055,"Идентификация места запуска и приборов для измерения ветра и Д, Т, В (давление, температура, влажность)",,002084,"Тип газа, используемого в шаре-зонде",,,,Operational
bufr4/3/09/055/11/002191,09,Последовательности данных вертикального зондирования,309055,"Идентификация места запуска и приборов для измерения ветра и Д, Т, В (давление, температура, влажность)",,002191,Расчет геопотенциальной высоты,,,,Operational
bufr4/3/09/055/12/301113,09,Последовательности данных вертикального зондирования,309055,"Идентификация места запуска и приборов для измерения ветра и Д, Т, В (давление, температура, влажность)",,301113,Дата/время запуска (см. примечание 3),,,,Operational
bufr4/3/09/055/13/301114,09,Последовательности данных вертикального зондирования,309055,"Идентификация места запуска и приборов для измерения ветра и Д, Т, В (давление, температура, влажность)",,301114,Горизонтальная и вертикальная координаты места запуска,,,,Operational
bufr4/3/09/055/14/010004,09,Последовательности данных вертикального зондирования,309055,"Идентификация места запуска и приборов для измерения ветра и Д, Т, В (давление, температура, влажность)",,010004,Давление,,,,Operational
bufr4/3/09/055/15/302032,09,Последовательности данных вертикального зондирования,309055,"Идентификация места запуска и приборов для измерения ветра и Д, Т, В (давление, температура, влажность)",,302032,Данные о температуре и влажности,,,,Operational
bufr4/3/09/055/16/007032,09,Последовательности данных вертикального зондирования,309055,"Идентификация места запуска и приборов для измерения ветра и Д, Т, В (давление, температура, влажность)",,007032,Высота датчика над местной площадкой (или палубой морской платформы),,,,Operational
bufr4/3/09/055/17/002002,09,Последовательности данных вертикального зондирования,309055,"Идентификация места запуска и приборов для измерения ветра и Д, Т, В (давление, температура, влажность)",,002002,Тип приборного обеспечения для измерения ветра,,,,Operational
bufr4/3/09/055/18/011001,09,Последовательности данных вертикального зондирования,309055,"Идентификация места запуска и приборов для измерения ветра и Д, Т, В (давление, температура, влажность)",,011001,Направление ветра,,,,Operational
bufr4/3/09/055/19/011002,09,Последовательности данных вертикального зондирования,309055,"Идентификация места запуска и приборов для измерения ветра и Д, Т, В (давление, температура, влажность)",,011002,Скорость ветра,,,,Operational
bufr4/3/09/055/20/007032,09,Последовательности данных вертикального зондирования,309055,"Идентификация места запуска и приборов для измерения ветра и Д, Т, В (давление, температура, влажность)",,007032,Высота датчика над местной площадкой (или палубой Установлено на морской платформы) отсутствующее значение (отмена),,,,Operational
bufr4/3/09/055/21/020003,09,Последовательности данных вертикального зондирования,309055,"Идентификация места запуска и приборов для измерения ветра и Д, Т, В (давление, температура, влажность)",,020003,Текущая погода,,,,Operational
bufr4/3/09/055/22/302049,09,Последовательности данных вертикального зондирования,309055,"Идентификация места запуска и приборов для измерения ветра и Д, Т, В (давление, температура, влажность)",,302049,"Информация об облачности, полученная вертикальным зондированием",,,,Operational
bufr4/3/09/055/23/022043,09,Последовательности данных вертикального зондирования,309055,"Идентификация места запуска и приборов для измерения ветра и Д, Т, В (давление, температура, влажность)",,022043,Температура моря/воды,,,,Operational
bufr4/3/09/055/24/101000,09,Последовательности данных вертикального зондирования,309055,"Идентификация места запуска и приборов для измерения ветра и Д, Т, В (давление, температура, влажность)",,101000,Повторение с задержкой 1 дескриптора,,,,Operational
bufr4/3/09/055/25/031002,09,Последовательности данных вертикального зондирования,309055,"Идентификация места запуска и приборов для измерения ветра и Д, Т, В (давление, температура, влажность)",,031002,Коэффициент повторения расширенного дескриптора с задержкой,,,,Operational
bufr4/3/09/055/26/303055,09,Последовательности данных вертикального зондирования,309055,"Идентификация места запуска и приборов для измерения ветра и Д, Т, В (давление, температура, влажность)",,303055,"Данные о температуре, точке росы, относительной влажности и ветре на высоте нахождения радиозонда (см. примечания 4, 5 и 6) (Последовательность для представления данных, полученных при спуске радиозонда)",,,,Operational
bufr4/3/09/056/1/301150,09,Последовательности данных вертикального зондирования,309056,Идентификатор ИГСНВ,,301150,Идентификатор ИГСНВ,,,,Operational
bufr4/3/09/056/2/301111,09,Последовательности данных вертикального зондирования,309056,Идентификатор ИГСНВ,,301111,"Идентификация места запуска и приборов для Д, Т, В и измерений ветра",,,,Operational
bufr4/3/09/056/3/301128,09,Последовательности данных вертикального зондирования,309056,Идентификатор ИГСНВ,,301128,Дополнительная информация о подъеме радиозонда Действительна также для спуска,,,,Operational
bufr4/3/09/056/4/301113,09,Последовательности данных вертикального зондирования,309056,Идентификатор ИГСНВ,,301113,Дата/время запуска (см.примечание 10),,,,Operational
bufr4/3/09/056/5/008091,09,Последовательности данных вертикального зондирования,309056,Идентификатор ИГСНВ,,008091,Значимость координат = 2 Начало наблюдения,,,,Operational
bufr4/3/09/056/6/301021,09,Последовательности данных вертикального зондирования,309056,Идентификатор ИГСНВ,,301021,Широта/долгота (высокая точность) I.2 – Табл. D BUFR/09 — 11,(продолж.),,,Operational
bufr4/3/09/056/1/007007,09,Последовательности данных вертикального зондирования,309056,Высота Начало спуска радиозонда над средним уровнем моря,,007007,Высота Начало спуска радиозонда над средним уровнем моря,,,,Operational
bufr4/3/09/056/2/008091,09,Последовательности данных вертикального зондирования,309056,Высота Начало спуска радиозонда над средним уровнем моря,,008091,Значимость координат Установлено на отсутствующее значение (отмена),,,,Operational
bufr4/3/09/056/3/101000,09,Последовательности данных вертикального зондирования,309056,Высота Начало спуска радиозонда над средним уровнем моря,,101000,Повторение с задержкой 1 дескриптора,,,,Operational
bufr4/3/09/056/4/031002,09,Последовательности данных вертикального зондирования,309056,Высота Начало спуска радиозонда над средним уровнем моря,,031002,Коэффициент повторения расширенного дескриптора с задержкой,,,,Operational
bufr4/3/09/056/5/303056,09,Последовательности данных вертикального зондирования,309056,Высота Начало спуска радиозонда над средним уровнем моря,,303056,"Данные о температуре, точке росы и ветре на (см. примечания 11 уровне давления, на котором находится радиозонд, и 12) и высокая точность давления и геопотенциальной высоты",,,,Operational
bufr4/3/09/056/6/101000,09,Последовательности данных вертикального зондирования,309056,Высота Начало спуска радиозонда над средним уровнем моря,,101000,Повторение с задержкой 1 дескриптора,,,,Operational
bufr4/3/09/056/7/031001,09,Последовательности данных вертикального зондирования,309056,Высота Начало спуска радиозонда над средним уровнем моря,,031001,Коэффициент повторения дескриптора с задержкой,,,,Operational
bufr4/3/09/056/8/303051,09,Последовательности данных вертикального зондирования,309056,Высота Начало спуска радиозонда над средним уровнем моря,,303051,"Данные о сдвиге ветра на уровне давления, на котором находится радиозонд (Последовательность для представления наблюдений TEMP, TEMP SHIP и TEMP MOBIL c высокой точностью давления и геопотенциальной высоты)",,,,Operational
bufr4/3/09/057/1/301150,09,Последовательности данных вертикального зондирования,309057,Идентификатор ИГСНВ,,301150,Идентификатор ИГСНВ,,,,Operational
bufr4/3/09/057/2/301111,09,Последовательности данных вертикального зондирования,309057,Идентификатор ИГСНВ,,301111,"Идентификация места запуска и приборов для Д, Т, В и измерений ветра",,,,Operational
bufr4/3/09/057/3/301128,09,Последовательности данных вертикального зондирования,309057,Идентификатор ИГСНВ,,301128,Дополнительная информация о подъеме радиозонда,,,,Operational
bufr4/3/09/057/4/301113,09,Последовательности данных вертикального зондирования,309057,Идентификатор ИГСНВ,,301113,Дата/время запуска,,,,Operational
bufr4/3/09/057/5/301114,09,Последовательности данных вертикального зондирования,309057,Идентификатор ИГСНВ,,301114,Горизонтальная и вертикальная координаты места запуска,,,,Operational
bufr4/3/09/057/6/302049,09,Последовательности данных вертикального зондирования,309057,Идентификатор ИГСНВ,,302049,"Информация об облачности, полученная вертикальным зондированием",,,,Operational
bufr4/3/09/057/7/022043,09,Последовательности данных вертикального зондирования,309057,Идентификатор ИГСНВ,,022043,Температура моря/воды,,,,Operational
bufr4/3/09/057/8/101000,09,Последовательности данных вертикального зондирования,309057,Идентификатор ИГСНВ,,101000,Повторение с задержкой 1 дескриптора,,,,Operational
bufr4/3/09/057/9/031002,09,Последовательности данных вертикального зондирования,309057,Идентификатор ИГСНВ,,031002,Коэффициент повторения расширенного дескриптора с задержкой,,,,Operational
bufr4/3/09/057/10/303056,09,Последовательности данных вертикального зондирования,309057,Идентификатор ИГСНВ,,303056,"Данные о температуре, точке росы и ветре на уровне давления, на котором находится радиозонд, и высокая точность давления и геопотенциальной высоты",,,,Operational
bufr4/3/09/057/11/101000,09,Последовательности данных вертикального зондирования,309057,Идентификатор ИГСНВ,,101000,Повторение с задержкой 1 дескриптора,,,,Operational
bufr4/3/09/057/12/031001,09,Последовательности данных вертикального зондирования,309057,Идентификатор ИГСНВ,,031001,Коэффициент повторения дескриптора с задержкой,,,,Operational
bufr4/3/09/057/13/303051,09,Последовательности данных вертикального зондирования,309057,Идентификатор ИГСНВ,,303051,"Данные о сдвиге ветра на уровне давления, на котором находится радиозонд (Полный комплект данных радиозонда, включая приземные наблюдения)",,,,Operational
bufr4/3/09/060/1/301123,09,Последовательности данных вертикального зондирования,309060,"Информация о радиозонде, содержащаяся в полном заголовке",,301123,"Информация о радиозонде, содержащаяся в полном заголовке",,,,Operational
bufr4/3/09/060/2/301121,09,Последовательности данных вертикального зондирования,309060,"Информация о радиозонде, содержащаяся в полном заголовке",,301121,Местоположение точки запуска радиозонда,,,,Operational
bufr4/3/09/060/3/302050,09,Последовательности данных вертикального зондирования,309060,"Информация о радиозонде, содержащаяся в полном заголовке",,302050,Приземное наблюдение с помощью радиозонда,,,,Operational
bufr4/3/09/060/4/303040,09,Последовательности данных вертикального зондирования,309060,"Информация о радиозонде, содержащаяся в полном заголовке",,303040,Информация о продолжительности и окончании полета радиозонда,(продолж.),,,Operational
bufr4/3/09/061/1/301120,09,Последовательности данных вертикального зондирования,309061,"Информация о радиозонде, содержащаяся в кратком заголовке, и о месте запуска",,301120,"Информация о радиозонде, содержащаяся в кратком заголовке, и о месте запуска",,,,Operational
bufr4/3/09/061/2/008041,09,Последовательности данных вертикального зондирования,309061,"Информация о радиозонде, содержащаяся в кратком заголовке, и о месте запуска",,008041,Значение данных = 6 Наблюдение на эшелоне полета,,,,Operational
bufr4/3/09/061/3/301122,09,Последовательности данных вертикального зондирования,309061,"Информация о радиозонде, содержащаяся в кратком заголовке, и о месте запуска",,301122,Дата/время (с точностью до сотых долей секунды),,,,Operational
bufr4/3/09/061/4/201131,09,Последовательности данных вертикального зондирования,309061,"Информация о радиозонде, содержащаяся в кратком заголовке, и о месте запуска",,201131,Изменить длину данных,,,,Operational
bufr4/3/09/061/5/202129,09,Последовательности данных вертикального зондирования,309061,"Информация о радиозонде, содержащаяся в кратком заголовке, и о месте запуска",,202129,Изменить масштаб,,,,Operational
bufr4/3/09/061/6/025069,09,Последовательности данных вертикального зондирования,309061,"Информация о радиозонде, содержащаяся в кратком заголовке, и о месте запуска",,025069,Поправки давления на высоту,,,,Operational
bufr4/3/09/061/7/007004,09,Последовательности данных вертикального зондирования,309061,"Информация о радиозонде, содержащаяся в кратком заголовке, и о месте запуска",,007004,Давление,,,,Operational
bufr4/3/09/061/8/202000,09,Последовательности данных вертикального зондирования,309061,"Информация о радиозонде, содержащаяся в кратком заголовке, и о месте запуска",,202000,Изменить масштаб Отмена,,,,Operational
bufr4/3/09/061/9/201000,09,Последовательности данных вертикального зондирования,309061,"Информация о радиозонде, содержащаяся в кратком заголовке, и о месте запуска",,201000,Изменить длину данных Отмена,,,,Operational
bufr4/3/09/061/10/033007,09,Последовательности данных вертикального зондирования,309061,"Информация о радиозонде, содержащаяся в кратком заголовке, и о месте запуска",,033007,Процент достоверности Давление,,,,Operational
bufr4/3/09/061/11/033035,09,Последовательности данных вертикального зондирования,309061,"Информация о радиозонде, содержащаяся в кратком заголовке, и о месте запуска",,033035,Ручной/автоматический контроль качества Давление,,,,Operational
bufr4/3/09/061/12/033015,09,Последовательности данных вертикального зондирования,309061,"Информация о радиозонде, содержащаяся в кратком заголовке, и о месте запуска",,033015,Указатель проверки качества данных Давление,,,,Operational
bufr4/3/09/061/13/013009,09,Последовательности данных вертикального зондирования,309061,"Информация о радиозонде, содержащаяся в кратком заголовке, и о месте запуска",,013009,Относительная влажность,,,,Operational
bufr4/3/09/061/14/033007,09,Последовательности данных вертикального зондирования,309061,"Информация о радиозонде, содержащаяся в кратком заголовке, и о месте запуска",,033007,Процент достоверности Относительная влажность,,,,Operational
bufr4/3/09/061/15/033035,09,Последовательности данных вертикального зондирования,309061,"Информация о радиозонде, содержащаяся в кратком заголовке, и о месте запуска",,033035,Ручной/автоматический контроль качества Относительная влажность,,,,Operational
bufr4/3/09/061/16/033015,09,Последовательности данных вертикального зондирования,309061,"Информация о радиозонде, содержащаяся в кратком заголовке, и о месте запуска",,033015,Указатель проверки качества данных Относительная влажность,,,,Operational
bufr4/3/09/061/17/002013,09,Последовательности данных вертикального зондирования,309061,"Информация о радиозонде, содержащаяся в кратком заголовке, и о месте запуска",,002013,Поправка на солнечную и инфракрасную радиацию,,,,Operational
bufr4/3/09/061/18/012101,09,Последовательности данных вертикального зондирования,309061,"Информация о радиозонде, содержащаяся в кратком заголовке, и о месте запуска",,012101,Температура/температура воздуха,,,,Operational
bufr4/3/09/061/19/033007,09,Последовательности данных вертикального зондирования,309061,"Информация о радиозонде, содержащаяся в кратком заголовке, и о месте запуска",,033007,Процент достоверности Температура,,,,Operational
bufr4/3/09/061/20/033035,09,Последовательности данных вертикального зондирования,309061,"Информация о радиозонде, содержащаяся в кратком заголовке, и о месте запуска",,033035,Ручной/автоматический контроль качества Температура,,,,Operational
bufr4/3/09/061/21/033015,09,Последовательности данных вертикального зондирования,309061,"Информация о радиозонде, содержащаяся в кратком заголовке, и о месте запуска",,033015,"Указатель проверки качества данных Температура (Исходные несглаженные данные о ветре, полученные с использованием ГСОМ)",,,,Operational
bufr4/3/09/062/1/301120,09,Последовательности данных вертикального зондирования,309062,"Информация о радиозонде, содержащаяся в кратком заголовке, и о месте запуска",,301120,"Информация о радиозонде, содержащаяся в кратком заголовке, и о месте запуска",,,,Operational
bufr4/3/09/062/2/008041,09,Последовательности данных вертикального зондирования,309062,"Информация о радиозонде, содержащаяся в кратком заголовке, и о месте запуска",,008041,Значение данных = 6 Наблюдение на эшелоне полета,,,,Operational
bufr4/3/09/062/3/301122,09,Последовательности данных вертикального зондирования,309062,"Информация о радиозонде, содержащаяся в кратком заголовке, и о месте запуска",,301122,Дата/время (с точностью до сотых долей секунды),,,,Operational
bufr4/3/09/062/4/005001,09,Последовательности данных вертикального зондирования,309062,"Информация о радиозонде, содержащаяся в кратком заголовке, и о месте запуска",,005001,Широта (высокая точность),,,,Operational
bufr4/3/09/062/5/033035,09,Последовательности данных вертикального зондирования,309062,"Информация о радиозонде, содержащаяся в кратком заголовке, и о месте запуска",,033035,Ручной/автоматический контроль качества Широта,,,,Operational
bufr4/3/09/062/6/033015,09,Последовательности данных вертикального зондирования,309062,"Информация о радиозонде, содержащаяся в кратком заголовке, и о месте запуска",,033015,Указатель проверки качества данных Широта,,,,Operational
bufr4/3/09/062/7/006001,09,Последовательности данных вертикального зондирования,309062,"Информация о радиозонде, содержащаяся в кратком заголовке, и о месте запуска",,006001,Долгота (высокая точность),,,,Operational
bufr4/3/09/062/8/033035,09,Последовательности данных вертикального зондирования,309062,"Информация о радиозонде, содержащаяся в кратком заголовке, и о месте запуска",,033035,Ручной/автоматический контроль качества Долгота,,,,Operational
bufr4/3/09/062/9/033015,09,Последовательности данных вертикального зондирования,309062,"Информация о радиозонде, содержащаяся в кратком заголовке, и о месте запуска",,033015,Указатель проверки качества данных Долгота,,,,Operational
bufr4/3/09/062/10/007007,09,Последовательности данных вертикального зондирования,309062,"Информация о радиозонде, содержащаяся в кратком заголовке, и о месте запуска",,007007,Высота,,,,Operational
bufr4/3/09/062/11/033035,09,Последовательности данных вертикального зондирования,309062,"Информация о радиозонде, содержащаяся в кратком заголовке, и о месте запуска",,033035,Ручной/автоматический контроль качества Высота,,,,Operational
bufr4/3/09/062/12/033015,09,Последовательности данных вертикального зондирования,309062,"Информация о радиозонде, содержащаяся в кратком заголовке, и о месте запуска",,033015,Указатель проверки качества данных Высота,,,,Operational
bufr4/3/09/062/13/011003,09,Последовательности данных вертикального зондирования,309062,"Информация о радиозонде, содержащаяся в кратком заголовке, и о месте запуска",,011003,Компонента u,,,,Operational
bufr4/3/09/062/14/033035,09,Последовательности данных вертикального зондирования,309062,"Информация о радиозонде, содержащаяся в кратком заголовке, и о месте запуска",,033035,Ручной/автоматический контроль качества Компонента u,,,,Operational
bufr4/3/09/062/15/033015,09,Последовательности данных вертикального зондирования,309062,"Информация о радиозонде, содержащаяся в кратком заголовке, и о месте запуска",,033015,Указатель проверки качества данных Компонента u,,,,Operational
bufr4/3/09/062/16/011004,09,Последовательности данных вертикального зондирования,309062,"Информация о радиозонде, содержащаяся в кратком заголовке, и о месте запуска",,011004,Компонента v,,,,Operational
bufr4/3/09/062/17/033035,09,Последовательности данных вертикального зондирования,309062,"Информация о радиозонде, содержащаяся в кратком заголовке, и о месте запуска",,033035,Ручной/автоматический контроль качества Компонента v,,,,Operational
bufr4/3/09/062/18/033015,09,Последовательности данных вертикального зондирования,309062,"Информация о радиозонде, содержащаяся в кратком заголовке, и о месте запуска",,033015,Указатель проверки качества данных Компонента v,,,,Operational
bufr4/3/09/062/19/033007,09,Последовательности данных вертикального зондирования,309062,"Информация о радиозонде, содержащаяся в кратком заголовке, и о месте запуска",,033007,"Процент достоверности Исходные несгла­ женные данные о ветре, полученные с использованием ГСОМ I.2 – Табл. D BUFR/09 — 13",(продолж.),,,Operational
bufr4/3/09/063/1/301120,09,Последовательности данных вертикального зондирования,309063,"Информация о радиозонде, содержащаяся в кратком заголовке, и о месте запуска",,301120,"Информация о радиозонде, содержащаяся в кратком заголовке, и о месте запуска",,,,Operational
bufr4/3/09/063/2/008041,09,Последовательности данных вертикального зондирования,309063,"Информация о радиозонде, содержащаяся в кратком заголовке, и о месте запуска",,008041,Значимость данных = 6 Наблюдение на эшелоне полета,,,,Operational
bufr4/3/09/063/3/301122,09,Последовательности данных вертикального зондирования,309063,"Информация о радиозонде, содержащаяся в кратком заголовке, и о месте запуска",,301122,Дата/время (с точностью до сотых долей секунды),,,,Operational
bufr4/3/09/063/4/005001,09,Последовательности данных вертикального зондирования,309063,"Информация о радиозонде, содержащаяся в кратком заголовке, и о месте запуска",,005001,Широта (высокая точность),,,,Operational
bufr4/3/09/063/5/033035,09,Последовательности данных вертикального зондирования,309063,"Информация о радиозонде, содержащаяся в кратком заголовке, и о месте запуска",,033035,Ручной/автоматический контроль качества Широта,,,,Operational
bufr4/3/09/063/6/033015,09,Последовательности данных вертикального зондирования,309063,"Информация о радиозонде, содержащаяся в кратком заголовке, и о месте запуска",,033015,Указатель проверки качества данных Широта,,,,Operational
bufr4/3/09/063/7/006001,09,Последовательности данных вертикального зондирования,309063,"Информация о радиозонде, содержащаяся в кратком заголовке, и о месте запуска",,006001,Долгота (высокая точность),,,,Operational
bufr4/3/09/063/8/033035,09,Последовательности данных вертикального зондирования,309063,"Информация о радиозонде, содержащаяся в кратком заголовке, и о месте запуска",,033035,Ручной/автоматический контроль качества Долгота,,,,Operational
bufr4/3/09/063/9/033015,09,Последовательности данных вертикального зондирования,309063,"Информация о радиозонде, содержащаяся в кратком заголовке, и о месте запуска",,033015,Указатель проверки качества данных Долгота,,,,Operational
bufr4/3/09/063/10/007007,09,Последовательности данных вертикального зондирования,309063,"Информация о радиозонде, содержащаяся в кратком заголовке, и о месте запуска",,007007,Высота,,,,Operational
bufr4/3/09/063/11/033035,09,Последовательности данных вертикального зондирования,309063,"Информация о радиозонде, содержащаяся в кратком заголовке, и о месте запуска",,033035,Ручной/автоматический контроль качества Высота,,,,Operational
bufr4/3/09/063/12/033015,09,Последовательности данных вертикального зондирования,309063,"Информация о радиозонде, содержащаяся в кратком заголовке, и о месте запуска",,033015,Указатель проверки качества данных Высота,,,,Operational
bufr4/3/09/063/13/011003,09,Последовательности данных вертикального зондирования,309063,"Информация о радиозонде, содержащаяся в кратком заголовке, и о месте запуска",,011003,Компонента u,,,,Operational
bufr4/3/09/063/14/033035,09,Последовательности данных вертикального зондирования,309063,"Информация о радиозонде, содержащаяся в кратком заголовке, и о месте запуска",,033035,Ручной/автоматический контроль качества Компонента u,,,,Operational
bufr4/3/09/063/15/033015,09,Последовательности данных вертикального зондирования,309063,"Информация о радиозонде, содержащаяся в кратком заголовке, и о месте запуска",,033015,Указатель проверки качества данных Компонента u,,,,Operational
bufr4/3/09/063/16/011004,09,Последовательности данных вертикального зондирования,309063,"Информация о радиозонде, содержащаяся в кратком заголовке, и о месте запуска",,011004,Компонента v,,,,Operational
bufr4/3/09/063/17/033035,09,Последовательности данных вертикального зондирования,309063,"Информация о радиозонде, содержащаяся в кратком заголовке, и о месте запуска",,033035,Ручной/автоматический контроль качества Компонента v,,,,Operational
bufr4/3/09/063/18/033015,09,Последовательности данных вертикального зондирования,309063,"Информация о радиозонде, содержащаяся в кратком заголовке, и о месте запуска",,033015,Указатель проверки качества данных Компонента v,,,,Operational
bufr4/3/09/063/19/033007,09,Последовательности данных вертикального зондирования,309063,"Информация о радиозонде, содержащаяся в кратком заголовке, и о месте запуска",,033007,"Процент достоверности Исходные сглаженные данные о ветре, полученные с использованием ГСОМ (Обработанные данные о ДТВ)",,,,Operational
bufr4/3/09/064/1/301120,09,Последовательности данных вертикального зондирования,309064,"Информация о радиозонде, содержащаяся в кратком заголовке, и о месте запуска",,301120,"Информация о радиозонде, содержащаяся в кратком заголовке, и о месте запуска",,,,Operational
bufr4/3/09/064/2/008041,09,Последовательности данных вертикального зондирования,309064,"Информация о радиозонде, содержащаяся в кратком заголовке, и о месте запуска",,008041,Значимость данных = 6 Наблюдение на эшелоне полета,,,,Operational
bufr4/3/09/064/3/301122,09,Последовательности данных вертикального зондирования,309064,"Информация о радиозонде, содержащаяся в кратком заголовке, и о месте запуска",,301122,Дата/время (с точностью до сотых долей секунды),,,,Operational
bufr4/3/09/064/4/201131,09,Последовательности данных вертикального зондирования,309064,"Информация о радиозонде, содержащаяся в кратком заголовке, и о месте запуска",,201131,Изменить длину данных,,,,Operational
bufr4/3/09/064/5/202129,09,Последовательности данных вертикального зондирования,309064,"Информация о радиозонде, содержащаяся в кратком заголовке, и о месте запуска",,202129,Изменить масштаб,,,,Operational
bufr4/3/09/064/6/104002,09,Последовательности данных вертикального зондирования,309064,"Информация о радиозонде, содержащаяся в кратком заголовке, и о месте запуска",,104002,Повторить 4 дескриптора 2 раза,,,,Operational
bufr4/3/09/064/7/025069,09,Последовательности данных вертикального зондирования,309064,"Информация о радиозонде, содержащаяся в кратком заголовке, и о месте запуска",,025069,Поправки давления на высоту,,,,Operational
bufr4/3/09/064/8/007004,09,Последовательности данных вертикального зондирования,309064,"Информация о радиозонде, содержащаяся в кратком заголовке, и о месте запуска",,007004,Давление,,,,Operational
bufr4/3/09/064/9/033035,09,Последовательности данных вертикального зондирования,309064,"Информация о радиозонде, содержащаяся в кратком заголовке, и о месте запуска",,033035,Ручной/автоматический контроль качества Давление,,,,Operational
bufr4/3/09/064/10/033015,09,Последовательности данных вертикального зондирования,309064,"Информация о радиозонде, содержащаяся в кратком заголовке, и о месте запуска",,033015,Указатель проверки качества данных Давление,,,,Operational
bufr4/3/09/064/11/013003,09,Последовательности данных вертикального зондирования,309064,"Информация о радиозонде, содержащаяся в кратком заголовке, и о месте запуска",,013003,Относительная влажность,,,,Operational
bufr4/3/09/064/12/033035,09,Последовательности данных вертикального зондирования,309064,"Информация о радиозонде, содержащаяся в кратком заголовке, и о месте запуска",,033035,Ручной/автоматический контроль качества Относительная влажность,,,,Operational
bufr4/3/09/064/13/033015,09,Последовательности данных вертикального зондирования,309064,"Информация о радиозонде, содержащаяся в кратком заголовке, и о месте запуска",,033015,Указатель проверки качества данных Относительная влажность,,,,Operational
bufr4/3/09/064/14/202000,09,Последовательности данных вертикального зондирования,309064,"Информация о радиозонде, содержащаяся в кратком заголовке, и о месте запуска",,202000,Изменить масштаб Отмена,,,,Operational
bufr4/3/09/064/15/201000,09,Последовательности данных вертикального зондирования,309064,"Информация о радиозонде, содержащаяся в кратком заголовке, и о месте запуска",,201000,Изменить длину данных Отмена,,,,Operational
bufr4/3/09/064/16/104002,09,Последовательности данных вертикального зондирования,309064,"Информация о радиозонде, содержащаяся в кратком заголовке, и о месте запуска",,104002,Повторить 4 дескриптора 2 раза,,,,Operational
bufr4/3/09/064/17/002013,09,Последовательности данных вертикального зондирования,309064,"Информация о радиозонде, содержащаяся в кратком заголовке, и о месте запуска",,002013,Поправка на солнечную и инфракрасную радиацию,,,,Operational
bufr4/3/09/064/18/012101,09,Последовательности данных вертикального зондирования,309064,"Информация о радиозонде, содержащаяся в кратком заголовке, и о месте запуска",,012101,Температура/температура воздуха,,,,Operational
bufr4/3/09/064/19/033035,09,Последовательности данных вертикального зондирования,309064,"Информация о радиозонде, содержащаяся в кратком заголовке, и о месте запуска",,033035,Ручной/автоматический контроль качества Температура,,,,Operational
bufr4/3/09/064/20/033015,09,Последовательности данных вертикального зондирования,309064,"Информация о радиозонде, содержащаяся в кратком заголовке, и о месте запуска",,033015,Указатель проверки качества данных Температура,,,,Operational
bufr4/3/09/064/21/012103,09,Последовательности данных вертикального зондирования,309064,"Информация о радиозонде, содержащаяся в кратком заголовке, и о месте запуска",,012103,Температура точки росы,,,,Operational
bufr4/3/09/064/22/033035,09,Последовательности данных вертикального зондирования,309064,"Информация о радиозонде, содержащаяся в кратком заголовке, и о месте запуска",,033035,Ручной/автоматический контроль качества Температура точки росы,(продолж.),,,Operational
bufr4/3/09/064/1/033015,09,Последовательности данных вертикального зондирования,309064,Указатель проверки качества данных Температура точки росы,,033015,Указатель проверки качества данных Температура точки росы,,,,Operational
bufr4/3/09/064/2/010009,09,Последовательности данных вертикального зондирования,309064,Указатель проверки качества данных Температура точки росы,,010009,Геопотенциальная высота,,,,Operational
bufr4/3/09/064/3/033035,09,Последовательности данных вертикального зондирования,309064,Указатель проверки качества данных Температура точки росы,,033035,Ручной/автоматический контроль качества Геопотенциальная высота,,,,Operational
bufr4/3/09/064/4/033015,09,Последовательности данных вертикального зондирования,309064,Указатель проверки качества данных Температура точки росы,,033015,"Указатель проверки качества данных Геопотенциальная высота (Обработанные данные, полученные с использованием ГСОМ)",,,,Operational
bufr4/3/09/065/1/301120,09,Последовательности данных вертикального зондирования,309065,"Информация о радиозонде, содержащаяся в кратком заголовке, и о месте запуска",,301120,"Информация о радиозонде, содержащаяся в кратком заголовке, и о месте запуска",,,,Operational
bufr4/3/09/065/2/008041,09,Последовательности данных вертикального зондирования,309065,"Информация о радиозонде, содержащаяся в кратком заголовке, и о месте запуска",,008041,Значимость данных = 6 Наблюдение на эшелоне полета,,,,Operational
bufr4/3/09/065/3/301122,09,Последовательности данных вертикального зондирования,309065,"Информация о радиозонде, содержащаяся в кратком заголовке, и о месте запуска",,301122,Дата/время (с точностью до сотых долей секунды),,,,Operational
bufr4/3/09/065/4/005001,09,Последовательности данных вертикального зондирования,309065,"Информация о радиозонде, содержащаяся в кратком заголовке, и о месте запуска",,005001,Широта (высокая точность),,,,Operational
bufr4/3/09/065/5/033035,09,Последовательности данных вертикального зондирования,309065,"Информация о радиозонде, содержащаяся в кратком заголовке, и о месте запуска",,033035,Ручной/автоматический контроль качества Широта,,,,Operational
bufr4/3/09/065/6/033015,09,Последовательности данных вертикального зондирования,309065,"Информация о радиозонде, содержащаяся в кратком заголовке, и о месте запуска",,033015,Указатель проверки качества данных Широта,,,,Operational
bufr4/3/09/065/7/006001,09,Последовательности данных вертикального зондирования,309065,"Информация о радиозонде, содержащаяся в кратком заголовке, и о месте запуска",,006001,Долгота (высокая точность),,,,Operational
bufr4/3/09/065/8/033035,09,Последовательности данных вертикального зондирования,309065,"Информация о радиозонде, содержащаяся в кратком заголовке, и о месте запуска",,033035,Ручной/автоматический контроль качества Долгота,,,,Operational
bufr4/3/09/065/9/033015,09,Последовательности данных вертикального зондирования,309065,"Информация о радиозонде, содержащаяся в кратком заголовке, и о месте запуска",,033015,Указатель проверки качества данных Долгота,,,,Operational
bufr4/3/09/065/10/007007,09,Последовательности данных вертикального зондирования,309065,"Информация о радиозонде, содержащаяся в кратком заголовке, и о месте запуска",,007007,Высота,,,,Operational
bufr4/3/09/065/11/033035,09,Последовательности данных вертикального зондирования,309065,"Информация о радиозонде, содержащаяся в кратком заголовке, и о месте запуска",,033035,Ручной/автоматический контроль качества Высота,,,,Operational
bufr4/3/09/065/12/033015,09,Последовательности данных вертикального зондирования,309065,"Информация о радиозонде, содержащаяся в кратком заголовке, и о месте запуска",,033015,Указатель проверки качества данных Высота,,,,Operational
bufr4/3/09/065/13/011003,09,Последовательности данных вертикального зондирования,309065,"Информация о радиозонде, содержащаяся в кратком заголовке, и о месте запуска",,011003,Компонента u,,,,Operational
bufr4/3/09/065/14/033035,09,Последовательности данных вертикального зондирования,309065,"Информация о радиозонде, содержащаяся в кратком заголовке, и о месте запуска",,033035,Ручной/автоматический контроль качества Компонента u,,,,Operational
bufr4/3/09/065/15/033015,09,Последовательности данных вертикального зондирования,309065,"Информация о радиозонде, содержащаяся в кратком заголовке, и о месте запуска",,033015,Указатель проверки качества данных Компонента u,,,,Operational
bufr4/3/09/065/16/011004,09,Последовательности данных вертикального зондирования,309065,"Информация о радиозонде, содержащаяся в кратком заголовке, и о месте запуска",,011004,Компонента v,,,,Operational
bufr4/3/09/065/17/033035,09,Последовательности данных вертикального зондирования,309065,"Информация о радиозонде, содержащаяся в кратком заголовке, и о месте запуска",,033035,Ручной/автоматический контроль качества Компонента v,,,,Operational
bufr4/3/09/065/18/033015,09,Последовательности данных вертикального зондирования,309065,"Информация о радиозонде, содержащаяся в кратком заголовке, и о месте запуска",,033015,Указатель проверки качества данных Компонента v (Стандартные уровни и уровни особых точек),,,,Operational
bufr4/3/09/066/1/301120,09,Последовательности данных вертикального зондирования,309066,"Информация о радиозонде, содержащаяся в кратком заголовке, и о месте запуска",,301120,"Информация о радиозонде, содержащаяся в кратком заголовке, и о месте запуска",,,,Operational
bufr4/3/09/066/2/008041,09,Последовательности данных вертикального зондирования,309066,"Информация о радиозонде, содержащаяся в кратком заголовке, и о месте запуска",,008041,Значимость данных = 6 Наблюдение на эшелоне полета,,,,Operational
bufr4/3/09/066/3/301122,09,Последовательности данных вертикального зондирования,309066,"Информация о радиозонде, содержащаяся в кратком заголовке, и о месте запуска",,301122,Дата/время (с точностью до сотых долей секунды),,,,Operational
bufr4/3/09/066/4/008040,09,Последовательности данных вертикального зондирования,309066,"Информация о радиозонде, содержащаяся в кратком заголовке, и о месте запуска",,008040,Особые точки по данным радиозондирования,,,,Operational
bufr4/3/09/066/5/201131,09,Последовательности данных вертикального зондирования,309066,"Информация о радиозонде, содержащаяся в кратком заголовке, и о месте запуска",,201131,Изменить длину данных,,,,Operational
bufr4/3/09/066/6/202129,09,Последовательности данных вертикального зондирования,309066,"Информация о радиозонде, содержащаяся в кратком заголовке, и о месте запуска",,202129,Изменить масштаб,,,,Operational
bufr4/3/09/066/7/025069,09,Последовательности данных вертикального зондирования,309066,"Информация о радиозонде, содержащаяся в кратком заголовке, и о месте запуска",,025069,Поправки давления на высоту,,,,Operational
bufr4/3/09/066/8/007004,09,Последовательности данных вертикального зондирования,309066,"Информация о радиозонде, содержащаяся в кратком заголовке, и о месте запуска",,007004,Давление,,,,Operational
bufr4/3/09/066/9/013003,09,Последовательности данных вертикального зондирования,309066,"Информация о радиозонде, содержащаяся в кратком заголовке, и о месте запуска",,013003,Относительная влажность,,,,Operational
bufr4/3/09/066/10/202000,09,Последовательности данных вертикального зондирования,309066,"Информация о радиозонде, содержащаяся в кратком заголовке, и о месте запуска",,202000,Изменить масштаб Отмена,,,,Operational
bufr4/3/09/066/11/201000,09,Последовательности данных вертикального зондирования,309066,"Информация о радиозонде, содержащаяся в кратком заголовке, и о месте запуска",,201000,Изменить длину данных Отмена,,,,Operational
bufr4/3/09/066/12/002013,09,Последовательности данных вертикального зондирования,309066,"Информация о радиозонде, содержащаяся в кратком заголовке, и о месте запуска",,002013,Поправка на солнечную и инфракрасную радиацию,,,,Operational
bufr4/3/09/066/13/012101,09,Последовательности данных вертикального зондирования,309066,"Информация о радиозонде, содержащаяся в кратком заголовке, и о месте запуска",,012101,Температура/температура воздуха,,,,Operational
bufr4/3/09/066/14/012103,09,Последовательности данных вертикального зондирования,309066,"Информация о радиозонде, содержащаяся в кратком заголовке, и о месте запуска",,012103,Температура точки росы,,,,Operational
bufr4/3/09/066/15/010009,09,Последовательности данных вертикального зондирования,309066,"Информация о радиозонде, содержащаяся в кратком заголовке, и о месте запуска",,010009,Геопотенциальная высота,,,,Operational
bufr4/3/09/066/16/010007,09,Последовательности данных вертикального зондирования,309066,"Информация о радиозонде, содержащаяся в кратком заголовке, и о месте запуска",,010007,Высота,,,,Operational
bufr4/3/09/066/17/011002,09,Последовательности данных вертикального зондирования,309066,"Информация о радиозонде, содержащаяся в кратком заголовке, и о месте запуска",,011002,Скорость ветра,,,,Operational
bufr4/3/09/066/18/011001,09,Последовательности данных вертикального зондирования,309066,"Информация о радиозонде, содержащаяся в кратком заголовке, и о месте запуска",,011001,Направление ветра I.2 – Табл. D BUFR/09 — 15,(продолж.),,,Operational
bufr4/3/09/070/1/001035,09,Последовательности данных вертикального зондирования,309070,Центр-поставщик,,001035,Центр-поставщик,,,,Operational
bufr4/3/09/070/2/001032,09,Последовательности данных вертикального зондирования,309070,Центр-поставщик,,001032,Применение продукции,,,,Operational
bufr4/3/09/070/3/001015,09,Последовательности данных вертикального зондирования,309070,Центр-поставщик,,001015,Название станции или поста,,,,Operational
bufr4/3/09/070/4/001063,09,Последовательности данных вертикального зондирования,309070,Центр-поставщик,,001063,Индекс местоположения ИКАО,,,,Operational
bufr4/3/09/070/5/301001,09,Последовательности данных вертикального зондирования,309070,Центр-поставщик,,301001,Номера блока и станции ВМО Местоположение и время начала отсчета,,,,Operational
bufr4/3/09/070/6/301011,09,Последовательности данных вертикального зондирования,309070,Центр-поставщик,,301011,"Год, месяц, день",,,,Operational
bufr4/3/09/070/7/301012,09,Последовательности данных вертикального зондирования,309070,Центр-поставщик,,301012,"Час, минута Отсчетное время прогноза (Т-нуль)",,,,Operational
bufr4/3/09/070/8/301021,09,Последовательности данных вертикального зондирования,309070,Центр-поставщик,,301021,Широта/долгота (высокая точность),,,,Operational
bufr4/3/09/070/9/207001,09,Последовательности данных вертикального зондирования,309070,Центр-поставщик,,207001,"Увеличить масштаб, величину начала отсчета и длину /см. колонку слева данных Увеличить масштабный коэффициент на 1; начальное значение и длина данных перерассчитываются в соответствии со спецификацией оператора 2 07 YYY, таблица С",,,,Operational
bufr4/3/09/070/10/010001,09,Последовательности данных вертикального зондирования,309070,Центр-поставщик,,010001,Высота поверхности суши (см. примечание 7) Превышение станции (бескоор­ динатное местопо­ ложение),,,,Operational
bufr4/3/09/070/11/207000,09,Последовательности данных вертикального зондирования,309070,Центр-поставщик,,207000,"Увеличить масштаб, величину начала отсчета и длину Отмена данных",,,,Operational
bufr4/3/09/070/12/008086,09,Последовательности данных вертикального зондирования,309070,Центр-поставщик,,008086,Вертикальная значимость данных для ЧПП Бит 9 установить на 1 (Виртуальная высота станции),,,,Operational
bufr4/3/09/070/13/007030,09,Последовательности данных вертикального зондирования,309070,Центр-поставщик,,007030,"Высота площадки станции над средним уровнем моря /см. колонку слева Высота местности в модели на широте/долготе станции. Как определено дескриптором 0 08 086, данная величина конкретна для станции и для модели. Метаданные вертикального профиля",,,,Operational
bufr4/3/09/070/14/025031,09,Последовательности данных вертикального зондирования,309070,Центр-поставщик,,025031,"Метод прореживания вертикальных профилей, полученных с помощью ЧПП (см. примечание 8)",,,,Operational
bufr4/3/09/070/15/008021,09,Последовательности данных вертикального зондирования,309070,Центр-поставщик,,008021,"Значимость времени = 4 Прогноз, = 16 Анализ, = 27 Нулевое приближение",,,,Operational
bufr4/3/09/070/16/004014,09,Последовательности данных вертикального зондирования,309070,Центр-поставщик,,004014,"Временной инкремент /см. колонку слева Период действия прогноза, выраженный как разница во времени с начальным значением. В случае анализа или прогноза на 00 ч, величина задается как 0. Данные наблюдений в точке на высоте станции (включая данные, интегрированные по столбу воздуха)",,,,Operational
bufr4/3/09/070/17/010004,09,Последовательности данных вертикального зондирования,309070,Центр-поставщик,,010004,Давление,,,,Operational
bufr4/3/09/070/18/010051,09,Последовательности данных вертикального зондирования,309070,Центр-поставщик,,010051,"Давление, приведенное к среднему уровню моря",,,,Operational
bufr4/3/09/070/19/010009,09,Последовательности данных вертикального зондирования,309070,Центр-поставщик,,010009,Геопотенциальная высота,,,,Operational
bufr4/3/09/070/20/020010,09,Последовательности данных вертикального зондирования,309070,Центр-поставщик,,020010,Облачность (общая),,,,Operational
bufr4/3/09/070/21/013095,09,Последовательности данных вертикального зондирования,309070,Центр-поставщик,,013095,Общее количество водяных паров в столбе воздуха,(продолж.),,,Operational
bufr4/3/09/070/1/031002,09,Последовательности данных вертикального зондирования,309070,,,031002,"Коэффициент повторения расширенного /см. колонку слева дескриптора с задержкой Количество уровней, использованных в вертикальном профиле, определяется данным повторением. Количество уровней является произвольным и включает все уровни над уровнем земли и уровни давления. Данные на изобарических уровнях",,,,Operational
bufr4/3/09/070/2/113000,09,Последовательности данных вертикального зондирования,309070,,,113000,Повторение с задержкой 13 дескрипторов,,,,Operational
bufr4/3/09/070/3/031000,09,Последовательности данных вертикального зондирования,309070,,,031000,"Коэффициент повторения короткого дескриптора с = 1 Вертикальная задержкой координата — давление, = 0 Иное",,,,Operational
bufr4/3/09/070/4/008086,09,Последовательности данных вертикального зондирования,309070,,,008086,"Вертикальная значимость данных для ЧПП Бит 1 задается как 0, другие биты — как требуется",,,,Operational
bufr4/3/09/070/5/007004,09,Последовательности данных вертикального зондирования,309070,,,007004,Давление (см. примечание 9),,,,Operational
bufr4/3/09/070/6/011001,09,Последовательности данных вертикального зондирования,309070,,,011001,Направление ветра Истинные градусы,,,,Operational
bufr4/3/09/070/7/011002,09,Последовательности данных вертикального зондирования,309070,,,011002,Скорость ветра м/с,,,,Operational
bufr4/3/09/070/8/012101,09,Последовательности данных вертикального зондирования,309070,,,012101,Температура/температура воздуха,,,,Operational
bufr4/3/09/070/9/012102,09,Последовательности данных вертикального зондирования,309070,,,012102,Температура по смоченному термометру,,,,Operational
bufr4/3/09/070/10/012103,09,Последовательности данных вертикального зондирования,309070,,,012103,Температура точки росы,,,,Operational
bufr4/3/09/070/11/010009,09,Последовательности данных вертикального зондирования,309070,,,010009,Геопотенциальная высота,,,,Operational
bufr4/3/09/070/12/103000,09,Последовательности данных вертикального зондирования,309070,,,103000,Повторение с задержкой 3 дескрипторов,,,,Operational
bufr4/3/09/070/13/031000,09,Последовательности данных вертикального зондирования,309070,,,031000,Коэффициент повторения короткого дескриптора с = 1 Дополнительзадержкой ные расширенные данные модели должны быть включены,,,,Operational
bufr4/3/09/070/14/011021,09,Последовательности данных вертикального зондирования,309070,,,011021,Относительная завихренность,,,,Operational
bufr4/3/09/070/15/011022,09,Последовательности данных вертикального зондирования,309070,,,011022,Дивергенция,,,,Operational
bufr4/3/09/070/16/011005,09,Последовательности данных вертикального зондирования,309070,,,011005,Компонента w Вертикальное движение Данные на высоте 10 м над уровнем земли,,,,Operational
bufr4/3/09/070/17/104000,09,Последовательности данных вертикального зондирования,309070,,,104000,Повторение с задержкой 4 дескрипторов,,,,Operational
bufr4/3/09/070/18/031000,09,Последовательности данных вертикального зондирования,309070,,,031000,"Коэффициент повторения короткого дескриптора с = 1 Вертикальная задержкой координата —10 метров над уровнем земли, = 0 Иное",,,,Operational
bufr4/3/09/070/19/008086,09,Последовательности данных вертикального зондирования,309070,,,008086,"Бит 1 установлен на 1, бит 8 установлен на 1",,,,Operational
bufr4/3/09/070/20/007006,09,Последовательности данных вертикального зондирования,309070,,,007006,Высота над уровнем станции = 10 м,,,,Operational
bufr4/3/09/070/21/011001,09,Последовательности данных вертикального зондирования,309070,,,011001,Направление ветра Истинные градусы,,,,Operational
bufr4/3/09/070/22/011002,09,Последовательности данных вертикального зондирования,309070,,,011002,Скорость ветра м/с Данные на высоте 2 м над уровнем земли,,,,Operational
bufr4/3/09/070/23/105000,09,Последовательности данных вертикального зондирования,309070,,,105000,Повторение с задержкой 5 дескрипторов,,,,Operational
bufr4/3/09/070/24/031000,09,Последовательности данных вертикального зондирования,309070,,,031000,"Коэффициент повторения короткого дескриптора с = 1 Вертикальная задержкой координата — 2 метра над уровнем земли, = 0 Иное",,,,Operational
bufr4/3/09/070/25/008086,09,Последовательности данных вертикального зондирования,309070,,,008086,Вертикальная значимость данных для ЧПП,,,,Operational
bufr4/3/09/070/26/007006,09,Последовательности данных вертикального зондирования,309070,,,007006,Высота над уровнем станции = 2 м,,,,Operational
bufr4/3/09/070/27/012101,09,Последовательности данных вертикального зондирования,309070,,,012101,Температура/температура воздуха I.2 – Табл. D BUFR/09 — 17,(продолж.),,,Operational
bufr4/3/09/070/1/012102,09,Последовательности данных вертикального зондирования,309070,Температура по смоченному термометру,,012102,Температура по смоченному термометру,,,,Operational
bufr4/3/09/070/2/012103,09,Последовательности данных вертикального зондирования,309070,Температура по смоченному термометру,,012103,Температура точки росы (Последовательность для представления данных PILOT в районе АСЕКНА),,,,Operational
bufr4/3/09/071/1/301001,09,Последовательности данных вертикального зондирования,309071,Номера блока и станции ВМО,,301001,Номера блока и станции ВМО,,,,Operational
bufr4/3/09/071/2/002014,09,Последовательности данных вертикального зондирования,309071,Номера блока и станции ВМО,,002014,Методика слежения/состояние используемой системы,,,,Operational
bufr4/3/09/071/3/002003,09,Последовательности данных вертикального зондирования,309071,Номера блока и станции ВМО,,002003,Тип используемого измерительного оборудования,,,,Operational
bufr4/3/09/071/4/301113,09,Последовательности данных вертикального зондирования,309071,Номера блока и станции ВМО,,301113,Дата/время запуска,,,,Operational
bufr4/3/09/071/5/301114,09,Последовательности данных вертикального зондирования,309071,Номера блока и станции ВМО,,301114,Горизонтальная и вертикальная координаты места запуска,,,,Operational
bufr4/3/09/071/6/301023,09,Последовательности данных вертикального зондирования,309071,Номера блока и станции ВМО,,301023,Широта/долгота (низкая точность),,,,Operational
bufr4/3/09/071/7/007030,09,Последовательности данных вертикального зондирования,309071,Номера блока и станции ВМО,,007030,Высота площадки станции над средним уровнем моря,,,,Operational
bufr4/3/09/071/8/007007,09,Последовательности данных вертикального зондирования,309071,Номера блока и станции ВМО,,007007,Высота Запуск шара-зонда,,,,Operational
bufr4/3/09/071/9/103000,09,Последовательности данных вертикального зондирования,309071,Номера блока и станции ВМО,,103000,Повторение с задержкой 3 дескрипторов,,,,Operational
bufr4/3/09/071/10/031001,09,Последовательности данных вертикального зондирования,309071,Номера блока и станции ВМО,,031001,Коэффициент повторения дескриптора с задержкой,,,,Operational
bufr4/3/09/071/11/007009,09,Последовательности данных вертикального зондирования,309071,Номера блока и станции ВМО,,007009,Геопотенциальная высота,,,,Operational
bufr4/3/09/071/12/011001,09,Последовательности данных вертикального зондирования,309071,Номера блока и станции ВМО,,011001,Направление ветра,,,,Operational
bufr4/3/09/071/13/011002,09,Последовательности данных вертикального зондирования,309071,Номера блока и станции ВМО,,011002,Скорость ветра,(продолж.),,,Operational
