Id,Category,CategoryOfSequences_ru,FXY1,Title_ru,SubTitle_ru,FXY2,ElementName_ru,ElementDescription_ru,Note_ru,noteIDs,Status
bufr4/3/10/001/1/301042,10,Последовательности вертикального зондирования,310001,"Указатель спутника, прибор, методика обработки данных, дата/время, местоположение",,301042,"Указатель спутника, прибор, методика обработки данных, дата/время, местоположение",,,,Operational
bufr4/3/10/001/2/303031,10,Последовательности вертикального зондирования,310001,"Указатель спутника, прибор, методика обработки данных, дата/время, местоположение",,303031,"Данные о значимости, суша/море, температура поверхностного слоя",,,,Operational
bufr4/3/10/001/3/303032,10,Последовательности вертикального зондирования,310001,"Указатель спутника, прибор, методика обработки данных, дата/время, местоположение",,303032,Облака,,,,Operational
bufr4/3/10/001/4/101026,10,Последовательности вертикального зондирования,310001,"Указатель спутника, прибор, методика обработки данных, дата/время, местоположение",,101026,Повторить 1 дескриптор 26 раз,,,,Operational
bufr4/3/10/001/5/303025,10,Последовательности вертикального зондирования,310001,"Указатель спутника, прибор, методика обработки данных, дата/время, местоположение",,303025,Спутниковый канал и яркостная температура (Спутник — низкий уровень),,,,Operational
bufr4/3/10/002/1/301042,10,Последовательности вертикального зондирования,310002,"Указатель спутника, прибор, методика обработки данных, дата/время, местоположение",,301042,"Указатель спутника, прибор, методика обработки данных, дата/время, местоположение",,,,Operational
bufr4/3/10/002/2/303031,10,Последовательности вертикального зондирования,310002,"Указатель спутника, прибор, методика обработки данных, дата/время, местоположение",,303031,"Данные о значимости, суша/море, температура поверхностного слоя",,,,Operational
bufr4/3/10/002/3/303032,10,Последовательности вертикального зондирования,310002,"Указатель спутника, прибор, методика обработки данных, дата/время, местоположение",,303032,Облака,,,,Operational
bufr4/3/10/002/4/101009,10,Последовательности вертикального зондирования,310002,"Указатель спутника, прибор, методика обработки данных, дата/время, местоположение",,101009,Повторить 1 дескриптор 9 раз,,,,Operational
bufr4/3/10/002/5/303023,10,Последовательности вертикального зондирования,310002,"Указатель спутника, прибор, методика обработки данных, дата/время, местоположение",,303023,Средняя температура по слою (Спутник — высокий уровень),,,,Operational
bufr4/3/10/003/1/301042,10,Последовательности вертикального зондирования,310003,"Указатель спутника, прибор, методика обработки данных, дата/время, местоположение",,301042,"Указатель спутника, прибор, методика обработки данных, дата/время, местоположение",,,,Operational
bufr4/3/10/003/2/303031,10,Последовательности вертикального зондирования,310003,"Указатель спутника, прибор, методика обработки данных, дата/время, местоположение",,303031,"Данные о значимости, суша/море, температура поверхностного слоя",,,,Operational
bufr4/3/10/003/3/303032,10,Последовательности вертикального зондирования,310003,"Указатель спутника, прибор, методика обработки данных, дата/время, местоположение",,303032,Облака,,,,Operational
bufr4/3/10/003/4/101006,10,Последовательности вертикального зондирования,310003,"Указатель спутника, прибор, методика обработки данных, дата/время, местоположение",,101006,Повторить 1 дескриптор 6 раз,,,,Operational
bufr4/3/10/003/5/303023,10,Последовательности вертикального зондирования,310003,"Указатель спутника, прибор, методика обработки данных, дата/время, местоположение",,303023,Средняя температура по слою (Спутник — осаждаемая вода),,,,Operational
bufr4/3/10/004/1/301042,10,Последовательности вертикального зондирования,310004,"Указатель спутника, прибор, методика обработки данных, дата/время, местоположение",,301042,"Указатель спутника, прибор, методика обработки данных, дата/время, местоположение",,,,Operational
bufr4/3/10/004/2/303031,10,Последовательности вертикального зондирования,310004,"Указатель спутника, прибор, методика обработки данных, дата/время, местоположение",,303031,"Данные о значимости, суша/море, температура поверхностного слоя",,,,Operational
bufr4/3/10/004/3/303032,10,Последовательности вертикального зондирования,310004,"Указатель спутника, прибор, методика обработки данных, дата/время, местоположение",,303032,Облака,,,,Operational
bufr4/3/10/004/4/101003,10,Последовательности вертикального зондирования,310004,"Указатель спутника, прибор, методика обработки данных, дата/время, местоположение",,101003,Повторить 1 дескриптор 3 раза,,,,Operational
bufr4/3/10/004/5/303024,10,Последовательности вертикального зондирования,310004,"Указатель спутника, прибор, методика обработки данных, дата/время, местоположение",,303024,Осаждаемая вода,,,,Operational
bufr4/3/10/005/1/301042,10,Последовательности вертикального зондирования,310005,"Указатель спутника, прибор, методика обработки данных, дата/время, местоположение",,301042,"Указатель спутника, прибор, методика обработки данных, дата/время, местоположение",,,,Operational
bufr4/3/10/005/2/303031,10,Последовательности вертикального зондирования,310005,"Указатель спутника, прибор, методика обработки данных, дата/время, местоположение",,303031,"Данные о значимости, суша/море, температура поверхностного слоя",,,,Operational
bufr4/3/10/005/3/303033,10,Последовательности вертикального зондирования,310005,"Указатель спутника, прибор, методика обработки данных, дата/время, местоположение",,303033,Облака,,,,Operational
bufr4/3/10/005/4/101000,10,Последовательности вертикального зондирования,310005,"Указатель спутника, прибор, методика обработки данных, дата/время, местоположение",,101000,Повторение с задержкой 1 дескриптора,,,,Operational
bufr4/3/10/005/5/031001,10,Последовательности вертикального зондирования,310005,"Указатель спутника, прибор, методика обработки данных, дата/время, местоположение",,031001,Коэффициент повторения дескриптора с задержкой,,,,Operational
bufr4/3/10/005/6/303025,10,Последовательности вертикального зондирования,310005,"Указатель спутника, прибор, методика обработки данных, дата/время, местоположение",,303025,Спутниковый канал и яркостная температура,,,,Operational
bufr4/3/10/006/1/301042,10,Последовательности вертикального зондирования,310006,"Указатель спутника, прибор, методика обработки данных, дата/время, местоположение",,301042,"Указатель спутника, прибор, методика обработки данных, дата/время, местоположение",,,,Operational
bufr4/3/10/006/2/303031,10,Последовательности вертикального зондирования,310006,"Указатель спутника, прибор, методика обработки данных, дата/время, местоположение",,303031,"Данные о значимости, суша/море, температура поверхностного слоя",,,,Operational
bufr4/3/10/006/3/303033,10,Последовательности вертикального зондирования,310006,"Указатель спутника, прибор, методика обработки данных, дата/время, местоположение",,303033,Облака,,,,Operational
bufr4/3/10/006/4/101000,10,Последовательности вертикального зондирования,310006,"Указатель спутника, прибор, методика обработки данных, дата/время, местоположение",,101000,Повторение с задержкой 1 дескриптора,,,,Operational
bufr4/3/10/006/5/031001,10,Последовательности вертикального зондирования,310006,"Указатель спутника, прибор, методика обработки данных, дата/время, местоположение",,031001,Коэффициент повторения дескриптора с задержкой,,,,Operational
bufr4/3/10/006/6/303023,10,Последовательности вертикального зондирования,310006,"Указатель спутника, прибор, методика обработки данных, дата/время, местоположение",,303023,Средняя температура по слою I.2 — Табл. D BUFR/10 — 1,(продолж.),,,Operational
bufr4/3/10/007/1/301042,10,Последовательности вертикального зондирования,310007,"Указатель спутника, прибор, методика обработки данных, дата/время, местоположение",,301042,"Указатель спутника, прибор, методика обработки данных, дата/время, местоположение",,,,Operational
bufr4/3/10/007/2/303031,10,Последовательности вертикального зондирования,310007,"Указатель спутника, прибор, методика обработки данных, дата/время, местоположение",,303031,"Данные о значимости, суша/море, температура поверхностного слоя",,,,Operational
bufr4/3/10/007/3/303033,10,Последовательности вертикального зондирования,310007,"Указатель спутника, прибор, методика обработки данных, дата/время, местоположение",,303033,Облака,,,,Operational
bufr4/3/10/007/4/101000,10,Последовательности вертикального зондирования,310007,"Указатель спутника, прибор, методика обработки данных, дата/время, местоположение",,101000,Повторение с задержкой 1 дескриптора,,,,Operational
bufr4/3/10/007/5/031001,10,Последовательности вертикального зондирования,310007,"Указатель спутника, прибор, методика обработки данных, дата/время, местоположение",,031001,Коэффициент повторения дескриптора с задержкой,,,,Operational
bufr4/3/10/007/6/303024,10,Последовательности вертикального зондирования,310007,"Указатель спутника, прибор, методика обработки данных, дата/время, местоположение",,303024,Осаждаемая вода (Сводка с ATOVS HIRS),,,,Operational
bufr4/3/10/008/1/310011,10,Последовательности вертикального зондирования,310008,Параметры поля зрения ATOVS,,310011,Параметры поля зрения ATOVS,,,,Operational
bufr4/3/10/008/2/101019,10,Последовательности вертикального зондирования,310008,Параметры поля зрения ATOVS,,101019,Повторить 1 дескриптор 19 раз,,,,Operational
bufr4/3/10/008/3/310012,10,Последовательности вертикального зондирования,310008,Параметры поля зрения ATOVS,,310012,Параметры канала ATOVS,,,,Operational
bufr4/3/10/008/4/002150,10,Последовательности вертикального зондирования,310008,Параметры поля зрения ATOVS,,002150,Номер канала используемого прибора TOVS/ATOVS/ AVHRR,,,,Operational
bufr4/3/10/008/5/025079,10,Последовательности вертикального зондирования,310008,Параметры поля зрения ATOVS,,025079,"Альбедо-энергетическая освещенность после фильтрации солнечного излучения, ATOVS",,,,Operational
bufr4/3/10/008/6/025080,10,Последовательности вертикального зондирования,310008,Параметры поля зрения ATOVS,,025080,"Альбедо-эквивалентная ширина фильтрации излучения, ATOVS",,,,Operational
bufr4/3/10/008/7/033032,10,Последовательности вертикального зондирования,310008,Параметры поля зрения ATOVS,,033032,Флаги качества каналов ATOVS,,,,Operational
bufr4/3/10/008/8/014045,10,Последовательности вертикального зондирования,310008,Параметры поля зрения ATOVS,,014045,Излучение в канале (Сводка с AMSU–A ATOVS),,,,Operational
bufr4/3/10/009/1/310011,10,Последовательности вертикального зондирования,310009,Параметры поля зрения ATOVS,,310011,Параметры поля зрения ATOVS,,,,Operational
bufr4/3/10/009/2/101015,10,Последовательности вертикального зондирования,310009,Параметры поля зрения ATOVS,,101015,Повторить 1 дескриптор 15 раз,,,,Operational
bufr4/3/10/009/3/310012,10,Последовательности вертикального зондирования,310009,Параметры поля зрения ATOVS,,310012,Параметры канала ATOVS (Сводка с AMSU–B/MHS ATOVS),,,,Operational
bufr4/3/10/010/1/310011,10,Последовательности вертикального зондирования,310010,Параметры поля зрения ATOVS,,310011,Параметры поля зрения ATOVS,,,,Operational
bufr4/3/10/010/2/101005,10,Последовательности вертикального зондирования,310010,Параметры поля зрения ATOVS,,101005,Повторить 1 дескриптор 5 раз,,,,Operational
bufr4/3/10/010/3/310012,10,Последовательности вертикального зондирования,310010,Параметры поля зрения ATOVS,,310012,Параметры канала ATOVS (Параметры поля зрения ATOVS),,,,Operational
bufr4/3/10/011/1/008070,10,Последовательности вертикального зондирования,310011,Описатель продукции вертикального зондирования,,008070,Описатель продукции вертикального зондирования,,,,Operational
bufr4/3/10/011/2/001033,10,Последовательности вертикального зондирования,310011,Описатель продукции вертикального зондирования,,001033,Идентификация центра-поставщика/производителя,,,,Operational
bufr4/3/10/011/3/001034,10,Последовательности вертикального зондирования,310011,Описатель продукции вертикального зондирования,,001034,Идентификация подцентра-поставщика/ производителя,,,,Operational
bufr4/3/10/011/4/008070,10,Последовательности вертикального зондирования,310011,Описатель продукции вертикального зондирования,,008070,Описатель продукции вертикального зондирования,,,,Operational
bufr4/3/10/011/5/001033,10,Последовательности вертикального зондирования,310011,Описатель продукции вертикального зондирования,,001033,Идентификация центра-поставщика/производителя,,,,Operational
bufr4/3/10/011/6/001034,10,Последовательности вертикального зондирования,310011,Описатель продукции вертикального зондирования,,001034,Идентификация подцентра-поставщика/ производителя,,,,Operational
bufr4/3/10/011/7/001007,10,Последовательности вертикального зондирования,310011,Описатель продукции вертикального зондирования,,001007,Указатель спутника,,,,Operational
bufr4/3/10/011/8/002048,10,Последовательности вертикального зондирования,310011,Описатель продукции вертикального зондирования,,002048,Указатель спутникового датчика,,,,Operational
bufr4/3/10/011/9/005040,10,Последовательности вертикального зондирования,310011,Описатель продукции вертикального зондирования,,005040,Номер орбиты,,,,Operational
bufr4/3/10/011/10/025075,10,Последовательности вертикального зондирования,310011,Описатель продукции вертикального зондирования,,025075,Номер варианта коррекции спутниковой антенны,,,,Operational
bufr4/3/10/011/11/201133,10,Последовательности вертикального зондирования,310011,Описатель продукции вертикального зондирования,,201133,Изменить длину данных,,,,Operational
bufr4/3/10/011/12/005041,10,Последовательности вертикального зондирования,310011,Описатель продукции вертикального зондирования,,005041,Номер строки сканирования,,,,Operational
bufr4/3/10/011/13/201000,10,Последовательности вертикального зондирования,310011,Описатель продукции вертикального зондирования,,201000,Изменить длину данных,,,,Operational
bufr4/3/10/011/14/005043,10,Последовательности вертикального зондирования,310011,Описатель продукции вертикального зондирования,,005043,Номер поля зрения,,,,Operational
bufr4/3/10/011/15/025070,10,Последовательности вертикального зондирования,310011,Описатель продукции вертикального зондирования,,025070,Номер основного пакета данных,,,,Operational
bufr4/3/10/011/16/033030,10,Последовательности вертикального зондирования,310011,Описатель продукции вертикального зондирования,,033030,Флаги статуса сканирующей строки ATOVS,,,,Operational
bufr4/3/10/011/17/033031,10,Последовательности вертикального зондирования,310011,Описатель продукции вертикального зондирования,,033031,Флаги качества сканирующей строки ATOVS,,,,Operational
bufr4/3/10/011/18/004001,10,Последовательности вертикального зондирования,310011,Описатель продукции вертикального зондирования,,004001,Год,,,,Operational
bufr4/3/10/011/19/004002,10,Последовательности вертикального зондирования,310011,Описатель продукции вертикального зондирования,,004002,Месяц,,,,Operational
bufr4/3/10/011/20/004003,10,Последовательности вертикального зондирования,310011,Описатель продукции вертикального зондирования,,004003,День,,,,Operational
bufr4/3/10/011/21/004004,10,Последовательности вертикального зондирования,310011,Описатель продукции вертикального зондирования,,004004,Час,,,,Operational
bufr4/3/10/011/22/004005,10,Последовательности вертикального зондирования,310011,Описатель продукции вертикального зондирования,,004005,Минута,(продолж.),,,Operational
bufr4/3/10/011/1/202131,10,Последовательности вертикального зондирования,310011,Изменить масштаб,,202131,Изменить масштаб,,,,Operational
bufr4/3/10/011/2/201138,10,Последовательности вертикального зондирования,310011,Изменить масштаб,,201138,Изменить длину данных,,,,Operational
bufr4/3/10/011/3/004006,10,Последовательности вертикального зондирования,310011,Изменить масштаб,,004006,Секунда,,,,Operational
bufr4/3/10/011/4/201000,10,Последовательности вертикального зондирования,310011,Изменить масштаб,,201000,Изменить длину данных,,,,Operational
bufr4/3/10/011/5/202000,10,Последовательности вертикального зондирования,310011,Изменить масштаб,,202000,Изменить масштаб,,,,Operational
bufr4/3/10/011/6/005001,10,Последовательности вертикального зондирования,310011,Изменить масштаб,,005001,Широта (высокая точность),,,,Operational
bufr4/3/10/011/7/006001,10,Последовательности вертикального зондирования,310011,Изменить масштаб,,006001,Долгота (высокая точность),,,,Operational
bufr4/3/10/011/8/202126,10,Последовательности вертикального зондирования,310011,Изменить масштаб,,202126,Изменить масштаб,,,,Operational
bufr4/3/10/011/9/007001,10,Последовательности вертикального зондирования,310011,Изменить масштаб,,007001,Высота станции,,,,Operational
bufr4/3/10/011/10/202000,10,Последовательности вертикального зондирования,310011,Изменить масштаб,,202000,Изменить масштаб,,,,Operational
bufr4/3/10/011/11/007024,10,Последовательности вертикального зондирования,310011,Изменить масштаб,,007024,Зенитный угол спутника,,,,Operational
bufr4/3/10/011/12/005021,10,Последовательности вертикального зондирования,310011,Изменить масштаб,,005021,Пеленг или азимут Азимут спутника,,,,Operational
bufr4/3/10/011/13/007025,10,Последовательности вертикального зондирования,310011,Изменить масштаб,,007025,Зенитный угол Солнца,,,,Operational
bufr4/3/10/011/14/005022,10,Последовательности вертикального зондирования,310011,Изменить масштаб,,005022,Азимут Солнца,,,,Operational
bufr4/3/10/011/15/033033,10,Последовательности вертикального зондирования,310011,Изменить масштаб,,033033,Флаги качества поля зрения ATOVS,,,,Operational
bufr4/3/10/011/16/002151,10,Последовательности вертикального зондирования,310011,Изменить масштаб,,002151,Указатель радиометра,,,,Operational
bufr4/3/10/011/17/012064,10,Последовательности вертикального зондирования,310011,Изменить масштаб,,012064,Температура прибора,,,,Operational
bufr4/3/10/011/18/002151,10,Последовательности вертикального зондирования,310011,Изменить масштаб,,002151,Указатель радиометра,,,,Operational
bufr4/3/10/011/19/012064,10,Последовательности вертикального зондирования,310011,Изменить масштаб,,012064,Температура прибора,,,,Operational
bufr4/3/10/011/20/002151,10,Последовательности вертикального зондирования,310011,Изменить масштаб,,002151,Указатель радиометра,,,,Operational
bufr4/3/10/011/21/012064,10,Последовательности вертикального зондирования,310011,Изменить масштаб,,012064,Температура прибора,,,,Operational
bufr4/3/10/011/22/002151,10,Последовательности вертикального зондирования,310011,Изменить масштаб,,002151,Указатель радиометра,,,,Operational
bufr4/3/10/011/23/012064,10,Последовательности вертикального зондирования,310011,Изменить масштаб,,012064,Температура прибора (Параметры канала ATOVS),,,,Operational
bufr4/3/10/012/1/002150,10,Последовательности вертикального зондирования,310012,Номер канала используемого прибора TOVS/ATOVS/ AVHRR,,002150,Номер канала используемого прибора TOVS/ATOVS/ AVHRR,,,,Operational
bufr4/3/10/012/2/025076,10,Последовательности вертикального зондирования,310012,Номер канала используемого прибора TOVS/ATOVS/ AVHRR,,025076,(центрального волнового числа температуры — Log 10 излучения) ATOVS,,,,Operational
bufr4/3/10/012/3/025077,10,Последовательности вертикального зондирования,310012,Номер канала используемого прибора TOVS/ATOVS/ AVHRR,,025077,Коэффициент 1 коррекции ширины полосы,,,,Operational
bufr4/3/10/012/4/025078,10,Последовательности вертикального зондирования,310012,Номер канала используемого прибора TOVS/ATOVS/ AVHRR,,025078,Коэффициент 2 коррекции ширины полосы,,,,Operational
bufr4/3/10/012/5/033032,10,Последовательности вертикального зондирования,310012,Номер канала используемого прибора TOVS/ATOVS/ AVHRR,,033032,Флаги качества каналов ATOVS,,,,Operational
bufr4/3/10/012/6/201132,10,Последовательности вертикального зондирования,310012,Номер канала используемого прибора TOVS/ATOVS/ AVHRR,,201132,Изменить длину данных,,,,Operational
bufr4/3/10/012/7/202129,10,Последовательности вертикального зондирования,310012,Номер канала используемого прибора TOVS/ATOVS/ AVHRR,,202129,Изменить масштаб,,,,Operational
bufr4/3/10/012/8/012063,10,Последовательности вертикального зондирования,310012,Номер канала используемого прибора TOVS/ATOVS/ AVHRR,,012063,Яркостная температура,,,,Operational
bufr4/3/10/012/9/202000,10,Последовательности вертикального зондирования,310012,Номер канала используемого прибора TOVS/ATOVS/ AVHRR,,202000,Изменить масштаб,,,,Operational
bufr4/3/10/012/10/201000,10,Последовательности вертикального зондирования,310012,Номер канала используемого прибора TOVS/ATOVS/ AVHRR,,201000,Изменить длину данных (Сводка с AVHRR (GAC)),,,,Operational
bufr4/3/10/013/1/001007,10,Последовательности вертикального зондирования,310013,Указатель спутника,,001007,Указатель спутника,,,,Operational
bufr4/3/10/013/2/005040,10,Последовательности вертикального зондирования,310013,Указатель спутника,,005040,Номер орбиты,,,,Operational
bufr4/3/10/013/3/004001,10,Последовательности вертикального зондирования,310013,Указатель спутника,,004001,Год,,,,Operational
bufr4/3/10/013/4/004002,10,Последовательности вертикального зондирования,310013,Указатель спутника,,004002,Месяц,,,,Operational
bufr4/3/10/013/5/004003,10,Последовательности вертикального зондирования,310013,Указатель спутника,,004003,День,,,,Operational
bufr4/3/10/013/6/004004,10,Последовательности вертикального зондирования,310013,Указатель спутника,,004004,Час,,,,Operational
bufr4/3/10/013/7/004005,10,Последовательности вертикального зондирования,310013,Указатель спутника,,004005,Минута,,,,Operational
bufr4/3/10/013/8/004006,10,Последовательности вертикального зондирования,310013,Указатель спутника,,004006,Секунда,,,,Operational
bufr4/3/10/013/9/005001,10,Последовательности вертикального зондирования,310013,Указатель спутника,,005001,Широта (высокая точность),,,,Operational
bufr4/3/10/013/10/006001,10,Последовательности вертикального зондирования,310013,Указатель спутника,,006001,Долгота (высокая точность),,,,Operational
bufr4/3/10/013/11/007025,10,Последовательности вертикального зондирования,310013,Указатель спутника,,007025,Зенитный угол Солнца,,,,Operational
bufr4/3/10/013/12/005043,10,Последовательности вертикального зондирования,310013,Указатель спутника,,005043,Номер поля зрения,,,,Operational
bufr4/3/10/013/13/025085,10,Последовательности вертикального зондирования,310013,Указатель спутника,,025085,Доля четких элементов изображения в поле зрения HIRS,,,,Operational
bufr4/3/10/013/14/201131,10,Последовательности вертикального зондирования,310013,Указатель спутника,,201131,Изменить длину данных,,,,Operational
bufr4/3/10/013/15/202129,10,Последовательности вертикального зондирования,310013,Указатель спутника,,202129,Изменить масштаб,,,,Operational
bufr4/3/10/013/16/002150,10,Последовательности вертикального зондирования,310013,Указатель спутника,,002150,Номер канала используемого прибора TOVS/ATOVS/ AVHRR I.2 – Табл. D BUFR/10 — 3,(продолж.),,,Operational
bufr4/3/10/013/1/008023,10,Последовательности вертикального зондирования,310013,Статистические данные первого порядка,,008023,Статистические данные первого порядка,,,,Operational
bufr4/3/10/013/2/008072,10,Последовательности вертикального зондирования,310013,Статистические данные первого порядка,,008072,Тип элемента(ов) изображения,,,,Operational
bufr4/3/10/013/3/014027,10,Последовательности вертикального зондирования,310013,Статистические данные первого порядка,,014027,Альбедо,,,,Operational
bufr4/3/10/013/4/008072,10,Последовательности вертикального зондирования,310013,Статистические данные первого порядка,,008072,Тип элемента(ов) изображения,,,,Operational
bufr4/3/10/013/5/014027,10,Последовательности вертикального зондирования,310013,Статистические данные первого порядка,,014027,Альбедо,,,,Operational
bufr4/3/10/013/6/002150,10,Последовательности вертикального зондирования,310013,Статистические данные первого порядка,,002150,Номер канала используемого прибора TOVS/ATOVS/ AVHRR,,,,Operational
bufr4/3/10/013/7/008023,10,Последовательности вертикального зондирования,310013,Статистические данные первого порядка,,008023,Статистические данные первого порядка,,,,Operational
bufr4/3/10/013/8/008072,10,Последовательности вертикального зондирования,310013,Статистические данные первого порядка,,008072,Тип элемента(ов) изображения,,,,Operational
bufr4/3/10/013/9/014027,10,Последовательности вертикального зондирования,310013,Статистические данные первого порядка,,014027,Альбедо,,,,Operational
bufr4/3/10/013/10/008072,10,Последовательности вертикального зондирования,310013,Статистические данные первого порядка,,008072,Тип элемента(ов) изображения,,,,Operational
bufr4/3/10/013/11/014027,10,Последовательности вертикального зондирования,310013,Статистические данные первого порядка,,014027,Альбедо,,,,Operational
bufr4/3/10/013/12/002150,10,Последовательности вертикального зондирования,310013,Статистические данные первого порядка,,002150,Номер канала используемого прибора TOVS/ATOVS/ AVHRR,,,,Operational
bufr4/3/10/013/13/008023,10,Последовательности вертикального зондирования,310013,Статистические данные первого порядка,,008023,Статистические данные первого порядка,,,,Operational
bufr4/3/10/013/14/008072,10,Последовательности вертикального зондирования,310013,Статистические данные первого порядка,,008072,Тип элемента(ов) изображения,,,,Operational
bufr4/3/10/013/15/014027,10,Последовательности вертикального зондирования,310013,Статистические данные первого порядка,,014027,Альбедо,,,,Operational
bufr4/3/10/013/16/008072,10,Последовательности вертикального зондирования,310013,Статистические данные первого порядка,,008072,Тип элемента(ов) изображения,,,,Operational
bufr4/3/10/013/17/014027,10,Последовательности вертикального зондирования,310013,Статистические данные первого порядка,,014027,Альбедо,,,,Operational
bufr4/3/10/013/18/202000,10,Последовательности вертикального зондирования,310013,Статистические данные первого порядка,,202000,Изменить масштаб,,,,Operational
bufr4/3/10/013/19/201000,10,Последовательности вертикального зондирования,310013,Статистические данные первого порядка,,201000,Изменить длину данных,,,,Operational
bufr4/3/10/013/20/201132,10,Последовательности вертикального зондирования,310013,Статистические данные первого порядка,,201132,Изменить длину данных,,,,Operational
bufr4/3/10/013/21/202129,10,Последовательности вертикального зондирования,310013,Статистические данные первого порядка,,202129,Изменить масштаб,,,,Operational
bufr4/3/10/013/22/002150,10,Последовательности вертикального зондирования,310013,Статистические данные первого порядка,,002150,Номер канала используемого прибора TOVS/ATOVS/ AVHRR,,,,Operational
bufr4/3/10/013/23/008023,10,Последовательности вертикального зондирования,310013,Статистические данные первого порядка,,008023,Статистические данные первого порядка,,,,Operational
bufr4/3/10/013/24/008072,10,Последовательности вертикального зондирования,310013,Статистические данные первого порядка,,008072,Тип элемента(ов) изображения,,,,Operational
bufr4/3/10/013/25/012063,10,Последовательности вертикального зондирования,310013,Статистические данные первого порядка,,012063,Яркостная температура,,,,Operational
bufr4/3/10/013/26/008072,10,Последовательности вертикального зондирования,310013,Статистические данные первого порядка,,008072,Тип элемента(ов) изображения,,,,Operational
bufr4/3/10/013/27/012063,10,Последовательности вертикального зондирования,310013,Статистические данные первого порядка,,012063,Яркостная температура,,,,Operational
bufr4/3/10/013/28/002150,10,Последовательности вертикального зондирования,310013,Статистические данные первого порядка,,002150,Номер канала используемого прибора TOVS/ATOVS/ AVHRR,,,,Operational
bufr4/3/10/013/29/008023,10,Последовательности вертикального зондирования,310013,Статистические данные первого порядка,,008023,Статистические данные первого порядка,,,,Operational
bufr4/3/10/013/30/008072,10,Последовательности вертикального зондирования,310013,Статистические данные первого порядка,,008072,Тип элемента(ов) изображения,,,,Operational
bufr4/3/10/013/31/012063,10,Последовательности вертикального зондирования,310013,Статистические данные первого порядка,,012063,Яркостная температура,,,,Operational
bufr4/3/10/013/32/008072,10,Последовательности вертикального зондирования,310013,Статистические данные первого порядка,,008072,Тип элемента(ов) изображения,,,,Operational
bufr4/3/10/013/33/012063,10,Последовательности вертикального зондирования,310013,Статистические данные первого порядка,,012063,Яркостная температура,,,,Operational
bufr4/3/10/013/34/008023,10,Последовательности вертикального зондирования,310013,Статистические данные первого порядка,,008023,Статистические данные первого порядка,,,,Operational
bufr4/3/10/013/35/008072,10,Последовательности вертикального зондирования,310013,Статистические данные первого порядка,,008072,Тип элемента(ов) изображения,,,,Operational
bufr4/3/10/013/36/012063,10,Последовательности вертикального зондирования,310013,Статистические данные первого порядка,,012063,Яркостная температура,,,,Operational
bufr4/3/10/013/37/008072,10,Последовательности вертикального зондирования,310013,Статистические данные первого порядка,,008072,Тип элемента(ов) изображения,,,,Operational
bufr4/3/10/013/38/012063,10,Последовательности вертикального зондирования,310013,Статистические данные первого порядка,,012063,Яркостная температура,,,,Operational
bufr4/3/10/013/39/002150,10,Последовательности вертикального зондирования,310013,Статистические данные первого порядка,,002150,Номер канала используемого прибора TOVS/ATOVS/ AVHRR,,,,Operational
bufr4/3/10/013/40/008023,10,Последовательности вертикального зондирования,310013,Статистические данные первого порядка,,008023,Статистические данные первого порядка,,,,Operational
bufr4/3/10/013/41/008072,10,Последовательности вертикального зондирования,310013,Статистические данные первого порядка,,008072,Тип элемента(ов) изображения,,,,Operational
bufr4/3/10/013/42/012063,10,Последовательности вертикального зондирования,310013,Статистические данные первого порядка,,012063,Яркостная температура,,,,Operational
bufr4/3/10/013/43/008072,10,Последовательности вертикального зондирования,310013,Статистические данные первого порядка,,008072,Тип элемента(ов) изображения,,,,Operational
bufr4/3/10/013/44/012063,10,Последовательности вертикального зондирования,310013,Статистические данные первого порядка,,012063,Яркостная температура,,,,Operational
bufr4/3/10/013/45/202000,10,Последовательности вертикального зондирования,310013,Статистические данные первого порядка,,202000,Изменить масштаб,,,,Operational
bufr4/3/10/013/46/201000,10,Последовательности вертикального зондирования,310013,Статистические данные первого порядка,,201000,Изменить длину данных,(продолж.),,,Operational
bufr4/3/10/014/1/301072,10,Последовательности вертикального зондирования,310014,"Идентификация спутника Идентификация спутника, дата/ время, широта/ долгота",,301072,"Идентификация спутника Идентификация спутника, дата/ время, широта/ долгота",,,,Operational
bufr4/3/10/014/2/303041,10,Последовательности вертикального зондирования,310014,"Идентификация спутника Идентификация спутника, дата/ время, широта/ долгота",,303041,Последовательность данных о ветре,,,,Operational
bufr4/3/10/014/3/304011,10,Последовательности вертикального зондирования,310014,"Идентификация спутника Идентификация спутника, дата/ время, широта/ долгота",,304011,Информация GOES-I/M (Данные Метеосат об излучении),,,,Operational
bufr4/3/10/015/1/301072,10,Последовательности вертикального зондирования,310015,Идентификация спутника,,301072,Идентификация спутника,,,,Operational
bufr4/3/10/015/2/007024,10,Последовательности вертикального зондирования,310015,Идентификация спутника,,007024,Зенитный угол спутника,,,,Operational
bufr4/3/10/015/3/010002,10,Последовательности вертикального зондирования,310015,Идентификация спутника,,010002,Высота,,,,Operational
bufr4/3/10/015/4/303041,10,Последовательности вертикального зондирования,310015,Идентификация спутника,,303041,Последовательность данных о ветре,,,,Operational
bufr4/3/10/015/5/101003,10,Последовательности вертикального зондирования,310015,Идентификация спутника,,101003,Повторить 1 дескриптор 3 раза,,,,Operational
bufr4/3/10/015/6/304032,10,Последовательности вертикального зондирования,310015,Идентификация спутника,,304032,Часть облачности,,,,Operational
bufr4/3/10/015/7/002152,10,Последовательности вертикального зондирования,310015,Идентификация спутника,,002152,"Спутниковый прибор, используемый при обработке данных",,,,Operational
bufr4/3/10/015/8/002024,10,Последовательности вертикального зондирования,310015,Идентификация спутника,,002024,Метод расчета интегрированной средней влажности,,,,Operational
bufr4/3/10/015/9/007004,10,Последовательности вертикального зондирования,310015,Идентификация спутника,,007004,Давление,,,,Operational
bufr4/3/10/015/10/007004,10,Последовательности вертикального зондирования,310015,Идентификация спутника,,007004,Давление,,,,Operational
bufr4/3/10/015/11/013003,10,Последовательности вертикального зондирования,310015,Идентификация спутника,,013003,Относительная влажность,,,,Operational
bufr4/3/10/015/12/101003,10,Последовательности вертикального зондирования,310015,Идентификация спутника,,101003,Повторить 1 дескриптор 3 раза,,,,Operational
bufr4/3/10/015/13/304033,10,Последовательности вертикального зондирования,310015,Идентификация спутника,,304033,Излучение ясного неба (Данные об излучении со спутника Метеосат второго поколения (МВП)),,,,Operational
bufr4/3/10/016/1/301072,10,Последовательности вертикального зондирования,310016,Идентификация спутника,,301072,Идентификация спутника,,,,Operational
bufr4/3/10/016/2/007024,10,Последовательности вертикального зондирования,310016,Идентификация спутника,,007024,Зенитный угол спутника,,,,Operational
bufr4/3/10/016/3/010002,10,Последовательности вертикального зондирования,310016,Идентификация спутника,,010002,Высота,,,,Operational
bufr4/3/10/016/4/303041,10,Последовательности вертикального зондирования,310016,Идентификация спутника,,303041,Последовательность данных о ветре,,,,Operational
bufr4/3/10/016/5/101012,10,Последовательности вертикального зондирования,310016,Идентификация спутника,,101012,Повторить 1 дескриптор 12 раз,,,,Operational
bufr4/3/10/016/6/304032,10,Последовательности вертикального зондирования,310016,Идентификация спутника,,304032,Часть облачности,,,,Operational
bufr4/3/10/016/7/002152,10,Последовательности вертикального зондирования,310016,Идентификация спутника,,002152,"Спутниковый прибор, используемый при обработке данных",,,,Operational
bufr4/3/10/016/8/002024,10,Последовательности вертикального зондирования,310016,Идентификация спутника,,002024,Метод расчета интегрированной средней влажности,,,,Operational
bufr4/3/10/016/9/007004,10,Последовательности вертикального зондирования,310016,Идентификация спутника,,007004,Давление,,,,Operational
bufr4/3/10/016/10/007004,10,Последовательности вертикального зондирования,310016,Идентификация спутника,,007004,Давление,,,,Operational
bufr4/3/10/016/11/013003,10,Последовательности вертикального зондирования,310016,Идентификация спутника,,013003,Относительная влажность,,,,Operational
bufr4/3/10/016/12/101012,10,Последовательности вертикального зондирования,310016,Идентификация спутника,,101012,Повторить 1 дескриптор 12 раз,,,,Operational
bufr4/3/10/016/13/304033,10,Последовательности вертикального зондирования,310016,Идентификация спутника,,304033,Излучение ясного неба (Данные по озону),,,,Operational
bufr4/3/10/018/1/001007,10,Последовательности вертикального зондирования,310018,Указатель спутника,,001007,Указатель спутника,,,,Operational
bufr4/3/10/018/2/005040,10,Последовательности вертикального зондирования,310018,Указатель спутника,,005040,Номер орбиты,,,,Operational
bufr4/3/10/018/3/004001,10,Последовательности вертикального зондирования,310018,Указатель спутника,,004001,Год,,,,Operational
bufr4/3/10/018/4/004043,10,Последовательности вертикального зондирования,310018,Указатель спутника,,004043,День года,,,,Operational
bufr4/3/10/018/5/004004,10,Последовательности вертикального зондирования,310018,Указатель спутника,,004004,Час,,,,Operational
bufr4/3/10/018/6/004005,10,Последовательности вертикального зондирования,310018,Указатель спутника,,004005,Минута,,,,Operational
bufr4/3/10/018/7/004006,10,Последовательности вертикального зондирования,310018,Указатель спутника,,004006,Секунда,,,,Operational
bufr4/3/10/018/8/207002,10,Последовательности вертикального зондирования,310018,Указатель спутника,,207002,"Увеличить масштаб, величину начала отсчета и длину данных",,,,Operational
bufr4/3/10/018/9/026030,10,Последовательности вертикального зондирования,310018,Указатель спутника,,026030,Время интеграции измерения,,,,Operational
bufr4/3/10/018/10/207000,10,Последовательности вертикального зондирования,310018,Указатель спутника,,207000,"Увеличить масштаб, величину начала отсчета и длину Отмена данных",,,,Operational
bufr4/3/10/018/11/005002,10,Последовательности вертикального зондирования,310018,Указатель спутника,,005002,Широта (низкая точность),,,,Operational
bufr4/3/10/018/12/006002,10,Последовательности вертикального зондирования,310018,Указатель спутника,,006002,Долгота (низкая точность) I.2 – Табл. D BUFR/10 — 5,(продолж.),,,Operational
bufr4/3/10/018/1/033072,10,Последовательности вертикального зондирования,310018,Ошибка в измерении озона,,033072,Ошибка в измерении озона,,,,Operational
bufr4/3/10/018/2/007025,10,Последовательности вертикального зондирования,310018,Ошибка в измерении озона,,007025,Зенитный угол Солнца,,,,Operational
bufr4/3/10/018/3/005022,10,Последовательности вертикального зондирования,310018,Ошибка в измерении озона,,005022,Азимут Солнца,,,,Operational
bufr4/3/10/018/4/207002,10,Последовательности вертикального зондирования,310018,Ошибка в измерении озона,,207002,"Увеличить масштаб, величину начала отсчета и длину данных",,,,Operational
bufr4/3/10/018/5/015001,10,Последовательности вертикального зондирования,310018,Ошибка в измерении озона,,015001,Общее содержание озона,,,,Operational
bufr4/3/10/018/6/207000,10,Последовательности вертикального зондирования,310018,Ошибка в измерении озона,,207000,"Увеличить масштаб, величину начала отсчета и длину Отмена данных",,,,Operational
bufr4/3/10/018/7/008003,10,Последовательности вертикального зондирования,310018,Ошибка в измерении озона,,008003,Вертикальная значимость (спутниковые наблюдения) = 0 Поверхность,,,,Operational
bufr4/3/10/018/8/207001,10,Последовательности вертикального зондирования,310018,Ошибка в измерении озона,,207001,"Увеличить масштаб, величину начала отсчета и длину данных",,,,Operational
bufr4/3/10/018/9/010004,10,Последовательности вертикального зондирования,310018,Ошибка в измерении озона,,010004,Давление = У поверхности земли,,,,Operational
bufr4/3/10/018/10/207000,10,Последовательности вертикального зондирования,310018,Ошибка в измерении озона,,207000,"Увеличить масштаб, величину начала отсчета и длину Отмена данных",,,,Operational
bufr4/3/10/018/11/008003,10,Последовательности вертикального зондирования,310018,Ошибка в измерении озона,,008003,Вертикальная значимость (спутниковые наблюдения) Установлено на отсутствующее значение (отмена),,,,Operational
bufr4/3/10/018/12/008003,10,Последовательности вертикального зондирования,310018,Ошибка в измерении озона,,008003,Вертикальная значимость (спутниковые наблюдения) = 2 Верхняя граница облаков,,,,Operational
bufr4/3/10/018/13/033042,10,Последовательности вертикального зондирования,310018,Ошибка в измерении озона,,033042,"Тип предела, представленный последующим = 0 Исключая значением нижний предел",,,,Operational
bufr4/3/10/018/14/207001,10,Последовательности вертикального зондирования,310018,Ошибка в измерении озона,,207001,"Увеличить масштаб, величину начала отсчета и длину данных",,,,Operational
bufr4/3/10/018/15/007004,10,Последовательности вертикального зондирования,310018,Ошибка в измерении озона,,007004,Давление,,,,Operational
bufr4/3/10/018/16/207000,10,Последовательности вертикального зондирования,310018,Ошибка в измерении озона,,207000,"Увеличить масштаб, величину начала отсчета и длину Отмена данных",,,,Operational
bufr4/3/10/018/17/207002,10,Последовательности вертикального зондирования,310018,Ошибка в измерении озона,,207002,"Увеличить масштаб, величину начала отсчета и длину данных",,,,Operational
bufr4/3/10/018/18/015001,10,Последовательности вертикального зондирования,310018,Ошибка в измерении озона,,015001,Общее содержание озона Давление ниже верхней границы облаков,,,,Operational
bufr4/3/10/018/19/207000,10,Последовательности вертикального зондирования,310018,Ошибка в измерении озона,,207000,"Увеличить масштаб, величину начала отсчета и длину Отмена данных",,,,Operational
bufr4/3/10/018/20/008003,10,Последовательности вертикального зондирования,310018,Ошибка в измерении озона,,008003,Вертикальная значимость (спутниковые наблюдения) Установлено на отсутствующее значение (отмена),,,,Operational
bufr4/3/10/018/21/207002,10,Последовательности вертикального зондирования,310018,Ошибка в измерении озона,,207002,"Увеличить масштаб, величину начала отсчета и длину данных",,,,Operational
bufr4/3/10/018/22/020081,10,Последовательности вертикального зондирования,310018,Ошибка в измерении озона,,020081,Облачность в сегменте Доля облачности,,,,Operational
bufr4/3/10/018/23/207000,10,Последовательности вертикального зондирования,310018,Ошибка в измерении озона,,207000,"Увеличить масштаб, величину начала отсчета и длину Отмена данных",,,,Operational
bufr4/3/10/018/24/020065,10,Последовательности вертикального зондирования,310018,Ошибка в измерении озона,,020065,Снежный покров,,,,Operational
bufr4/3/10/018/25/008029,10,Последовательности вертикального зондирования,310018,Ошибка в измерении озона,,008029,Тип поверхности,,,,Operational
bufr4/3/10/018/26/207004,10,Последовательности вертикального зондирования,310018,Ошибка в измерении озона,,207004,"Увеличить масштаб, величину начала отсчета и длину данных",,,,Operational
bufr4/3/10/018/27/015030,10,Последовательности вертикального зондирования,310018,Ошибка в измерении озона,,015030,Индекс аэрозольного загрязнения,,,,Operational
bufr4/3/10/018/28/207000,10,Последовательности вертикального зондирования,310018,Ошибка в измерении озона,,207000,"Увеличить масштаб, величину начала отсчета и длину Отмена данных",,,,Operational
bufr4/3/10/018/29/008075,10,Последовательности вертикального зондирования,310018,Ошибка в измерении озона,,008075,Определитель восходящей/нисходящей орбиты (Данные по озону),,,,Operational
bufr4/3/10/019/1/001007,10,Последовательности вертикального зондирования,310019,Указатель спутника,,001007,Указатель спутника,,,,Operational
bufr4/3/10/019/2/002019,10,Последовательности вертикального зондирования,310019,Указатель спутника,,002019,Спутниковые приборы = 624 SBUV/2,,,,Operational
bufr4/3/10/019/3/301011,10,Последовательности вертикального зондирования,310019,Указатель спутника,,301011,"Год, месяц, день",,,,Operational
bufr4/3/10/019/4/301013,10,Последовательности вертикального зондирования,310019,Указатель спутника,,301013,"Час, минута, секунда",(продолж.),,,Operational
bufr4/3/10/019/1/301023,10,Последовательности вертикального зондирования,310019,Широта/долгота (низкая точность),,301023,Широта/долгота (низкая точность),,,,Operational
bufr4/3/10/019/2/007025,10,Последовательности вертикального зондирования,310019,Широта/долгота (низкая точность),,007025,Зенитный угол Солнца,,,,Operational
bufr4/3/10/019/3/008021,10,Последовательности вертикального зондирования,310019,Широта/долгота (низкая точность),,008021,= 28 Начало сканиЗначимость времени рования,,,,Operational
bufr4/3/10/019/4/007025,10,Последовательности вертикального зондирования,310019,Широта/долгота (низкая точность),,007025,Зенитный угол Солнца,,,,Operational
bufr4/3/10/019/5/008021,10,Последовательности вертикального зондирования,310019,Широта/долгота (низкая точность),,008021,Значимость времени = 29 Окончание сканирования,,,,Operational
bufr4/3/10/019/6/007025,10,Последовательности вертикального зондирования,310019,Широта/долгота (низкая точность),,007025,Зенитный угол Солнца,,,,Operational
bufr4/3/10/019/7/008021,10,Последовательности вертикального зондирования,310019,Широта/долгота (низкая точность),,008021,Значимость времени Установлено на отсутствующее значение (отмена),,,,Operational
bufr4/3/10/019/8/008029,10,Последовательности вертикального зондирования,310019,Широта/долгота (низкая точность),,008029,Тип поверхности,,,,Operational
bufr4/3/10/019/9/005040,10,Последовательности вертикального зондирования,310019,Широта/долгота (низкая точность),,005040,Номер орбиты,,,,Operational
bufr4/3/10/019/10/008075,10,Последовательности вертикального зондирования,310019,Широта/долгота (низкая точность),,008075,Определить восходящей/нисходящей орбиты,,,,Operational
bufr4/3/10/019/11/008003,10,Последовательности вертикального зондирования,310019,Широта/долгота (низкая точность),,008003,Вертикальная значимость (спутниковые наблюдения) = 0 Поверхность,,,,Operational
bufr4/3/10/019/12/010004,10,Последовательности вертикального зондирования,310019,Широта/долгота (низкая точность),,010004,Давление = У поверхности земли,,,,Operational
bufr4/3/10/019/13/008003,10,Последовательности вертикального зондирования,310019,Широта/долгота (низкая точность),,008003,Вертикальная значимость (спутниковые наблюдения) Установлено на отсутствующее значение (отмена),,,,Operational
bufr4/3/10/019/14/207002,10,Последовательности вертикального зондирования,310019,Широта/долгота (низкая точность),,207002,"Увеличить масштаб, величину начала отсчета и длину данных",,,,Operational
bufr4/3/10/019/15/015001,10,Последовательности вертикального зондирования,310019,Широта/долгота (низкая точность),,015001,Общее содержание озона,,,,Operational
bufr4/3/10/019/16/207000,10,Последовательности вертикального зондирования,310019,Широта/долгота (низкая точность),,207000,"Увеличить масштаб, величину начала отсчета и длину Отмена данных",,,,Operational
bufr4/3/10/019/17/033070,10,Последовательности вертикального зондирования,310019,Широта/долгота (низкая точность),,033070,Качество измерений общего содержания озона,,,,Operational
bufr4/3/10/019/18/015030,10,Последовательности вертикального зондирования,310019,Широта/долгота (низкая точность),,015030,Индекс аэрозольного загрязнения,,,,Operational
bufr4/3/10/019/19/207002,10,Последовательности вертикального зондирования,310019,Широта/долгота (низкая точность),,207002,"Увеличить масштаб, величину начала отсчета и длину данных",,,,Operational
bufr4/3/10/019/20/020081,10,Последовательности вертикального зондирования,310019,Широта/долгота (низкая точность),,020081,Облачность в сегменте Доля облачности,,,,Operational
bufr4/3/10/019/21/207000,10,Последовательности вертикального зондирования,310019,Широта/долгота (низкая точность),,207000,"Увеличить масштаб, величину начала отсчета и длину Отмена данных",,,,Operational
bufr4/3/10/019/22/008003,10,Последовательности вертикального зондирования,310019,Широта/долгота (низкая точность),,008003,Вертикальная значимость (спутниковые наблюдения) = 2 Верхняя граница облаков,,,,Operational
bufr4/3/10/019/23/033042,10,Последовательности вертикального зондирования,310019,Широта/долгота (низкая точность),,033042,"Тип предела, представленный последующим = 0 Исключая значением нижний предел",,,,Operational
bufr4/3/10/019/24/007004,10,Последовательности вертикального зондирования,310019,Широта/долгота (низкая точность),,007004,Давление,,,,Operational
bufr4/3/10/019/25/207002,10,Последовательности вертикального зондирования,310019,Широта/долгота (низкая точность),,207002,"Увеличить масштаб, величину начала отсчета и длину данных",,,,Operational
bufr4/3/10/019/26/015001,10,Последовательности вертикального зондирования,310019,Широта/долгота (низкая точность),,015001,Общее содержание озона Давление ниже верхней границы облаков,,,,Operational
bufr4/3/10/019/27/207000,10,Последовательности вертикального зондирования,310019,Широта/долгота (низкая точность),,207000,"Увеличить масштаб, величину начала отсчета и длину Отмена данных",,,,Operational
bufr4/3/10/019/28/008003,10,Последовательности вертикального зондирования,310019,Широта/долгота (низкая точность),,008003,Вертикальная значимость (спутниковые наблюдения) Установлено на отсутствующее значение (отмена),,,,Operational
bufr4/3/10/019/29/113021,10,Последовательности вертикального зондирования,310019,Широта/долгота (низкая точность),,113021,Повторить 13 дескрипторов 21 раз,,,,Operational
bufr4/3/10/019/30/007004,10,Последовательности вертикального зондирования,310019,Широта/долгота (низкая точность),,007004,Давление На нижней границе слоя,,,,Operational
bufr4/3/10/019/31/007004,10,Последовательности вертикального зондирования,310019,Широта/долгота (низкая точность),,007004,Давление На верхней границе слоя,,,,Operational
bufr4/3/10/019/32/207002,10,Последовательности вертикального зондирования,310019,Широта/долгота (низкая точность),,207002,"Увеличить масштаб, величину начала отсчета и длину данных",,,,Operational
bufr4/3/10/019/33/008021,10,Последовательности вертикального зондирования,310019,Широта/долгота (низкая точность),,008021,Значимость времени = 27 В нулевом приближении I.2 – Табл. D BUFR/10 — 7,(продолж.),,,Operational
bufr4/3/10/019/1/015005,10,Последовательности вертикального зондирования,310019,p озона,,015005,p озона,,,,Operational
bufr4/3/10/019/2/008021,10,Последовательности вертикального зондирования,310019,p озона,,008021,Значимость времени Установлено на отсутствующее значение (отмена),,,,Operational
bufr4/3/10/019/3/015005,10,Последовательности вертикального зондирования,310019,p озона,,015005,p озона,,,,Operational
bufr4/3/10/019/4/033007,10,Последовательности вертикального зондирования,310019,p озона,,033007,Процент достоверности,,,,Operational
bufr4/3/10/019/5/207000,10,Последовательности вертикального зондирования,310019,p озона,,207000,"Увеличить масштаб, величину начала отсчета и длину Отмена данных",,,,Operational
bufr4/3/10/019/6/008026,10,Последовательности вертикального зондирования,310019,p озона,,008026,= 0 Строка осредМатричная значимость нения ядра матрицы,,,,Operational
bufr4/3/10/019/7/101020,10,Последовательности вертикального зондирования,310019,p озона,,101020,Повторить 1 дескриптор 20 раз,,,,Operational
bufr4/3/10/019/8/025143,10,Последовательности вертикального зондирования,310019,p озона,,025143,Линейный коэффициент,,,,Operational
bufr4/3/10/019/9/008026,10,Последовательности вертикального зондирования,310019,p озона,,008026,Матричная значимость Установлено на отсутствующее значение (отмена),,,,Operational
bufr4/3/10/019/10/008043,10,Последовательности вертикального зондирования,310019,p озона,,008043,Тип химических или физических составляющих = 0 Озон атмосферы,,,,Operational
bufr4/3/10/019/11/109015,10,Последовательности вертикального зондирования,310019,p озона,,109015,Повторить 9 дескрипторов 15 раз,,,,Operational
bufr4/3/10/019/12/007004,10,Последовательности вертикального зондирования,310019,p озона,,007004,Давление,,,,Operational
bufr4/3/10/019/13/008090,10,Последовательности вертикального зондирования,310019,p озона,,008090,Десятичный масштаб следующих мантисс,,,,Operational
bufr4/3/10/019/14/207006,10,Последовательности вертикального зондирования,310019,p озона,,207006,"Увеличить масштаб, величину начала отсчета и длину данных",,,,Operational
bufr4/3/10/019/15/015008,10,Последовательности вертикального зондирования,310019,p озона,,015008,Существенный компонент состава смеси (по объему),,,,Operational
bufr4/3/10/019/16/207000,10,Последовательности вертикального зондирования,310019,p озона,,207000,"Увеличить масштаб, величину начала отсчета и длину Отмена данных",,,,Operational
bufr4/3/10/019/17/008090,10,Последовательности вертикального зондирования,310019,p озона,,008090,Десятичный масштаб следующих мантисс Установлено на отсутствующее значение (отмена),,,,Operational
bufr4/3/10/019/18/207002,10,Последовательности вертикального зондирования,310019,p озона,,207002,"Увеличить масштаб, величину начала отсчета и длину данных",,,,Operational
bufr4/3/10/019/19/033007,10,Последовательности вертикального зондирования,310019,p озона,,033007,Процент достоверности,,,,Operational
bufr4/3/10/019/20/207000,10,Последовательности вертикального зондирования,310019,p озона,,207000,"Увеличить масштаб, величину начала отсчета и длину Отмена данных",,,,Operational
bufr4/3/10/019/21/008043,10,Последовательности вертикального зондирования,310019,p озона,,008043,Тип химических или физических составляющих Установлено на атмосферы отсутствующее значение (отмена),,,,Operational
bufr4/3/10/019/22/033071,10,Последовательности вертикального зондирования,310019,p озона,,033071,Качество измерений профиля озона,,,,Operational
bufr4/3/10/019/23/108008,10,Последовательности вертикального зондирования,310019,p озона,,108008,Повторить 8 дескрипторов 8 раз,,,,Operational
bufr4/3/10/019/24/202124,10,Последовательности вертикального зондирования,310019,p озона,,202124,Изменить масштаб,,,,Operational
bufr4/3/10/019/25/201107,10,Последовательности вертикального зондирования,310019,p озона,,201107,Изменить длину данных,,,,Operational
bufr4/3/10/019/26/002071,10,Последовательности вертикального зондирования,310019,p озона,,002071,Рабочая длина волны спектрографа,,,,Operational
bufr4/3/10/019/27/201000,10,Последовательности вертикального зондирования,310019,p озона,,201000,Измененить длину данных Отмена,,,,Operational
bufr4/3/10/019/28/202000,10,Последовательности вертикального зондирования,310019,p озона,,202000,Изменениеть масштаб Отмена,,,,Operational
bufr4/3/10/019/29/207002,10,Последовательности вертикального зондирования,310019,p озона,,207002,"Увеличить масштаб, величину начала отсчета и длину данных",,,,Operational
bufr4/3/10/019/30/020081,10,Последовательности вертикального зондирования,310019,p озона,,020081,Облачность в сегменте Доля облачности,,,,Operational
bufr4/3/10/019/31/207000,10,Последовательности вертикального зондирования,310019,p озона,,207000,"Увеличить масштаб, величину начала отсчета и длину Отмена данных (Восстановленные данные по озону)",,,,Operational
bufr4/3/10/020/1/310022,10,Последовательности вертикального зондирования,310020,"Указатель спутника, прибор, тип продукции",,310022,"Указатель спутника, прибор, тип продукции",,,,Operational
bufr4/3/10/020/2/301011,10,Последовательности вертикального зондирования,310020,"Указатель спутника, прибор, тип продукции",,301011,"Год, месяц, день",,,,Operational
bufr4/3/10/020/3/301013,10,Последовательности вертикального зондирования,310020,"Указатель спутника, прибор, тип продукции",,301013,"Час, минута, секунда",,,,Operational
bufr4/3/10/020/4/301021,10,Последовательности вертикального зондирования,310020,"Указатель спутника, прибор, тип продукции",,301021,Широта/долгота (высокая точность),(продолж.),,,Operational
bufr4/3/10/020/1/304034,10,Последовательности вертикального зондирования,310020,"Широта/долгота, возвышение солнца, количество слоев",,304034,"Широта/долгота, возвышение солнца, количество слоев",,,,Operational
bufr4/3/10/020/2/310021,10,Последовательности вертикального зондирования,310020,"Широта/долгота, возвышение солнца, количество слоев",,310021,"Интегральная плотность озона, высота определяемого слоя (Интегральная плотность озона, высота определяемого слоя)",,,,Operational
bufr4/3/10/021/1/108000,10,Последовательности вертикального зондирования,310021,Повторение с задержкой 8 дескрипторов,,108000,Повторение с задержкой 8 дескрипторов,,,,Operational
bufr4/3/10/021/2/031001,10,Последовательности вертикального зондирования,310021,Повторение с задержкой 8 дескрипторов,,031001,Коэффициент повторения дескриптора с задержкой,,,,Operational
bufr4/3/10/021/3/201131,10,Последовательности вертикального зондирования,310021,Повторение с задержкой 8 дескрипторов,,201131,Изменить длину данных,,,,Operational
bufr4/3/10/021/4/202129,10,Последовательности вертикального зондирования,310021,Повторение с задержкой 8 дескрипторов,,202129,Изменить масштаб,,,,Operational
bufr4/3/10/021/5/007004,10,Последовательности вертикального зондирования,310021,Повторение с задержкой 8 дескрипторов,,007004,Давление,,,,Operational
bufr4/3/10/021/6/007004,10,Последовательности вертикального зондирования,310021,Повторение с задержкой 8 дескрипторов,,007004,Давление,,,,Operational
bufr4/3/10/021/7/202000,10,Последовательности вертикального зондирования,310021,Повторение с задержкой 8 дескрипторов,,202000,Изменить масштаб Отмена,,,,Operational
bufr4/3/10/021/8/201000,10,Последовательности вертикального зондирования,310021,Повторение с задержкой 8 дескрипторов,,201000,Изменить длину данных Отмена,,,,Operational
bufr4/3/10/021/9/015020,10,Последовательности вертикального зондирования,310021,Повторение с задержкой 8 дескрипторов,,015020,Интегральная плотность озона,,,,Operational
bufr4/3/10/021/10/010002,10,Последовательности вертикального зондирования,310021,Повторение с задержкой 8 дескрипторов,,010002,"Высота (Указатель спутника, прибор и тип продукции)",,,,Operational
bufr4/3/10/022/1/001007,10,Последовательности вертикального зондирования,310022,Указатель спутника,,001007,Указатель спутника,,,,Operational
bufr4/3/10/022/2/002019,10,Последовательности вертикального зондирования,310022,Указатель спутника,,002019,Спутниковые приборы,,,,Operational
bufr4/3/10/022/3/001033,10,Последовательности вертикального зондирования,310022,Указатель спутника,,001033,Идентификация центра-поставщика/производителя,,,,Operational
bufr4/3/10/022/4/002172,10,Последовательности вертикального зондирования,310022,Указатель спутника,,002172,Тип продукции по атмосферным газам (восстановленной по спутниковым данным) (Данные об излучении с геостационарного многоканального спутника),,,,Operational
bufr4/3/10/023/1/301072,10,Последовательности вертикального зондирования,310023,Идентификация спутника,,301072,Идентификация спутника,,,,Operational
bufr4/3/10/023/2/030021,10,Последовательности вертикального зондирования,310023,Идентификация спутника,,030021,Количество элементов изображения в строке,,,,Operational
bufr4/3/10/023/3/030022,10,Последовательности вертикального зондирования,310023,Идентификация спутника,,030022,Количество элементов изображения в колонке,,,,Operational
bufr4/3/10/023/4/008012,10,Последовательности вертикального зондирования,310023,Идентификация спутника,,008012,Описатель суши/моря,,,,Operational
bufr4/3/10/023/5/007024,10,Последовательности вертикального зондирования,310023,Идентификация спутника,,007024,Зенитный угол спутника,,,,Operational
bufr4/3/10/023/6/007025,10,Последовательности вертикального зондирования,310023,Идентификация спутника,,007025,Зенитный угол Солнца,,,,Operational
bufr4/3/10/023/7/010002,10,Последовательности вертикального зондирования,310023,Идентификация спутника,,010002,Высота,,,,Operational
bufr4/3/10/023/8/101012,10,Последовательности вертикального зондирования,310023,Идентификация спутника,,101012,Повторить 1 дескриптор 12 раз,,,,Operational
bufr4/3/10/023/9/304032,10,Последовательности вертикального зондирования,310023,Идентификация спутника,,304032,Часть облачности,,,,Operational
bufr4/3/10/023/10/105002,10,Последовательности вертикального зондирования,310023,Идентификация спутника,,105002,Повторить 5 дескрипторов 2 раза,,,,Operational
bufr4/3/10/023/11/002152,10,Последовательности вертикального зондирования,310023,Идентификация спутника,,002152,"Спутниковый прибор, используемый при обработке данных",,,,Operational
bufr4/3/10/023/12/002024,10,Последовательности вертикального зондирования,310023,Идентификация спутника,,002024,Метод вычисления средней влажности по слою,,,,Operational
bufr4/3/10/023/13/007004,10,Последовательности вертикального зондирования,310023,Идентификация спутника,,007004,Давление,,,,Operational
bufr4/3/10/023/14/007004,10,Последовательности вертикального зондирования,310023,Идентификация спутника,,007004,Давление,,,,Operational
bufr4/3/10/023/15/013003,10,Последовательности вертикального зондирования,310023,Идентификация спутника,,013003,Относительная влажность,,,,Operational
bufr4/3/10/023/16/101012,10,Последовательности вертикального зондирования,310023,Идентификация спутника,,101012,Повторить 1 дескриптор 12 раз,,,,Operational
bufr4/3/10/023/17/304033,10,Последовательности вертикального зондирования,310023,Идентификация спутника,,304033,Излучение ясного неба (Данные об излучении с геостационарного трехканального спутника),,,,Operational
bufr4/3/10/024/1/301072,10,Последовательности вертикального зондирования,310024,Идентификация спутника,,301072,Идентификация спутника,,,,Operational
bufr4/3/10/024/2/030021,10,Последовательности вертикального зондирования,310024,Идентификация спутника,,030021,Количество элементов изображения в строке,,,,Operational
bufr4/3/10/024/3/030022,10,Последовательности вертикального зондирования,310024,Идентификация спутника,,030022,Количество элементов изображения в колонке,,,,Operational
bufr4/3/10/024/4/008012,10,Последовательности вертикального зондирования,310024,Идентификация спутника,,008012,Описатель суши/моря,,,,Operational
bufr4/3/10/024/5/007024,10,Последовательности вертикального зондирования,310024,Идентификация спутника,,007024,Зенитный угол спутника,,,,Operational
bufr4/3/10/024/6/007025,10,Последовательности вертикального зондирования,310024,Идентификация спутника,,007025,Зенитный угол Солнца,,,,Operational
bufr4/3/10/024/7/010002,10,Последовательности вертикального зондирования,310024,Идентификация спутника,,010002,Высота,,,,Operational
bufr4/3/10/024/8/101003,10,Последовательности вертикального зондирования,310024,Идентификация спутника,,101003,Повторить 1 дескриптор 3 раза,,,,Operational
bufr4/3/10/024/9/304032,10,Последовательности вертикального зондирования,310024,Идентификация спутника,,304032,Часть облачности I.2 – Табл. D BUFR/10 — 9,(продолж.),,,Operational
bufr4/3/10/024/1/105002,10,Последовательности вертикального зондирования,310024,Повторить 5 дескрипторов 2 раза,,105002,Повторить 5 дескрипторов 2 раза,,,,Operational
bufr4/3/10/024/2/002152,10,Последовательности вертикального зондирования,310024,Повторить 5 дескрипторов 2 раза,,002152,"Спутниковый прибор, используемый при обработке данных",,,,Operational
bufr4/3/10/024/3/002024,10,Последовательности вертикального зондирования,310024,Повторить 5 дескрипторов 2 раза,,002024,Метод вычисления средней влажности по слою,,,,Operational
bufr4/3/10/024/4/007004,10,Последовательности вертикального зондирования,310024,Повторить 5 дескрипторов 2 раза,,007004,Давление,,,,Operational
bufr4/3/10/024/5/007004,10,Последовательности вертикального зондирования,310024,Повторить 5 дескрипторов 2 раза,,007004,Давление,,,,Operational
bufr4/3/10/024/6/013003,10,Последовательности вертикального зондирования,310024,Повторить 5 дескрипторов 2 раза,,013003,Относительная влажность,,,,Operational
bufr4/3/10/024/7/101003,10,Последовательности вертикального зондирования,310024,Повторить 5 дескрипторов 2 раза,,101003,Повторить 1 дескриптор 3 раза,,,,Operational
bufr4/3/10/024/8/304033,10,Последовательности вертикального зондирования,310024,Повторить 5 дескрипторов 2 раза,,304033,Излучение ясного неба (Запись данных о температуре SSMIS),,,,Operational
bufr4/3/10/025/1/001007,10,Последовательности вертикального зондирования,310025,Указатель спутника,,001007,Указатель спутника,,,,Operational
bufr4/3/10/025/2/008021,10,Последовательности вертикального зондирования,310025,Указатель спутника,,008021,Начало сканироЗначимость времени вания,,,,Operational
bufr4/3/10/025/3/004001,10,Последовательности вертикального зондирования,310025,Указатель спутника,,004001,Год,,,,Operational
bufr4/3/10/025/4/004002,10,Последовательности вертикального зондирования,310025,Указатель спутника,,004002,Месяц,,,,Operational
bufr4/3/10/025/5/004003,10,Последовательности вертикального зондирования,310025,Указатель спутника,,004003,День,,,,Operational
bufr4/3/10/025/6/004004,10,Последовательности вертикального зондирования,310025,Указатель спутника,,004004,Час,,,,Operational
bufr4/3/10/025/7/004005,10,Последовательности вертикального зондирования,310025,Указатель спутника,,004005,Минута,,,,Operational
bufr4/3/10/025/8/201138,10,Последовательности вертикального зондирования,310025,Указатель спутника,,201138,Изменить длину данных,,,,Operational
bufr4/3/10/025/9/202131,10,Последовательности вертикального зондирования,310025,Указатель спутника,,202131,Изменить масштаб,,,,Operational
bufr4/3/10/025/10/004006,10,Последовательности вертикального зондирования,310025,Указатель спутника,,004006,Секунда Миллисекунды,,,,Operational
bufr4/3/10/025/11/202000,10,Последовательности вертикального зондирования,310025,Указатель спутника,,202000,Изменить масштаб,,,,Operational
bufr4/3/10/025/12/201000,10,Последовательности вертикального зондирования,310025,Указатель спутника,,201000,Изменить длину данных,,,,Operational
bufr4/3/10/025/13/201132,10,Последовательности вертикального зондирования,310025,Указатель спутника,,201132,Изменить длину данных,,,,Operational
bufr4/3/10/025/14/005041,10,Последовательности вертикального зондирования,310025,Указатель спутника,,005041,Номер строки сканирования Номер точки сканирования,,,,Operational
bufr4/3/10/025/15/201000,10,Последовательности вертикального зондирования,310025,Указатель спутника,,201000,Изменить длину данных,,,,Operational
bufr4/3/10/025/16/201129,10,Последовательности вертикального зондирования,310025,Указатель спутника,,201129,Изменить длину данных,,,,Operational
bufr4/3/10/025/17/005043,10,Последовательности вертикального зондирования,310025,Указатель спутника,,005043,Номер поля зрения Номер кадра,,,,Operational
bufr4/3/10/025/18/201000,10,Последовательности вертикального зондирования,310025,Указатель спутника,,201000,Изменить длину данных,,,,Operational
bufr4/3/10/025/19/005002,10,Последовательности вертикального зондирования,310025,Указатель спутника,,005002,Широта (низкая точность),,,,Operational
bufr4/3/10/025/20/006002,10,Последовательности вертикального зондирования,310025,Указатель спутника,,006002,Долгота (низкая точность),,,,Operational
bufr4/3/10/025/21/013040,10,Последовательности вертикального зондирования,310025,Указатель спутника,,013040,Флаг поверхности,,,,Operational
bufr4/3/10/025/22/020029,10,Последовательности вертикального зондирования,310025,Указатель спутника,,020029,Флаг дождя,,,,Operational
bufr4/3/10/025/23/104024,10,Последовательности вертикального зондирования,310025,Указатель спутника,,104024,Повторить 4 дескриптора 24 раза,,,,Operational
bufr4/3/10/025/24/005042,10,Последовательности вертикального зондирования,310025,Указатель спутника,,005042,Номер канала,,,,Operational
bufr4/3/10/025/25/012163,10,Последовательности вертикального зондирования,310025,Указатель спутника,,012163,Яркостная температура,,,,Operational
bufr4/3/10/025/26/021083,10,Последовательности вертикального зондирования,310025,Указатель спутника,,021083,Калибровка по теплой мишени,,,,Operational
bufr4/3/10/025/27/021084,10,Последовательности вертикального зондирования,310025,Указатель спутника,,021084,Калибровка по холодной мишени,,,,Operational
bufr4/3/10/025/28/115003,10,Последовательности вертикального зондирования,310025,Указатель спутника,,115003,Повторить 15 десрипторов 3 раза,,,,Operational
bufr4/3/10/025/29/004001,10,Последовательности вертикального зондирования,310025,Указатель спутника,,004001,Год,,,,Operational
bufr4/3/10/025/30/004002,10,Последовательности вертикального зондирования,310025,Указатель спутника,,004002,Месяц,,,,Operational
bufr4/3/10/025/31/004003,10,Последовательности вертикального зондирования,310025,Указатель спутника,,004003,День,,,,Operational
bufr4/3/10/025/32/201142,10,Последовательности вертикального зондирования,310025,Указатель спутника,,201142,Изменить длину данных,,,,Operational
bufr4/3/10/025/33/202131,10,Последовательности вертикального зондирования,310025,Указатель спутника,,202131,Изменить масштаб,,,,Operational
bufr4/3/10/025/34/004026,10,Последовательности вертикального зондирования,310025,Указатель спутника,,004026,Временной период или отклонение Эфемеридные миллисекунды,,,,Operational
bufr4/3/10/025/35/202000,10,Последовательности вертикального зондирования,310025,Указатель спутника,,202000,Изменить масштаб,,,,Operational
bufr4/3/10/025/36/201000,10,Последовательности вертикального зондирования,310025,Указатель спутника,,201000,Изменить длину данных,,,,Operational
bufr4/3/10/025/37/005001,10,Последовательности вертикального зондирования,310025,Указатель спутника,,005001,Широта (высокая точность) Эфемеридная,,,,Operational
bufr4/3/10/025/38/006001,10,Последовательности вертикального зондирования,310025,Указатель спутника,,006001,Долгота (высокая точность) Эфемеридная,,,,Operational
bufr4/3/10/025/39/201138,10,Последовательности вертикального зондирования,310025,Указатель спутника,,201138,Изменить длину данных,,,,Operational
bufr4/3/10/025/40/202129,10,Последовательности вертикального зондирования,310025,Указатель спутника,,202129,Изменить масштаб,,,,Operational
bufr4/3/10/025/41/007001,10,Последовательности вертикального зондирования,310025,Указатель спутника,,007001,Высота станции Эфемеридная,,,,Operational
bufr4/3/10/025/42/202000,10,Последовательности вертикального зондирования,310025,Указатель спутника,,202000,Изменить масштаб,,,,Operational
bufr4/3/10/025/43/201000,10,Последовательности вертикального зондирования,310025,Указатель спутника,,201000,Изменить длину данных,(продолж.),,,Operational
bufr4/3/10/025/1/008021,10,Последовательности вертикального зондирования,310025,Значимость времени Начало орбиты,,008021,Значимость времени Начало орбиты,,,,Operational
bufr4/3/10/025/2/004001,10,Последовательности вертикального зондирования,310025,Значимость времени Начало орбиты,,004001,Год,,,,Operational
bufr4/3/10/025/3/004002,10,Последовательности вертикального зондирования,310025,Значимость времени Начало орбиты,,004002,Месяц,,,,Operational
bufr4/3/10/025/4/004003,10,Последовательности вертикального зондирования,310025,Значимость времени Начало орбиты,,004003,День,,,,Operational
bufr4/3/10/025/5/004004,10,Последовательности вертикального зондирования,310025,Значимость времени Начало орбиты,,004004,Час,,,,Operational
bufr4/3/10/025/6/004005,10,Последовательности вертикального зондирования,310025,Значимость времени Начало орбиты,,004005,Минута,,,,Operational
bufr4/3/10/025/7/005040,10,Последовательности вертикального зондирования,310025,Значимость времени Начало орбиты,,005040,Номер орбиты,,,,Operational
bufr4/3/10/025/8/101003,10,Последовательности вертикального зондирования,310025,Значимость времени Начало орбиты,,101003,Повторить 1 дескриптор 3 раза,,,,Operational
bufr4/3/10/025/9/012070,10,Последовательности вертикального зондирования,310025,Значимость времени Начало орбиты,,012070,Температура теплой нагрузки,,,,Operational
bufr4/3/10/025/10/025054,10,Последовательности вертикального зондирования,310025,Значимость времени Начало орбиты,,025054,Идентификационный номер субкадра SSMIS,,,,Operational
bufr4/3/10/025/11/101004,10,Последовательности вертикального зондирования,310025,Значимость времени Начало орбиты,,101004,Повторить 1 дескриптор 4 раза,,,,Operational
bufr4/3/10/025/12/025055,10,Последовательности вертикального зондирования,310025,Значимость времени Начало орбиты,,025055,Обслуживание мультиплексора,,,,Operational
bufr4/3/10/025/13/008007,10,Последовательности вертикального зондирования,310025,Значимость времени Начало орбиты,,008007,Значимость размера Строка,,,,Operational
bufr4/3/10/025/14/104028,10,Последовательности вертикального зондирования,310025,Значимость времени Начало орбиты,,104028,Повторить 4 дескриптора 28 раз,,,,Operational
bufr4/3/10/025/15/005002,10,Последовательности вертикального зондирования,310025,Значимость времени Начало орбиты,,005002,Широта (низкая точность),,,,Operational
bufr4/3/10/025/16/006002,10,Последовательности вертикального зондирования,310025,Значимость времени Начало орбиты,,006002,Долгота (низкая точность),,,,Operational
bufr4/3/10/025/17/002111,10,Последовательности вертикального зондирования,310025,Значимость времени Начало орбиты,,002111,Угол падения луча радиолокатора Угол земной оси,,,,Operational
bufr4/3/10/025/18/005021,10,Последовательности вертикального зондирования,310025,Значимость времени Начало орбиты,,005021,Пеленг или азимут (Спутниковые данные о радиозатмении),,,,Operational
bufr4/3/10/026/1/310022,10,Последовательности вертикального зондирования,310026,"Указатель спутника, прибор и тип продукции",,310022,"Указатель спутника, прибор и тип продукции",,,,Operational
bufr4/3/10/026/2/025060,10,Последовательности вертикального зондирования,310026,"Указатель спутника, прибор и тип продукции",,025060,Идентификация программного обеспечения,,,,Operational
bufr4/3/10/026/3/008021,10,Последовательности вертикального зондирования,310026,"Указатель спутника, прибор и тип продукции",,008021,Значимость времени = 17 Начало явления,,,,Operational
bufr4/3/10/026/4/301011,10,Последовательности вертикального зондирования,310026,"Указатель спутника, прибор и тип продукции",,301011,"Год, месяц, день",,,,Operational
bufr4/3/10/026/5/301012,10,Последовательности вертикального зондирования,310026,"Указатель спутника, прибор и тип продукции",,301012,"Час, минута",,,,Operational
bufr4/3/10/026/6/201138,10,Последовательности вертикального зондирования,310026,"Указатель спутника, прибор и тип продукции",,201138,Изменить длину данных Длина 16 битов,,,,Operational
bufr4/3/10/026/7/202131,10,Последовательности вертикального зондирования,310026,"Указатель спутника, прибор и тип продукции",,202131,Изменить масштаб Масштаб: 3,,,,Operational
bufr4/3/10/026/8/004006,10,Последовательности вертикального зондирования,310026,"Указатель спутника, прибор и тип продукции",,004006,Секунда,,,,Operational
bufr4/3/10/026/9/202000,10,Последовательности вертикального зондирования,310026,"Указатель спутника, прибор и тип продукции",,202000,Изменить масштаб Отмена,,,,Operational
bufr4/3/10/026/10/201000,10,Последовательности вертикального зондирования,310026,"Указатель спутника, прибор и тип продукции",,201000,Изменить длину данных Отмена,,,,Operational
bufr4/3/10/026/11/033039,10,Последовательности вертикального зондирования,310026,"Указатель спутника, прибор и тип продукции",,033039,Флаги качества для данных о радиозатмении,,,,Operational
bufr4/3/10/026/12/033007,10,Последовательности вертикального зондирования,310026,"Указатель спутника, прибор и тип продукции",,033007,Процент достоверности Все сообщение,,,,Operational
bufr4/3/10/026/13/304030,10,Последовательности вертикального зондирования,310026,"Указатель спутника, прибор и тип продукции",,304030,Местоположение платформы,,,,Operational
bufr4/3/10/026/14/304031,10,Последовательности вертикального зондирования,310026,"Указатель спутника, прибор и тип продукции",,304031,Скорость платформы,,,,Operational
bufr4/3/10/026/15/002020,10,Последовательности вертикального зондирования,310026,"Указатель спутника, прибор и тип продукции",,002020,Классификация спутников,,,,Operational
bufr4/3/10/026/16/001050,10,Последовательности вертикального зондирования,310026,"Указатель спутника, прибор и тип продукции",,001050,Идентификационный номер передатчика платформы,,,,Operational
bufr4/3/10/026/17/202127,10,Последовательности вертикального зондирования,310026,"Указатель спутника, прибор и тип продукции",,202127,Изменить масштаб Масштаб: 1,,,,Operational
bufr4/3/10/026/18/304030,10,Последовательности вертикального зондирования,310026,"Указатель спутника, прибор и тип продукции",,304030,Местоположение платформы,,,,Operational
bufr4/3/10/026/19/202000,10,Последовательности вертикального зондирования,310026,"Указатель спутника, прибор и тип продукции",,202000,Изменить масштаб Отмена,,,,Operational
bufr4/3/10/026/20/304031,10,Последовательности вертикального зондирования,310026,"Указатель спутника, прибор и тип продукции",,304031,Скорость платформы,,,,Operational
bufr4/3/10/026/21/201133,10,Последовательности вертикального зондирования,310026,"Указатель спутника, прибор и тип продукции",,201133,Изменить длину данных Длина 18 битов,,,,Operational
bufr4/3/10/026/22/202131,10,Последовательности вертикального зондирования,310026,"Указатель спутника, прибор и тип продукции",,202131,Изменить масштаб Масштаб: 3,,,,Operational
bufr4/3/10/026/23/004016,10,Последовательности вертикального зондирования,310026,"Указатель спутника, прибор и тип продукции",,004016,Временной инкремент,,,,Operational
bufr4/3/10/026/24/202000,10,Последовательности вертикального зондирования,310026,"Указатель спутника, прибор и тип продукции",,202000,Изменить масштаб Отмена,,,,Operational
bufr4/3/10/026/25/201000,10,Последовательности вертикального зондирования,310026,"Указатель спутника, прибор и тип продукции",,201000,Изменить длину данных Отмена,,,,Operational
bufr4/3/10/026/26/301021,10,Последовательности вертикального зондирования,310026,"Указатель спутника, прибор и тип продукции",,301021,Широта/долгота (высокая точность),,,,Operational
bufr4/3/10/026/27/304030,10,Последовательности вертикального зондирования,310026,"Указатель спутника, прибор и тип продукции",,304030,Местоположение платформы,,,,Operational
bufr4/3/10/026/28/010035,10,Последовательности вертикального зондирования,310026,"Указатель спутника, прибор и тип продукции",,010035,Местный радиус кривизны Земли,,,,Operational
bufr4/3/10/026/29/005021,10,Последовательности вертикального зондирования,310026,"Указатель спутника, прибор и тип продукции",,005021,Пеленг или азимут,,,,Operational
bufr4/3/10/026/30/010036,10,Последовательности вертикального зондирования,310026,"Указатель спутника, прибор и тип продукции",,010036,Неровность геоида,,,,Operational
bufr4/3/10/026/31/113000,10,Последовательности вертикального зондирования,310026,"Указатель спутника, прибор и тип продукции",,113000,Повторение с задержкой 13 дескрипторов,,,,Operational
bufr4/3/10/026/32/031002,10,Последовательности вертикального зондирования,310026,"Указатель спутника, прибор и тип продукции",,031002,Коэффициент повторения расширенного дескриптора с задержкой,,,,Operational
bufr4/3/10/026/33/301021,10,Последовательности вертикального зондирования,310026,"Указатель спутника, прибор и тип продукции",,301021,Широта/долгота (высокая точность),,,,Operational
bufr4/3/10/026/34/005021,10,Последовательности вертикального зондирования,310026,"Указатель спутника, прибор и тип продукции",,005021,Пеленг или азимут,,,,Operational
bufr4/3/10/026/35/108000,10,Последовательности вертикального зондирования,310026,"Указатель спутника, прибор и тип продукции",,108000,Повторение с задержкой 8 дескрипторов I.2 – Табл. D BUFR/10 — 11,(продолж.),,,Operational
bufr4/3/10/026/1/031001,10,Последовательности вертикального зондирования,310026,Коэффициент повторения дескриптора с задержкой,,031001,Коэффициент повторения дескриптора с задержкой,,,,Operational
bufr4/3/10/026/2/002121,10,Последовательности вертикального зондирования,310026,Коэффициент повторения дескриптора с задержкой,,002121,Средняя частота,,,,Operational
bufr4/3/10/026/3/007040,10,Последовательности вертикального зондирования,310026,Коэффициент повторения дескриптора с задержкой,,007040,Параметр воздействия,,,,Operational
bufr4/3/10/026/4/015037,10,Последовательности вертикального зондирования,310026,Коэффициент повторения дескриптора с задержкой,,015037,Угол изгиба,,,,Operational
bufr4/3/10/026/5/008023,10,Последовательности вертикального зондирования,310026,Коэффициент повторения дескриптора с задержкой,,008023,= 13 СреднекваСтатистические данные первого порядка дратическое,,,,Operational
bufr4/3/10/026/6/201125,10,Последовательности вертикального зондирования,310026,Коэффициент повторения дескриптора с задержкой,,201125,Изменить длину данных Длина 20 битов,,,,Operational
bufr4/3/10/026/7/015037,10,Последовательности вертикального зондирования,310026,Коэффициент повторения дескриптора с задержкой,,015037,Угол изгиба,,,,Operational
bufr4/3/10/026/8/201000,10,Последовательности вертикального зондирования,310026,Коэффициент повторения дескриптора с задержкой,,201000,Изменить длину данных Отмена,,,,Operational
bufr4/3/10/026/9/008023,10,Последовательности вертикального зондирования,310026,Коэффициент повторения дескриптора с задержкой,,008023,Статистические данные первого порядка Установлено на отсутствующее значение,,,,Operational
bufr4/3/10/026/10/033007,10,Последовательности вертикального зондирования,310026,Коэффициент повторения дескриптора с задержкой,,033007,Процент достоверности Все данные для текущего повторения,,,,Operational
bufr4/3/10/026/11/108000,10,Последовательности вертикального зондирования,310026,Коэффициент повторения дескриптора с задержкой,,108000,Повторение с задержкой 8 дескрипторов,,,,Operational
bufr4/3/10/026/12/031002,10,Последовательности вертикального зондирования,310026,Коэффициент повторения дескриптора с задержкой,,031002,Коэффициент повторения расширенного дескриптора с задержкой,,,,Operational
bufr4/3/10/026/13/007007,10,Последовательности вертикального зондирования,310026,Коэффициент повторения дескриптора с задержкой,,007007,Высота,,,,Operational
bufr4/3/10/026/14/015036,10,Последовательности вертикального зондирования,310026,Коэффициент повторения дескриптора с задержкой,,015036,Атмосферная преломляющая способность,,,,Operational
bufr4/3/10/026/15/008023,10,Последовательности вертикального зондирования,310026,Коэффициент повторения дескриптора с задержкой,,008023,= 13 СреднекваСтатистические данные первого порядка дратическое,,,,Operational
bufr4/3/10/026/16/201123,10,Последовательности вертикального зондирования,310026,Коэффициент повторения дескриптора с задержкой,,201123,Изменить длину данных Длина 14 битов,,,,Operational
bufr4/3/10/026/17/015036,10,Последовательности вертикального зондирования,310026,Коэффициент повторения дескриптора с задержкой,,015036,Атмосферная преломляющая способность,,,,Operational
bufr4/3/10/026/18/201000,10,Последовательности вертикального зондирования,310026,Коэффициент повторения дескриптора с задержкой,,201000,Изменить длину данных Отмена,,,,Operational
bufr4/3/10/026/19/008023,10,Последовательности вертикального зондирования,310026,Коэффициент повторения дескриптора с задержкой,,008023,Статистические данные первого порядка Установлено на отсутствующее значение,,,,Operational
bufr4/3/10/026/20/033007,10,Последовательности вертикального зондирования,310026,Коэффициент повторения дескриптора с задержкой,,033007,Процент достоверности Все данные для текущей высоты,,,,Operational
bufr4/3/10/026/21/116000,10,Последовательности вертикального зондирования,310026,Коэффициент повторения дескриптора с задержкой,,116000,Повторение с задержкой 16 дескрипторов,,,,Operational
bufr4/3/10/026/22/031002,10,Последовательности вертикального зондирования,310026,Коэффициент повторения дескриптора с задержкой,,031002,Коэффициент повторения расширенного дескриптора с задержкой,,,,Operational
bufr4/3/10/026/23/007009,10,Последовательности вертикального зондирования,310026,Коэффициент повторения дескриптора с задержкой,,007009,Геопотенциальная высота,,,,Operational
bufr4/3/10/026/24/010004,10,Последовательности вертикального зондирования,310026,Коэффициент повторения дескриптора с задержкой,,010004,Давление,,,,Operational
bufr4/3/10/026/25/012001,10,Последовательности вертикального зондирования,310026,Коэффициент повторения дескриптора с задержкой,,012001,Температура/температура воздуха,,,,Operational
bufr4/3/10/026/26/013001,10,Последовательности вертикального зондирования,310026,Коэффициент повторения дескриптора с задержкой,,013001,Удельная влажность,,,,Operational
bufr4/3/10/026/27/008023,10,Последовательности вертикального зондирования,310026,Коэффициент повторения дескриптора с задержкой,,008023,= 13 СреднекваСтатистические данные первого порядка дратическое,,,,Operational
bufr4/3/10/026/28/201120,10,Последовательности вертикального зондирования,310026,Коэффициент повторения дескриптора с задержкой,,201120,Изменить длину данных Длина 6 битов,,,,Operational
bufr4/3/10/026/29/010004,10,Последовательности вертикального зондирования,310026,Коэффициент повторения дескриптора с задержкой,,010004,Давление,,,,Operational
bufr4/3/10/026/30/201000,10,Последовательности вертикального зондирования,310026,Коэффициент повторения дескриптора с задержкой,,201000,Изменить длину данных Отмена,,,,Operational
bufr4/3/10/026/31/201122,10,Последовательности вертикального зондирования,310026,Коэффициент повторения дескриптора с задержкой,,201122,Изменить длину данных Длина 6 битов,,,,Operational
bufr4/3/10/026/32/012001,10,Последовательности вертикального зондирования,310026,Коэффициент повторения дескриптора с задержкой,,012001,Температура/температура воздуха,,,,Operational
bufr4/3/10/026/33/201000,10,Последовательности вертикального зондирования,310026,Коэффициент повторения дескриптора с задержкой,,201000,Изменить длину данных Отмена,,,,Operational
bufr4/3/10/026/34/201123,10,Последовательности вертикального зондирования,310026,Коэффициент повторения дескриптора с задержкой,,201123,Изменить длину данных Длина 9 битов,,,,Operational
bufr4/3/10/026/35/013001,10,Последовательности вертикального зондирования,310026,Коэффициент повторения дескриптора с задержкой,,013001,Удельная влажность,,,,Operational
bufr4/3/10/026/36/201000,10,Последовательности вертикального зондирования,310026,Коэффициент повторения дескриптора с задержкой,,201000,Изменить длину данных Отмена,,,,Operational
bufr4/3/10/026/37/008023,10,Последовательности вертикального зондирования,310026,Коэффициент повторения дескриптора с задержкой,,008023,Статистические данные первого порядка Установлено на отсутствующее значение,,,,Operational
bufr4/3/10/026/38/033007,10,Последовательности вертикального зондирования,310026,Коэффициент повторения дескриптора с задержкой,,033007,Процент достоверности Все данные для текущей высоты,,,,Operational
bufr4/3/10/026/39/008003,10,Последовательности вертикального зондирования,310026,Коэффициент повторения дескриптора с задержкой,,008003,Вертикальная значимость (спутниковые наблюдения) = 0 Поверхность,,,,Operational
bufr4/3/10/026/40/007009,10,Последовательности вертикального зондирования,310026,Коэффициент повторения дескриптора с задержкой,,007009,Геопотенциальная высота,,,,Operational
bufr4/3/10/026/41/010004,10,Последовательности вертикального зондирования,310026,Коэффициент повторения дескриптора с задержкой,,010004,Давление,(продолж.),,,Operational
bufr4/3/10/026/1/008023,10,Последовательности вертикального зондирования,310026,Статистические данные первого порядка = 13 Среднеква- дратическое,,008023,Статистические данные первого порядка = 13 Среднеквадратическое,,,,Operational
bufr4/3/10/026/2/201120,10,Последовательности вертикального зондирования,310026,Статистические данные первого порядка = 13 Среднеква- дратическое,,201120,Изменить длину данных Длина 6 битов,,,,Operational
bufr4/3/10/026/3/010004,10,Последовательности вертикального зондирования,310026,Статистические данные первого порядка = 13 Среднеква- дратическое,,010004,Давление,,,,Operational
bufr4/3/10/026/4/201000,10,Последовательности вертикального зондирования,310026,Статистические данные первого порядка = 13 Среднеква- дратическое,,201000,Изменить длину данных Отмена,,,,Operational
bufr4/3/10/026/5/008023,10,Последовательности вертикального зондирования,310026,Статистические данные первого порядка = 13 Среднеква- дратическое,,008023,Статистические данные первого порядка Установлено на отсутствующее значение,,,,Operational
bufr4/3/10/026/6/033007,10,Последовательности вертикального зондирования,310026,Статистические данные первого порядка = 13 Среднеква- дратическое,,033007,Процент достоверности Приземные данные (Основная последовательность продукции по суммарному излучению неба),,,,Operational
bufr4/3/10/027/1/301071,10,Последовательности вертикального зондирования,310027,Указатель спутника/разрешение после обработки Информация о продукции,,301071,Указатель спутника/разрешение после обработки Информация о продукции,,,,Operational
bufr4/3/10/027/2/301011,10,Последовательности вертикального зондирования,310027,Указатель спутника/разрешение после обработки Информация о продукции,,301011,"Год, месяц, день",,,,Operational
bufr4/3/10/027/3/301013,10,Последовательности вертикального зондирования,310027,Указатель спутника/разрешение после обработки Информация о продукции,,301013,"Час, минута, секунда",,,,Operational
bufr4/3/10/027/4/301021,10,Последовательности вертикального зондирования,310027,Указатель спутника/разрешение после обработки Информация о продукции,,301021,Широта/долгота (высокая точность),,,,Operational
bufr4/3/10/027/5/030021,10,Последовательности вертикального зондирования,310027,Указатель спутника/разрешение после обработки Информация о продукции,,030021,Число элементов изображения в строке,,,,Operational
bufr4/3/10/027/6/030022,10,Последовательности вертикального зондирования,310027,Указатель спутника/разрешение после обработки Информация о продукции,,030022,Число элементов изображения в колонке,,,,Operational
bufr4/3/10/027/7/010002,10,Последовательности вертикального зондирования,310027,Указатель спутника/разрешение после обработки Информация о продукции,,010002,Высота Высота орбиты,,,,Operational
bufr4/3/10/027/8/304036,10,Последовательности вертикального зондирования,310027,Указатель спутника/разрешение после обработки Информация о продукции,,304036,Облачное покрытие,,,,Operational
bufr4/3/10/027/9/002152,10,Последовательности вертикального зондирования,310027,Указатель спутника/разрешение после обработки Информация о продукции,,002152,"Спутниковый прибор, используемый при обработке данных",,,,Operational
bufr4/3/10/027/10/002167,10,Последовательности вертикального зондирования,310027,Указатель спутника/разрешение после обработки Информация о продукции,,002167,Метод расчета излучения,,,,Operational
bufr4/3/10/027/11/101011,10,Последовательности вертикального зондирования,310027,Указатель спутника/разрешение после обработки Информация о продукции,,101011,Повторить 1 дескриптор 11 раз,,,,Operational
bufr4/3/10/027/12/304035,10,Последовательности вертикального зондирования,310027,Указатель спутника/разрешение после обработки Информация о продукции,,304035,Данные по суммарному излучению неба (Основная последовательность продукции по суммарному излучению неба),,,,Operational
bufr4/3/10/028/1/301071,10,Последовательности вертикального зондирования,310028,Указатель спутника/разрешение после обработки Информация о продукции,,301071,Указатель спутника/разрешение после обработки Информация о продукции,,,,Operational
bufr4/3/10/028/2/301011,10,Последовательности вертикального зондирования,310028,Указатель спутника/разрешение после обработки Информация о продукции,,301011,"Год, месяц, день",,,,Operational
bufr4/3/10/028/3/301013,10,Последовательности вертикального зондирования,310028,Указатель спутника/разрешение после обработки Информация о продукции,,301013,"Час, минута, секунда",,,,Operational
bufr4/3/10/028/4/301021,10,Последовательности вертикального зондирования,310028,Указатель спутника/разрешение после обработки Информация о продукции,,301021,Широта/долгота (высокая точность),,,,Operational
bufr4/3/10/028/5/030021,10,Последовательности вертикального зондирования,310028,Указатель спутника/разрешение после обработки Информация о продукции,,030021,Число элементов изображения в строке,,,,Operational
bufr4/3/10/028/6/030022,10,Последовательности вертикального зондирования,310028,Указатель спутника/разрешение после обработки Информация о продукции,,030022,Число элементов изображения в колонке,,,,Operational
bufr4/3/10/028/7/010002,10,Последовательности вертикального зондирования,310028,Указатель спутника/разрешение после обработки Информация о продукции,,010002,Высота Высота орбиты,,,,Operational
bufr4/3/10/028/8/304036,10,Последовательности вертикального зондирования,310028,Указатель спутника/разрешение после обработки Информация о продукции,,304036,Облачное покрытие,,,,Operational
bufr4/3/10/028/9/002152,10,Последовательности вертикального зондирования,310028,Указатель спутника/разрешение после обработки Информация о продукции,,002152,"Спутниковый прибор, используемый при обработке данных",,,,Operational
bufr4/3/10/028/10/002167,10,Последовательности вертикального зондирования,310028,Указатель спутника/разрешение после обработки Информация о продукции,,002167,Метод расчета излучения,,,,Operational
bufr4/3/10/028/11/101011,10,Последовательности вертикального зондирования,310028,Указатель спутника/разрешение после обработки Информация о продукции,,101011,Повторить 1 дескриптор 11 раз,,,,Operational
bufr4/3/10/028/12/304037,10,Последовательности вертикального зондирования,310028,Указатель спутника/разрешение после обработки Информация о продукции,,304037,"Данные по суммарному излучению неба (Слой, озон, высота, температура и водяной пар)",,,,Operational
bufr4/3/10/029/1/110000,10,Последовательности вертикального зондирования,310029,Повторение с задержкой 10 дескрипторов,,110000,Повторение с задержкой 10 дескрипторов,,,,Operational
bufr4/3/10/029/2/031001,10,Последовательности вертикального зондирования,310029,Повторение с задержкой 10 дескрипторов,,031001,Коэффициент повторения дескриптора с задержкой,,,,Operational
bufr4/3/10/029/3/201138,10,Последовательности вертикального зондирования,310029,Повторение с задержкой 10 дескрипторов,,201138,Изменить длину данных,,,,Operational
bufr4/3/10/029/4/202130,10,Последовательности вертикального зондирования,310029,Повторение с задержкой 10 дескрипторов,,202130,Изменить масштаб,,,,Operational
bufr4/3/10/029/5/007004,10,Последовательности вертикального зондирования,310029,Повторение с задержкой 10 дескрипторов,,007004,Давление,,,,Operational
bufr4/3/10/029/6/007004,10,Последовательности вертикального зондирования,310029,Повторение с задержкой 10 дескрипторов,,007004,Давление,,,,Operational
bufr4/3/10/029/7/202000,10,Последовательности вертикального зондирования,310029,Повторение с задержкой 10 дескрипторов,,202000,Изменить масштаб Отмена,,,,Operational
bufr4/3/10/029/8/201000,10,Последовательности вертикального зондирования,310029,Повторение с задержкой 10 дескрипторов,,201000,Изменить длину данных Отмена,,,,Operational
bufr4/3/10/029/9/015020,10,Последовательности вертикального зондирования,310029,Повторение с задержкой 10 дескрипторов,,015020,Интегральная плотность озона,,,,Operational
bufr4/3/10/029/10/010002,10,Последовательности вертикального зондирования,310029,Повторение с задержкой 10 дескрипторов,,010002,Высота I.2 – Табл. D BUFR/10 — 13,(продолж.),,,Operational
bufr4/3/10/029/1/012101,10,Последовательности вертикального зондирования,310029,Температура/температура воздуха,,012101,Температура/температура воздуха,,,,Operational
bufr4/3/10/029/2/013098,10,Последовательности вертикального зондирования,310029,Температура/температура воздуха,,013098,"Интегральная плотность водяных паров (Передача данных, полученных с помощью приборов MIPAS или GOMOS)",,,,Operational
bufr4/3/10/030/1/310022,10,Последовательности вертикального зондирования,310030,"Указатель спутника, прибор и тип продукции",,310022,"Указатель спутника, прибор и тип продукции",,,,Operational
bufr4/3/10/030/2/301011,10,Последовательности вертикального зондирования,310030,"Указатель спутника, прибор и тип продукции",,301011,"Год, месяц, день",,,,Operational
bufr4/3/10/030/3/301013,10,Последовательности вертикального зондирования,310030,"Указатель спутника, прибор и тип продукции",,301013,"Час, минута, секунда",,,,Operational
bufr4/3/10/030/4/301021,10,Последовательности вертикального зондирования,310030,"Указатель спутника, прибор и тип продукции",,301021,Широта/долгота (высокая точность),,,,Operational
bufr4/3/10/030/5/304034,10,Последовательности вертикального зондирования,310030,"Указатель спутника, прибор и тип продукции",,304034,"Широта/долгота, угол возвышения Солнца, число слоев",,,,Operational
bufr4/3/10/030/6/310029,10,Последовательности вертикального зондирования,310030,"Указатель спутника, прибор и тип продукции",,310029,"Слой, озон, высота, температура и водяной пар (Передача данных со спутников, совместно расположенных на уровне 1C, с тремя приборами)",,,,Operational
bufr4/3/10/050/1/310051,10,Последовательности вертикального зондирования,310050,Местоположение спутника и температуры приборов,,310051,Местоположение спутника и температуры приборов,,,,Operational
bufr4/3/10/050/2/310052,10,Последовательности вертикального зондирования,310050,Местоположение спутника и температуры приборов,,310052,Тип спутникового прибора и его положение AIRS,,,,Operational
bufr4/3/10/050/3/101000,10,Последовательности вертикального зондирования,310050,Местоположение спутника и температуры приборов,,101000,Повторение с задержкой 1 дескриптора,,,,Operational
bufr4/3/10/050/4/031002,10,Последовательности вертикального зондирования,310050,Местоположение спутника и температуры приборов,,031002,Коэффициент повторения расширенного дескриптора с задержкой,,,,Operational
bufr4/3/10/050/5/310053,10,Последовательности вертикального зондирования,310050,Местоположение спутника и температуры приборов,,310053,Спутниковые каналы и яркостные температуры с AIRS расширенным множеством каналов,,,,Operational
bufr4/3/10/050/6/101004,10,Последовательности вертикального зондирования,310050,Местоположение спутника и температуры приборов,,101004,Повторить 1 дескриптор 4 раза,,,,Operational
bufr4/3/10/050/7/310054,10,Последовательности вертикального зондирования,310050,Местоположение спутника и температуры приборов,,310054,Спутниковые видимые каналы и альбедо с расширенным множеством каналов,,,,Operational
bufr4/3/10/050/8/020010,10,Последовательности вертикального зондирования,310050,Местоположение спутника и температуры приборов,,020010,Облачность (общая),,,,Operational
bufr4/3/10/050/9/310052,10,Последовательности вертикального зондирования,310050,Местоположение спутника и температуры приборов,,310052,Тип спутникового прибора и его положение AMSU-A,,,,Operational
bufr4/3/10/050/10/101015,10,Последовательности вертикального зондирования,310050,Местоположение спутника и температуры приборов,,101015,Повторить 1 дескриптор 15 раз,,,,Operational
bufr4/3/10/050/11/310053,10,Последовательности вертикального зондирования,310050,Местоположение спутника и температуры приборов,,310053,Спутниковые каналы и яркостные температуры с AMSU-A расширенным множеством каналов,,,,Operational
bufr4/3/10/050/12/310052,10,Последовательности вертикального зондирования,310050,Местоположение спутника и температуры приборов,,310052,Тип спутникового прибора и его положение HSB,,,,Operational
bufr4/3/10/050/13/101005,10,Последовательности вертикального зондирования,310050,Местоположение спутника и температуры приборов,,101005,Повторить 1 дескриптор 5 раз,,,,Operational
bufr4/3/10/050/14/310053,10,Последовательности вертикального зондирования,310050,Местоположение спутника и температуры приборов,,310053,Спутниковые каналы и яркостные  температуры с HSB расширенным множеством каналов (Местоположение спутника и температуры приборов),,,,Operational
bufr4/3/10/051/1/001007,10,Последовательности вертикального зондирования,310051,Указатель спутника,,001007,Указатель спутника,,,,Operational
bufr4/3/10/051/2/005040,10,Последовательности вертикального зондирования,310051,Указатель спутника,,005040,Номер орбиты,,,,Operational
bufr4/3/10/051/3/201133,10,Последовательности вертикального зондирования,310051,Указатель спутника,,201133,Изменить длину данных,,,,Operational
bufr4/3/10/051/4/005041,10,Последовательности вертикального зондирования,310051,Указатель спутника,,005041,Номер строки сканирования,,,,Operational
bufr4/3/10/051/5/201000,10,Последовательности вертикального зондирования,310051,Указатель спутника,,201000,Изменить длину данных Отмена,,,,Operational
bufr4/3/10/051/6/201132,10,Последовательности вертикального зондирования,310051,Указатель спутника,,201132,Изменить длину данных,,,,Operational
bufr4/3/10/051/7/025070,10,Последовательности вертикального зондирования,310051,Указатель спутника,,025070,Номер основного пакета данных,,,,Operational
bufr4/3/10/051/8/201000,10,Последовательности вертикального зондирования,310051,Указатель спутника,,201000,Изменить длину данных Отмена,,,,Operational
bufr4/3/10/051/9/202126,10,Последовательности вертикального зондирования,310051,Указатель спутника,,202126,Изменить масштаб,,,,Operational
bufr4/3/10/051/10/007001,10,Последовательности вертикального зондирования,310051,Указатель спутника,,007001,Высота станции,,,,Operational
bufr4/3/10/051/11/202000,10,Последовательности вертикального зондирования,310051,Указатель спутника,,202000,Изменить масштаб Отмена,,,,Operational
bufr4/3/10/051/12/007025,10,Последовательности вертикального зондирования,310051,Указатель спутника,,007025,Зенитный угол Солнца,,,,Operational
bufr4/3/10/051/13/005022,10,Последовательности вертикального зондирования,310051,Указатель спутника,,005022,Азимут Солнца,,,,Operational
bufr4/3/10/051/14/102009,10,Последовательности вертикального зондирования,310051,Указатель спутника,,102009,Повторить 2 дескриптора 9 раз,,,,Operational
bufr4/3/10/051/15/002151,10,Последовательности вертикального зондирования,310051,Указатель спутника,,002151,Идентификатор радиометра,,,,Operational
bufr4/3/10/051/16/012064,10,Последовательности вертикального зондирования,310051,Указатель спутника,,012064,Температура прибора,(продолж.),,,Operational
bufr4/3/10/052/1/002019,10,Последовательности вертикального зондирования,310052,Спутниковые приборы,,002019,Спутниковые приборы,,,,Operational
bufr4/3/10/052/2/301011,10,Последовательности вертикального зондирования,310052,Спутниковые приборы,,301011,"Год, месяц, день",,,,Operational
bufr4/3/10/052/3/301012,10,Последовательности вертикального зондирования,310052,Спутниковые приборы,,301012,"Час, минута",,,,Operational
bufr4/3/10/052/4/202131,10,Последовательности вертикального зондирования,310052,Спутниковые приборы,,202131,Изменить масштаб,,,,Operational
bufr4/3/10/052/5/201138,10,Последовательности вертикального зондирования,310052,Спутниковые приборы,,201138,Изменить длину данных,,,,Operational
bufr4/3/10/052/6/004006,10,Последовательности вертикального зондирования,310052,Спутниковые приборы,,004006,Секунды,,,,Operational
bufr4/3/10/052/7/201000,10,Последовательности вертикального зондирования,310052,Спутниковые приборы,,201000,Изменить длину данных Отмена,,,,Operational
bufr4/3/10/052/8/202000,10,Последовательности вертикального зондирования,310052,Спутниковые приборы,,202000,Изменить масштаб Отмена,,,,Operational
bufr4/3/10/052/9/301021,10,Последовательности вертикального зондирования,310052,Спутниковые приборы,,301021,Широта/долгота (высокая точность),,,,Operational
bufr4/3/10/052/10/007024,10,Последовательности вертикального зондирования,310052,Спутниковые приборы,,007024,Зенитный угол спутника,,,,Operational
bufr4/3/10/052/11/005021,10,Последовательности вертикального зондирования,310052,Спутниковые приборы,,005021,Пеленг или азимут,,,,Operational
bufr4/3/10/052/12/005043,10,Последовательности вертикального зондирования,310052,Спутниковые приборы,,005043,Номер поля зрения (Спутниковые каналы и яркостные температуры с расширенным множеством каналов),,,,Operational
bufr4/3/10/053/1/201134,10,Последовательности вертикального зондирования,310053,Изменить длину данных,,201134,Изменить длину данных,,,,Operational
bufr4/3/10/053/2/005042,10,Последовательности вертикального зондирования,310053,Изменить длину данных,,005042,Номер канала,,,,Operational
bufr4/3/10/053/3/201000,10,Последовательности вертикального зондирования,310053,Изменить длину данных,,201000,Изменение длину данных Отмена,,,,Operational
bufr4/3/10/053/4/025076,10,Последовательности вертикального зондирования,310053,Изменить длину данных,,025076,(центрального волнового числа температуры — Log 10 излучения) ATOVS,,,,Operational
bufr4/3/10/053/5/033032,10,Последовательности вертикального зондирования,310053,Изменить длину данных,,033032,Флаги качества каналов ATOVS,,,,Operational
bufr4/3/10/053/6/012163,10,Последовательности вертикального зондирования,310053,Изменить длину данных,,012163,Яркостная температура Масштаб: 2 (Спутниковые каналы в видимом диапазоне и альбедо с расширенным множеством каналов),,,,Operational
bufr4/3/10/054/1/201134,10,Последовательности вертикального зондирования,310054,Изменить длину данных,,201134,Изменить длину данных,,,,Operational
bufr4/3/10/054/2/005042,10,Последовательности вертикального зондирования,310054,Изменить длину данных,,005042,Номер канала,,,,Operational
bufr4/3/10/054/3/201000,10,Последовательности вертикального зондирования,310054,Изменить длину данных,,201000,Изменить длину данных Отмена,,,,Operational
bufr4/3/10/054/4/025076,10,Последовательности вертикального зондирования,310054,Изменить длину данных,,025076,(центрального волнового числа температуры — Log 10 излучения) ATOVS,,,,Operational
bufr4/3/10/054/5/033032,10,Последовательности вертикального зондирования,310054,Изменить длину данных,,033032,Флаги качества каналов ATOVS,,,,Operational
bufr4/3/10/054/6/201131,10,Последовательности вертикального зондирования,310054,Изменить длину данных,,201131,Изменить длину данных,,,,Operational
bufr4/3/10/054/7/202129,10,Последовательности вертикального зондирования,310054,Изменить длину данных,,202129,Изменить масштаб,,,,Operational
bufr4/3/10/054/8/102002,10,Последовательности вертикального зондирования,310054,Изменить длину данных,,102002,Повторить 2 дескриптора 2 раза,,,,Operational
bufr4/3/10/054/9/008023,10,Последовательности вертикального зондирования,310054,Изменить длину данных,,008023,Статистические данные первого порядка,,,,Operational
bufr4/3/10/054/10/014027,10,Последовательности вертикального зондирования,310054,Изменить длину данных,,014027,Альбедо,,,,Operational
bufr4/3/10/054/11/008023,10,Последовательности вертикального зондирования,310054,Изменить длину данных,,008023,Статистические данные первого порядка,,,,Operational
bufr4/3/10/054/12/202000,10,Последовательности вертикального зондирования,310054,Изменить длину данных,,202000,Изменить масштаб Отмена,,,,Operational
bufr4/3/10/054/13/201000,10,Последовательности вертикального зондирования,310054,Изменить длину данных,,201000,Изменить длину данных Отмена (Измеренное спутником излучение/основные компоненты каналов),,,,Operational
bufr4/3/10/055/1/310051,10,Последовательности вертикального зондирования,310055,Местоположение спутника и температуры приборов,,310051,Местоположение спутника и температуры приборов,,,,Operational
bufr4/3/10/055/2/310052,10,Последовательности вертикального зондирования,310055,Местоположение спутника и температуры приборов,,310052,Тип спутникового прибора и его положение AIRS,,,,Operational
bufr4/3/10/055/3/102020,10,Последовательности вертикального зондирования,310055,Местоположение спутника и температуры приборов,,102020,Повторить 2 дескриптора 20 раз,,,,Operational
bufr4/3/10/055/4/025076,10,Последовательности вертикального зондирования,310055,Местоположение спутника и температуры приборов,,025076,(центрального волнового числа температуры — Log 10 излучения) ATOVS,,,,Operational
bufr4/3/10/055/5/025052,10,Последовательности вертикального зондирования,310055,Местоположение спутника и температуры приборов,,025052,"основных компонентов, нормализованных в Log 10 соответствии с данными",,,,Operational
bufr4/3/10/055/6/101000,10,Последовательности вертикального зондирования,310055,Местоположение спутника и температуры приборов,,101000,Повторение с задержкой 1 дескриптора,,,,Operational
bufr4/3/10/055/7/031002,10,Последовательности вертикального зондирования,310055,Местоположение спутника и температуры приборов,,031002,Коэффициент повторения расширенного дескриптора с задержкой,,,,Operational
bufr4/3/10/055/8/025050,10,Последовательности вертикального зондирования,310055,Местоположение спутника и температуры приборов,,025050,Измеренное спутКоличественный показатель главного компонента ником излучение I.2 – Табл. D BUFR/10 — 15,(продолж.),,,Operational
bufr4/3/10/060/1/001007,10,Последовательности вертикального зондирования,310060,Указатель спутника,,001007,Указатель спутника,,,,Operational
bufr4/3/10/060/2/001033,10,Последовательности вертикального зондирования,310060,Указатель спутника,,001033,Идентификация центра-постовщика/производителя,,,,Operational
bufr4/3/10/060/3/002019,10,Последовательности вертикального зондирования,310060,Указатель спутника,,002019,Спутниковые приборы,,,,Operational
bufr4/3/10/060/4/002020,10,Последовательности вертикального зондирования,310060,Указатель спутника,,002020,Классификация спутников,,,,Operational
bufr4/3/10/060/5/301011,10,Последовательности вертикального зондирования,310060,Указатель спутника,,301011,"Год, месяц, день",,,,Operational
bufr4/3/10/060/6/301012,10,Последовательности вертикального зондирования,310060,Указатель спутника,,301012,"Час, минута",,,,Operational
bufr4/3/10/060/7/207003,10,Последовательности вертикального зондирования,310060,Указатель спутника,,207003,"Увеличить масштаб, величину начала отсчета и длину данных",,,,Operational
bufr4/3/10/060/8/004006,10,Последовательности вертикального зондирования,310060,Указатель спутника,,004006,Секунда,,,,Operational
bufr4/3/10/060/9/207000,10,Последовательности вертикального зондирования,310060,Указатель спутника,,207000,"Увеличить масштаб, величину начала отсчета и длину Отмена данных",,,,Operational
bufr4/3/10/060/10/304030,10,Последовательности вертикального зондирования,310060,Указатель спутника,,304030,Местоположение платформы,,,,Operational
bufr4/3/10/060/11/301021,10,Последовательности вертикального зондирования,310060,Указатель спутника,,301021,Широта/долгота (высокая точность),,,,Operational
bufr4/3/10/060/12/007024,10,Последовательности вертикального зондирования,310060,Указатель спутника,,007024,Зенитный угол спутника,,,,Operational
bufr4/3/10/060/13/005021,10,Последовательности вертикального зондирования,310060,Указатель спутника,,005021,Пеленг или азимут,,,,Operational
bufr4/3/10/060/14/007025,10,Последовательности вертикального зондирования,310060,Указатель спутника,,007025,Зенитный угол Солнца,,,,Operational
bufr4/3/10/060/15/005022,10,Последовательности вертикального зондирования,310060,Указатель спутника,,005022,Азимут Солнца,,,,Operational
bufr4/3/10/060/16/008075,10,Последовательности вертикального зондирования,310060,Указатель спутника,,008075,Определитель восходящей/нисходящей орбиты,,,,Operational
bufr4/3/10/060/17/201133,10,Последовательности вертикального зондирования,310060,Указатель спутника,,201133,Изменить длину данных Увеличить битовую ширину,,,,Operational
bufr4/3/10/060/18/005041,10,Последовательности вертикального зондирования,310060,Указатель спутника,,005041,Номер строки сканирования,,,,Operational
bufr4/3/10/060/19/201000,10,Последовательности вертикального зондирования,310060,Указатель спутника,,201000,Отменить увелиИзменить длину данных чение битовой ширины,,,,Operational
bufr4/3/10/060/20/005045,10,Последовательности вертикального зондирования,310060,Указатель спутника,,005045,Номер эффективного поля зрения,,,,Operational
bufr4/3/10/060/21/005043,10,Последовательности вертикального зондирования,310060,Указатель спутника,,005043,Номер поля зрения,,,,Operational
bufr4/3/10/060/22/005040,10,Последовательности вертикального зондирования,310060,Указатель спутника,,005040,Номер орбиты,,,,Operational
bufr4/3/10/060/23/010001,10,Последовательности вертикального зондирования,310060,Указатель спутника,,010001,Высота поверхности суши,,,,Operational
bufr4/3/10/060/24/201129,10,Последовательности вертикального зондирования,310060,Указатель спутника,,201129,Изменить длину данных Увеличить битовую ширину,,,,Operational
bufr4/3/10/060/25/007002,10,Последовательности вертикального зондирования,310060,Указатель спутника,,007002,Высота или абсолютная высота,,,,Operational
bufr4/3/10/060/26/201000,10,Последовательности вертикального зондирования,310060,Указатель спутника,,201000,Изменить длину данных Отменить увеличение битовой ширины,,,,Operational
bufr4/3/10/060/27/202127,10,Последовательности вертикального зондирования,310060,Указатель спутника,,202127,Изменить масштаб Увеличить масштаб,,,,Operational
bufr4/3/10/060/28/201125,10,Последовательности вертикального зондирования,310060,Указатель спутника,,201125,Изменить длину данных Увеличить битовую ширину,,,,Operational
bufr4/3/10/060/29/021166,10,Последовательности вертикального зондирования,310060,Указатель спутника,,021166,Доля суши,,,,Operational
bufr4/3/10/060/30/201000,10,Последовательности вертикального зондирования,310060,Указатель спутника,,201000,Изменить длину данных Отменить увеличение битовой ширины,,,,Operational
bufr4/3/10/060/31/202000,10,Последовательности вертикального зондирования,310060,Указатель спутника,,202000,Отменить увеличеИзменить масштаб ние масштаба,,,,Operational
bufr4/3/10/060/32/008012,10,Последовательности вертикального зондирования,310060,Указатель спутника,,008012,Описатель суши/моря,,,,Operational
bufr4/3/10/060/33/020010,10,Последовательности вертикального зондирования,310060,Указатель спутника,,020010,Облачность (общая),,,,Operational
bufr4/3/10/060/34/020014,10,Последовательности вертикального зондирования,310060,Указатель спутника,,020014,Высота верхней границы облаков,,,,Operational
bufr4/3/10/060/35/002165,10,Последовательности вертикального зондирования,310060,Указатель спутника,,002165,Флаги типа излучения,,,,Operational
bufr4/3/10/060/36/033075,10,Последовательности вертикального зондирования,310060,Указатель спутника,,033075,Флаги качества на уровне сканирования,,,,Operational
bufr4/3/10/060/37/107003,10,Последовательности вертикального зондирования,310060,Указатель спутника,,107003,Повторить 7 дескрипторов 3 раза,,,,Operational
bufr4/3/10/060/38/008076,10,Последовательности вертикального зондирования,310060,Указатель спутника,,008076,Тип полосы,,,,Operational
bufr4/3/10/060/39/006029,10,Последовательности вертикального зондирования,310060,Указатель спутника,,006029,Волновое число Начало диапазона,,,,Operational
bufr4/3/10/060/40/006029,10,Последовательности вертикального зондирования,310060,Указатель спутника,,006029,Волновое число Конец диапазона,,,,Operational
bufr4/3/10/060/41/025140,10,Последовательности вертикального зондирования,310060,Указатель спутника,,025140,Начальный канал,,,,Operational
bufr4/3/10/060/42/025141,10,Последовательности вертикального зондирования,310060,Указатель спутника,,025141,Конечный канал,(продолж.),,,Operational
bufr4/3/10/060/1/033076,10,Последовательности вертикального зондирования,310060,Флаги качества калибровки,,033076,Флаги качества калибровки,,,,Operational
bufr4/3/10/060/2/033077,10,Последовательности вертикального зондирования,310060,Флаги качества калибровки,,033077,Флаги качества поля зрения,,,,Operational
bufr4/3/10/060/3/008076,10,Последовательности вертикального зондирования,310060,Флаги качества калибровки,,008076,Тип полосы Установлено на отсутствующее значение (отмена),,,,Operational
bufr4/3/10/060/4/033078,10,Последовательности вертикального зондирования,310060,Флаги качества калибровки,,033078,Качество геоположения,,,,Operational
bufr4/3/10/060/5/033003,10,Последовательности вертикального зондирования,310060,Флаги качества калибровки,,033003,Информация о качестве,,,,Operational
bufr4/3/10/060/6/104000,10,Последовательности вертикального зондирования,310060,Флаги качества калибровки,,104000,Повторение 4 дескрипторов с задержкой,,,,Operational
bufr4/3/10/060/7/031002,10,Последовательности вертикального зондирования,310060,Флаги качества калибровки,,031002,Коэффициент повторения расширенного дескриптора с задержкой,,,,Operational
bufr4/3/10/060/8/201133,10,Последовательности вертикального зондирования,310060,Флаги качества калибровки,,201133,Изменить длину данных Увеличить битовую ширину,,,,Operational
bufr4/3/10/060/9/005042,10,Последовательности вертикального зондирования,310060,Флаги качества калибровки,,005042,Номер канала,,,,Operational
bufr4/3/10/060/10/201000,10,Последовательности вертикального зондирования,310060,Флаги качества калибровки,,201000,Отменить увелиИзменить длину данных чение битовой ширины,,,,Operational
bufr4/3/10/060/11/014044,10,Последовательности вертикального зондирования,310060,Флаги качества калибровки,,014044,Излучение в канале (Данные ATMS (микроволновый зонд с использованием усовершенствованной технологии),,,,Operational
bufr4/3/10/061/1/001007,10,Последовательности вертикального зондирования,310061,Указатель спутника,,001007,Указатель спутника,,,,Operational
bufr4/3/10/061/2/001033,10,Последовательности вертикального зондирования,310061,Указатель спутника,,001033,Идентификация центра-поставщика/производителя,,,,Operational
bufr4/3/10/061/3/001034,10,Последовательности вертикального зондирования,310061,Указатель спутника,,001034,Идентификация подцентра-поставщика/ производителя,,,,Operational
bufr4/3/10/061/4/002019,10,Последовательности вертикального зондирования,310061,Указатель спутника,,002019,Спутниковые приборы,,,,Operational
bufr4/3/10/061/5/002020,10,Последовательности вертикального зондирования,310061,Указатель спутника,,002020,Классификация спутников,,,,Operational
bufr4/3/10/061/6/301011,10,Последовательности вертикального зондирования,310061,Указатель спутника,,301011,"Год, месяц, день",,,,Operational
bufr4/3/10/061/7/301012,10,Последовательности вертикального зондирования,310061,Указатель спутника,,301012,"Час, минуты",,,,Operational
bufr4/3/10/061/8/207003,10,Последовательности вертикального зондирования,310061,Указатель спутника,,207003,"Увеличить масштаб, величину начала отсчета и длину данных",,,,Operational
bufr4/3/10/061/9/004006,10,Последовательности вертикального зондирования,310061,Указатель спутника,,004006,Секунды,,,,Operational
bufr4/3/10/061/10/207000,10,Последовательности вертикального зондирования,310061,Указатель спутника,,207000,"Увеличить масштаб, величину начала отсчета и длину Отмена данных",,,,Operational
bufr4/3/10/061/11/005040,10,Последовательности вертикального зондирования,310061,Указатель спутника,,005040,Номер орбиты,,,,Operational
bufr4/3/10/061/12/005041,10,Последовательности вертикального зондирования,310061,Указатель спутника,,005041,Номер строки сканирования,,,,Operational
bufr4/3/10/061/13/005043,10,Последовательности вертикального зондирования,310061,Указатель спутника,,005043,Номер поля зрения,,,,Operational
bufr4/3/10/061/14/033079,10,Последовательности вертикального зондирования,310061,Указатель спутника,,033079,Флаги качества на уровне гранул,,,,Operational
bufr4/3/10/061/15/033080,10,Последовательности вертикального зондирования,310061,Указатель спутника,,033080,Флаги качества на уровне сканирования,,,,Operational
bufr4/3/10/061/16/033078,10,Последовательности вертикального зондирования,310061,Указатель спутника,,033078,Качество геоположения,,,,Operational
bufr4/3/10/061/17/301021,10,Последовательности вертикального зондирования,310061,Указатель спутника,,301021,Широта/долгота (высокая точность),,,,Operational
bufr4/3/10/061/18/201129,10,Последовательности вертикального зондирования,310061,Указатель спутника,,201129,Изменить длину данных Увеличить битовую ширину,,,,Operational
bufr4/3/10/061/19/007002,10,Последовательности вертикального зондирования,310061,Указатель спутника,,007002,Высота или абсолютна высота,,,,Operational
bufr4/3/10/061/20/201000,10,Последовательности вертикального зондирования,310061,Указатель спутника,,201000,Отменить увелиИзменить длину данных чение битовой ширины,,,,Operational
bufr4/3/10/061/21/007024,10,Последовательности вертикального зондирования,310061,Указатель спутника,,007024,Зенитный угол спутника,,,,Operational
bufr4/3/10/061/22/005021,10,Последовательности вертикального зондирования,310061,Указатель спутника,,005021,Пеленг или азимут,,,,Operational
bufr4/3/10/061/23/007025,10,Последовательности вертикального зондирования,310061,Указатель спутника,,007025,Зенитный угол Солнца,,,,Operational
bufr4/3/10/061/24/005022,10,Последовательности вертикального зондирования,310061,Указатель спутника,,005022,Азимут Солнца,,,,Operational
bufr4/3/10/061/25/025075,10,Последовательности вертикального зондирования,310061,Указатель спутника,,025075,Номер варианта коррекций спутниковой антенны,,,,Operational
bufr4/3/10/061/26/111000,10,Последовательности вертикального зондирования,310061,Указатель спутника,,111000,Повторение 11 дескрипторов с задержкой,,,,Operational
bufr4/3/10/061/27/031002,10,Последовательности вертикального зондирования,310061,Указатель спутника,,031002,Коэффициент повторения расширенного дескриптора с задержкой,,,,Operational
bufr4/3/10/061/28/005042,10,Последовательности вертикального зондирования,310061,Указатель спутника,,005042,Номер канала I.2 – Табл. D BUFR/10 — 17,(продолж.),,,Operational
bufr4/3/10/061/1/202131,10,Последовательности вертикального зондирования,310061,Изменить масштаб Увеличить масштаб на 3,,202131,Изменить масштаб Увеличить масштаб на 3,,,,Operational
bufr4/3/10/061/2/002153,10,Последовательности вертикального зондирования,310061,Изменить масштаб Увеличить масштаб на 3,,002153,Центральная частота спутникового канала,,,,Operational
bufr4/3/10/061/3/002154,10,Последовательности вертикального зондирования,310061,Изменить масштаб Увеличить масштаб на 3,,002154,Ширина полосы частот спутникового канала,,,,Operational
bufr4/3/10/061/4/202000,10,Последовательности вертикального зондирования,310061,Изменить масштаб Увеличить масштаб на 3,,202000,Отменить увеличеИзменить масштаб ние масштаба,,,,Operational
bufr4/3/10/061/5/002104,10,Последовательности вертикального зондирования,310061,Изменить масштаб Увеличить масштаб на 3,,002104,Поляризация антенны,,,,Operational
bufr4/3/10/061/6/012066,10,Последовательности вертикального зондирования,310061,Изменить масштаб Увеличить масштаб на 3,,012066,Температура антенны,,,,Operational
bufr4/3/10/061/7/012163,10,Последовательности вертикального зондирования,310061,Изменить масштаб Увеличить масштаб на 3,,012163,Яркостная температура,,,,Operational
bufr4/3/10/061/8/012158,10,Последовательности вертикального зондирования,310061,Изменить масштаб Увеличить масштаб на 3,,012158,Эквивалентная шуму разница температуры при визировании холодной мишени,,,,Operational
bufr4/3/10/061/9/012159,10,Последовательности вертикального зондирования,310061,Изменить масштаб Увеличить масштаб на 3,,012159,Эквивалентная шуму разница температуры при визировании теплой мишени,,,,Operational
bufr4/3/10/061/10/033081,10,Последовательности вертикального зондирования,310061,Изменить масштаб Увеличить масштаб на 3,,033081,Флаги качества данных канала (Данные VIIRS (Радиометрический блок для получения изображений в видимом/ИК диапазонах),,,,Operational
bufr4/3/10/062/1/001007,10,Последовательности вертикального зондирования,310062,Указатель спутника,,001007,Указатель спутника,,,,Operational
bufr4/3/10/062/2/001033,10,Последовательности вертикального зондирования,310062,Указатель спутника,,001033,Идентификация центра-поставщика/производителя,,,,Operational
bufr4/3/10/062/3/001034,10,Последовательности вертикального зондирования,310062,Указатель спутника,,001034,Идентификация подцентра-поставщика/ производителя,,,,Operational
bufr4/3/10/062/4/002019,10,Последовательности вертикального зондирования,310062,Указатель спутника,,002019,Спутниковые приборы,,,,Operational
bufr4/3/10/062/5/002020,10,Последовательности вертикального зондирования,310062,Указатель спутника,,002020,Классификация спутников,,,,Operational
bufr4/3/10/062/6/301011,10,Последовательности вертикального зондирования,310062,Указатель спутника,,301011,"Год, месяц, день",,,,Operational
bufr4/3/10/062/7/301012,10,Последовательности вертикального зондирования,310062,Указатель спутника,,301012,"Час, минута",,,,Operational
bufr4/3/10/062/8/207003,10,Последовательности вертикального зондирования,310062,Указатель спутника,,207003,"Увеличить масштаб, величину начала отсчета и длину данных",,,,Operational
bufr4/3/10/062/9/004006,10,Последовательности вертикального зондирования,310062,Указатель спутника,,004006,Секунда,,,,Operational
bufr4/3/10/062/10/207000,10,Последовательности вертикального зондирования,310062,Указатель спутника,,207000,"Увеличить масштаб, величину начала отсчета и длину Отмена данных",,,,Operational
bufr4/3/10/062/11/005040,10,Последовательности вертикального зондирования,310062,Указатель спутника,,005040,Номер орбиты,,,,Operational
bufr4/3/10/062/12/201133,10,Последовательности вертикального зондирования,310062,Указатель спутника,,201133,Изменить длину данных Увеличить битовую ширину,,,,Operational
bufr4/3/10/062/13/005041,10,Последовательности вертикального зондирования,310062,Указатель спутника,,005041,Номер строки сканирования,,,,Operational
bufr4/3/10/062/14/005043,10,Последовательности вертикального зондирования,310062,Указатель спутника,,005043,Номер поля зрения,,,,Operational
bufr4/3/10/062/15/201000,10,Последовательности вертикального зондирования,310062,Указатель спутника,,201000,Отменить увелиИзменить длину данных чение битовой ширины,,,,Operational
bufr4/3/10/062/16/008076,10,Последовательности вертикального зондирования,310062,Указатель спутника,,008076,Тип полосы,,,,Operational
bufr4/3/10/062/17/033082,10,Последовательности вертикального зондирования,310062,Указатель спутника,,033082,Флаги качества геоположения,,,,Operational
bufr4/3/10/062/18/301021,10,Последовательности вертикального зондирования,310062,Указатель спутника,,301021,Широта/долгота (высокая точность),,,,Operational
bufr4/3/10/062/19/201129,10,Последовательности вертикального зондирования,310062,Указатель спутника,,201129,Изменить длину данных Увеличить битовую ширину,,,,Operational
bufr4/3/10/062/20/007002,10,Последовательности вертикального зондирования,310062,Указатель спутника,,007002,Высота или абсолютная высота,,,,Operational
bufr4/3/10/062/21/201000,10,Последовательности вертикального зондирования,310062,Указатель спутника,,201000,Отменить увелиИзменить длину данных чение битовой ширины,,,,Operational
bufr4/3/10/062/22/007024,10,Последовательности вертикального зондирования,310062,Указатель спутника,,007024,Зенитный угол спутника,,,,Operational
bufr4/3/10/062/23/005021,10,Последовательности вертикального зондирования,310062,Указатель спутника,,005021,Пеленг или азимут,,,,Operational
bufr4/3/10/062/24/007025,10,Последовательности вертикального зондирования,310062,Указатель спутника,,007025,Зенитный угол Солнца,,,,Operational
bufr4/3/10/062/25/005022,10,Последовательности вертикального зондирования,310062,Указатель спутника,,005022,Азимут Солнца,,,,Operational
bufr4/3/10/062/26/008072,10,Последовательности вертикального зондирования,310062,Указатель спутника,,008072,Тип элемента(ов) изображения,,,,Operational
bufr4/3/10/062/27/008029,10,Последовательности вертикального зондирования,310062,Указатель спутника,,008029,Тип поверхности,,,,Operational
bufr4/3/10/062/28/105000,10,Последовательности вертикального зондирования,310062,Указатель спутника,,105000,Повторение с задержкой 5 дескрипторов,,,,Operational
bufr4/3/10/062/29/031002,10,Последовательности вертикального зондирования,310062,Указатель спутника,,031002,Коэффициент повторения расширенного дескриптора с задержкой,(продолж.),,,Operational
bufr4/3/10/062/1/005042,10,Последовательности вертикального зондирования,310062,Номер канала,,005042,Номер канала,,,,Operational
bufr4/3/10/062/2/002155,10,Последовательности вертикального зондирования,310062,Номер канала,,002155,Длина волны спутникового канала,,,,Operational
bufr4/3/10/062/3/033083,10,Последовательности вертикального зондирования,310062,Номер канала,,033083,Флаги качества данных по излучению,,,,Operational
bufr4/3/10/062/4/014043,10,Последовательности вертикального зондирования,310062,Номер канала,,014043,Излучение в канале,,,,Operational
bufr4/3/10/062/5/015042,10,Последовательности вертикального зондирования,310062,Номер канала,,015042,Отражательная способность (Данные по ТПМ (температура поверхности моря)),,,,Operational
bufr4/3/10/063/1/001007,10,Последовательности вертикального зондирования,310063,Указатель спутника,,001007,Указатель спутника,,,,Operational
bufr4/3/10/063/2/001033,10,Последовательности вертикального зондирования,310063,Указатель спутника,,001033,Идентификация центра-поставщика/производителя,,,,Operational
bufr4/3/10/063/3/001034,10,Последовательности вертикального зондирования,310063,Указатель спутника,,001034,Идентификация подцентра-поставщика/ производителя,,,,Operational
bufr4/3/10/063/4/002019,10,Последовательности вертикального зондирования,310063,Указатель спутника,,002019,Спутниковые приборы,,,,Operational
bufr4/3/10/063/5/002020,10,Последовательности вертикального зондирования,310063,Указатель спутника,,002020,Классификация спутников,,,,Operational
bufr4/3/10/063/6/301011,10,Последовательности вертикального зондирования,310063,Указатель спутника,,301011,"Год, месяц, день",,,,Operational
bufr4/3/10/063/7/301012,10,Последовательности вертикального зондирования,310063,Указатель спутника,,301012,"Час, минута",,,,Operational
bufr4/3/10/063/8/207003,10,Последовательности вертикального зондирования,310063,Указатель спутника,,207003,"Увеличить масштаб, величину начала отсчета и длину данных",,,,Operational
bufr4/3/10/063/9/004006,10,Последовательности вертикального зондирования,310063,Указатель спутника,,004006,Секунда,,,,Operational
bufr4/3/10/063/10/207000,10,Последовательности вертикального зондирования,310063,Указатель спутника,,207000,"Увеличить масштаб, величину начала отсчета и длину Отмена данных",,,,Operational
bufr4/3/10/063/11/005040,10,Последовательности вертикального зондирования,310063,Указатель спутника,,005040,Номер орбиты,,,,Operational
bufr4/3/10/063/12/201133,10,Последовательности вертикального зондирования,310063,Указатель спутника,,201133,Изменить длину данных Увеличить битовую ширину,,,,Operational
bufr4/3/10/063/13/005041,10,Последовательности вертикального зондирования,310063,Указатель спутника,,005041,Номер строки сканирования,,,,Operational
bufr4/3/10/063/14/005043,10,Последовательности вертикального зондирования,310063,Указатель спутника,,005043,Номер поля зрения,,,,Operational
bufr4/3/10/063/15/201000,10,Последовательности вертикального зондирования,310063,Указатель спутника,,201000,Отменить увелиИзменить длину данных чение битовой ширины,,,,Operational
bufr4/3/10/063/16/033082,10,Последовательности вертикального зондирования,310063,Указатель спутника,,033082,Флаги качества геоположения,,,,Operational
bufr4/3/10/063/17/301021,10,Последовательности вертикального зондирования,310063,Указатель спутника,,301021,Широта/долгота (высокая точность),,,,Operational
bufr4/3/10/063/18/201129,10,Последовательности вертикального зондирования,310063,Указатель спутника,,201129,Изменить длину данных Увеличить битовую ширину,,,,Operational
bufr4/3/10/063/19/007002,10,Последовательности вертикального зондирования,310063,Указатель спутника,,007002,Высота или абсолютная высота,,,,Operational
bufr4/3/10/063/20/201000,10,Последовательности вертикального зондирования,310063,Указатель спутника,,201000,Отменить увелиИзменить длину данных чение битовой ширины,,,,Operational
bufr4/3/10/063/21/007024,10,Последовательности вертикального зондирования,310063,Указатель спутника,,007024,Зенитный угол спутника,,,,Operational
bufr4/3/10/063/22/005021,10,Последовательности вертикального зондирования,310063,Указатель спутника,,005021,Пеленг или азимут,,,,Operational
bufr4/3/10/063/23/007025,10,Последовательности вертикального зондирования,310063,Указатель спутника,,007025,Зенитный угол Солнца,,,,Operational
bufr4/3/10/063/24/005022,10,Последовательности вертикального зондирования,310063,Указатель спутника,,005022,Азимут Солнца,,,,Operational
bufr4/3/10/063/25/008075,10,Последовательности вертикального зондирования,310063,Указатель спутника,,008075,Определитель восходящей/нисходящей орбиты,,,,Operational
bufr4/3/10/063/26/008013,10,Последовательности вертикального зондирования,310063,Указатель спутника,,008013,Описатель дня/ночи,,,,Operational
bufr4/3/10/063/27/008072,10,Последовательности вертикального зондирования,310063,Указатель спутника,,008072,Тип элемента(ов) изображения,,,,Operational
bufr4/3/10/063/28/033084,10,Последовательности вертикального зондирования,310063,Указатель спутника,,033084,Флаги качества уровня элемента изображения,,,,Operational
bufr4/3/10/063/29/007062,10,Последовательности вертикального зондирования,310063,Указатель спутника,,007062,Глубина от поверхности моря/водной поверхности,,,,Operational
bufr4/3/10/063/30/033086,10,Последовательности вертикального зондирования,310063,Указатель спутника,,033086,Качество воспроизведения на уровне элемента изображения,,,,Operational
bufr4/3/10/063/31/022043,10,Последовательности вертикального зондирования,310063,Указатель спутника,,022043,Температура моря/воды,,,,Operational
bufr4/3/10/063/32/007062,10,Последовательности вертикального зондирования,310063,Указатель спутника,,007062,Глубина от поверхности моря/водной поверхности Верхняя граница слоя,,,,Operational
bufr4/3/10/063/33/007062,10,Последовательности вертикального зондирования,310063,Указатель спутника,,007062,Глубина от поверхности моря/водной поверхности Нижняя граница слоя,,,,Operational
bufr4/3/10/063/34/033086,10,Последовательности вертикального зондирования,310063,Указатель спутника,,033086,Качество воспроизведения на уровне элемента изображения,,,,Operational
bufr4/3/10/063/35/022043,10,Последовательности вертикального зондирования,310063,Указатель спутника,,022043,Температура моря/воды I.2 – Табл. D BUFR/10 — 19,(продолж.),,,Operational
bufr4/3/10/064/1/001007,10,Последовательности вертикального зондирования,310064,Указатель спутника,,001007,Указатель спутника,,,,Operational
bufr4/3/10/064/2/001033,10,Последовательности вертикального зондирования,310064,Указатель спутника,,001033,Идентификация центра–поставщика/производителя,,,,Operational
bufr4/3/10/064/3/001034,10,Последовательности вертикального зондирования,310064,Указатель спутника,,001034,Идентификация подцентра–поставщика/ производителя,,,,Operational
bufr4/3/10/064/4/002019,10,Последовательности вертикального зондирования,310064,Указатель спутника,,002019,Спутниковые приборы,,,,Operational
bufr4/3/10/064/5/002020,10,Последовательности вертикального зондирования,310064,Указатель спутника,,002020,Классификация спутников,,,,Operational
bufr4/3/10/064/6/301011,10,Последовательности вертикального зондирования,310064,Указатель спутника,,301011,"Год, месяц, день",,,,Operational
bufr4/3/10/064/7/301012,10,Последовательности вертикального зондирования,310064,Указатель спутника,,301012,"Час, минуты",,,,Operational
bufr4/3/10/064/8/207003,10,Последовательности вертикального зондирования,310064,Указатель спутника,,207003,"Увеличить масштаб, величину начала отсчета и длину данных",,,,Operational
bufr4/3/10/064/9/004006,10,Последовательности вертикального зондирования,310064,Указатель спутника,,004006,Секунда,,,,Operational
bufr4/3/10/064/10/207000,10,Последовательности вертикального зондирования,310064,Указатель спутника,,207000,"Увеличить масштаб, величину начала отсчета и длину Отмена данных",,,,Operational
bufr4/3/10/064/11/005040,10,Последовательности вертикального зондирования,310064,Указатель спутника,,005040,Номер орбиты,,,,Operational
bufr4/3/10/064/12/201133,10,Последовательности вертикального зондирования,310064,Указатель спутника,,201133,Изменить длину данных,,,,Operational
bufr4/3/10/064/13/005041,10,Последовательности вертикального зондирования,310064,Указатель спутника,,005041,Номер строки сканирования,,,,Operational
bufr4/3/10/064/14/005043,10,Последовательности вертикального зондирования,310064,Указатель спутника,,005043,Номер поля зрения,,,,Operational
bufr4/3/10/064/15/201000,10,Последовательности вертикального зондирования,310064,Указатель спутника,,201000,Изменить длину данных Отмена,,,,Operational
bufr4/3/10/064/16/033082,10,Последовательности вертикального зондирования,310064,Указатель спутника,,033082,Флаги качества геоположения,,,,Operational
bufr4/3/10/064/17/301021,10,Последовательности вертикального зондирования,310064,Указатель спутника,,301021,Широта/долгота (высокая точность),,,,Operational
bufr4/3/10/064/18/201129,10,Последовательности вертикального зондирования,310064,Указатель спутника,,201129,Изменить длину данных,,,,Operational
bufr4/3/10/064/19/007002,10,Последовательности вертикального зондирования,310064,Указатель спутника,,007002,Высота или абсолютная высота,,,,Operational
bufr4/3/10/064/20/201000,10,Последовательности вертикального зондирования,310064,Указатель спутника,,201000,Изменить длину данных Отмена,,,,Operational
bufr4/3/10/064/21/007024,10,Последовательности вертикального зондирования,310064,Указатель спутника,,007024,Зенитный угол спутника,,,,Operational
bufr4/3/10/064/22/005021,10,Последовательности вертикального зондирования,310064,Указатель спутника,,005021,Пеленг или азимут,,,,Operational
bufr4/3/10/064/23/007025,10,Последовательности вертикального зондирования,310064,Указатель спутника,,007025,Зенитный угол Солнца,,,,Operational
bufr4/3/10/064/24/005022,10,Последовательности вертикального зондирования,310064,Указатель спутника,,005022,Азимут Солнца,,,,Operational
bufr4/3/10/064/25/008075,10,Последовательности вертикального зондирования,310064,Указатель спутника,,008075,Определитель восходящей/нисходящей орбиты,,,,Operational
bufr4/3/10/064/26/008029,10,Последовательности вертикального зондирования,310064,Указатель спутника,,008029,Тип поверхности,,,,Operational
bufr4/3/10/064/27/008046,10,Последовательности вертикального зондирования,310064,Указатель спутника,,008046,Тип химических или физических составляющих атмосферы,,,,Operational
bufr4/3/10/064/28/033085,10,Последовательности вертикального зондирования,310064,Указатель спутника,,033085,Флаги качества оптической плотности аэрозоля,,,,Operational
bufr4/3/10/064/29/033086,10,Последовательности вертикального зондирования,310064,Указатель спутника,,033086,Качество воспроизведения уровня элемента изображения,,,,Operational
bufr4/3/10/064/30/015049,10,Последовательности вертикального зондирования,310064,Указатель спутника,,015049,Показатель экспоненты при длине волны в законе Агстрема для аэрозолей,,,,Operational
bufr4/3/10/064/31/033086,10,Последовательности вертикального зондирования,310064,Указатель спутника,,033086,Качество воспроизведения уровня элемента изображения,,,,Operational
bufr4/3/10/064/32/102011,10,Последовательности вертикального зондирования,310064,Указатель спутника,,102011,Повторить 2 дескриптора 11 раз,,,,Operational
bufr4/3/10/064/33/002155,10,Последовательности вертикального зондирования,310064,Указатель спутника,,002155,Длина волны спутникового канала,,,,Operational
bufr4/3/10/064/34/015062,10,Последовательности вертикального зондирования,310064,Указатель спутника,,015062,Оптическая толщина аэрозоля (Данные профилей OMPS (блок для картирования и получения профилей озона) в надире),,,,Operational
bufr4/3/10/065/1/001007,10,Последовательности вертикального зондирования,310065,Указатель спутника,,001007,Указатель спутника,,,,Operational
bufr4/3/10/065/2/001033,10,Последовательности вертикального зондирования,310065,Указатель спутника,,001033,Идентификация центра–поставщика/производителя,,,,Operational
bufr4/3/10/065/3/001034,10,Последовательности вертикального зондирования,310065,Указатель спутника,,001034,Идентификация подцентра–поставщика/ производителя,,,,Operational
bufr4/3/10/065/4/002019,10,Последовательности вертикального зондирования,310065,Указатель спутника,,002019,Спутниковые приборы,,,,Operational
bufr4/3/10/065/5/002020,10,Последовательности вертикального зондирования,310065,Указатель спутника,,002020,Классификация спутников,,,,Operational
bufr4/3/10/065/6/301011,10,Последовательности вертикального зондирования,310065,Указатель спутника,,301011,"Год, месяц, день",,,,Operational
bufr4/3/10/065/7/301012,10,Последовательности вертикального зондирования,310065,Указатель спутника,,301012,"Час, минуты",,,,Operational
bufr4/3/10/065/8/207003,10,Последовательности вертикального зондирования,310065,Указатель спутника,,207003,"Увеличить масштаб, величину начала отсчета и длину данных",,,,Operational
bufr4/3/10/065/9/004006,10,Последовательности вертикального зондирования,310065,Указатель спутника,,004006,Секунда,(продолж.),,,Operational
bufr4/3/10/065/1/207000,10,Последовательности вертикального зондирования,310065,"Увеличить масштаб, величину начала отсчета и длину Отмена данных",,207000,"Увеличить масштаб, величину начала отсчета и длину Отмена данных",,,,Operational
bufr4/3/10/065/2/005040,10,Последовательности вертикального зондирования,310065,"Увеличить масштаб, величину начала отсчета и длину Отмена данных",,005040,Номер орбиты,,,,Operational
bufr4/3/10/065/3/033082,10,Последовательности вертикального зондирования,310065,"Увеличить масштаб, величину начала отсчета и длину Отмена данных",,033082,Флаги качества геоположения,,,,Operational
bufr4/3/10/065/4/301021,10,Последовательности вертикального зондирования,310065,"Увеличить масштаб, величину начала отсчета и длину Отмена данных",,301021,Широта/долгота (высокая точность),,,,Operational
bufr4/3/10/065/5/201129,10,Последовательности вертикального зондирования,310065,"Увеличить масштаб, величину начала отсчета и длину Отмена данных",,201129,Изменить длину данных,,,,Operational
bufr4/3/10/065/6/007002,10,Последовательности вертикального зондирования,310065,"Увеличить масштаб, величину начала отсчета и длину Отмена данных",,007002,Высота или абсолютная высота,,,,Operational
bufr4/3/10/065/7/201000,10,Последовательности вертикального зондирования,310065,"Увеличить масштаб, величину начала отсчета и длину Отмена данных",,201000,Изменить длину данных Отмена,,,,Operational
bufr4/3/10/065/8/007024,10,Последовательности вертикального зондирования,310065,"Увеличить масштаб, величину начала отсчета и длину Отмена данных",,007024,Зенитный угол спутника,,,,Operational
bufr4/3/10/065/9/005021,10,Последовательности вертикального зондирования,310065,"Увеличить масштаб, величину начала отсчета и длину Отмена данных",,005021,Пеленг или азимут,,,,Operational
bufr4/3/10/065/10/007025,10,Последовательности вертикального зондирования,310065,"Увеличить масштаб, величину начала отсчета и длину Отмена данных",,007025,Зенитный угол Солнца,,,,Operational
bufr4/3/10/065/11/005022,10,Последовательности вертикального зондирования,310065,"Увеличить масштаб, величину начала отсчета и длину Отмена данных",,005022,Азимут Солнца,,,,Operational
bufr4/3/10/065/12/008075,10,Последовательности вертикального зондирования,310065,"Увеличить масштаб, величину начала отсчета и длину Отмена данных",,008075,Определитель восходящей/нисходящей орбиты,,,,Operational
bufr4/3/10/065/13/033071,10,Последовательности вертикального зондирования,310065,"Увеличить масштаб, величину начала отсчета и длину Отмена данных",,033071,Качество измерений профиля озона,,,,Operational
bufr4/3/10/065/14/033070,10,Последовательности вертикального зондирования,310065,"Увеличить масштаб, величину начала отсчета и длину Отмена данных",,033070,Качество измерений общего содержания озона,,,,Operational
bufr4/3/10/065/15/020021,10,Последовательности вертикального зондирования,310065,"Увеличить масштаб, величину начала отсчета и длину Отмена данных",,020021,Тип осадков,,,,Operational
bufr4/3/10/065/16/015045,10,Последовательности вертикального зондирования,310065,"Увеличить масштаб, величину начала отсчета и длину Отмена данных",,015045,Двуокись серы,,,,Operational
bufr4/3/10/065/17/015046,10,Последовательности вертикального зондирования,310065,"Увеличить масштаб, величину начала отсчета и длину Отмена данных",,015046,Индекс вулканического загрязнения,,,,Operational
bufr4/3/10/065/18/008065,10,Последовательности вертикального зондирования,310065,"Увеличить масштаб, величину начала отсчета и длину Отмена данных",,008065,Указатель солнечных бликов,,,,Operational
bufr4/3/10/065/19/033087,10,Последовательности вертикального зондирования,310065,"Увеличить масштаб, величину начала отсчета и длину Отмена данных",,033087,Участок орбиты спутника в пределах Южноатлантической аномалии,,,,Operational
bufr4/3/10/065/20/008003,10,Последовательности вертикального зондирования,310065,"Увеличить масштаб, величину начала отсчета и длину Отмена данных",,008003,Вертикальная значимость (спутниковые наблюдения),,,,Operational
bufr4/3/10/065/21/010004,10,Последовательности вертикального зондирования,310065,"Увеличить масштаб, величину начала отсчета и длину Отмена данных",,010004,Давление,,,,Operational
bufr4/3/10/065/22/008003,10,Последовательности вертикального зондирования,310065,"Увеличить масштаб, величину начала отсчета и длину Отмена данных",,008003,Вертикальная значимость (спутниковые наблюдения),,,,Operational
bufr4/3/10/065/23/207002,10,Последовательности вертикального зондирования,310065,"Увеличить масштаб, величину начала отсчета и длину Отмена данных",,207002,"Увеличить масштаб, величину начала отсчета и длину данных",,,,Operational
bufr4/3/10/065/24/015001,10,Последовательности вертикального зондирования,310065,"Увеличить масштаб, величину начала отсчета и длину Отмена данных",,015001,Общее содержание озона,,,,Operational
bufr4/3/10/065/25/207000,10,Последовательности вертикального зондирования,310065,"Увеличить масштаб, величину начала отсчета и длину Отмена данных",,207000,"Увеличить масштаб, величину начала отсчета и длину Отмена данных",,,,Operational
bufr4/3/10/065/26/105012,10,Последовательности вертикального зондирования,310065,"Увеличить масштаб, величину начала отсчета и длину Отмена данных",,105012,Повторить 5 дескрипторов 12 раз,,,,Operational
bufr4/3/10/065/27/010040,10,Последовательности вертикального зондирования,310065,"Увеличить масштаб, величину начала отсчета и длину Отмена данных",,010040,Число восстановленных слоев,,,,Operational
bufr4/3/10/065/28/010004,10,Последовательности вертикального зондирования,310065,"Увеличить масштаб, величину начала отсчета и длину Отмена данных",,010004,Давление,,,,Operational
bufr4/3/10/065/29/207003,10,Последовательности вертикального зондирования,310065,"Увеличить масштаб, величину начала отсчета и длину Отмена данных",,207003,"Увеличить масштаб, величину начала отсчета и длину данных",,,,Operational
bufr4/3/10/065/30/015005,10,Последовательности вертикального зондирования,310065,"Увеличить масштаб, величину начала отсчета и длину Отмена данных",,015005,p озона,,,,Operational
bufr4/3/10/065/31/207000,10,Последовательности вертикального зондирования,310065,"Увеличить масштаб, величину начала отсчета и длину Отмена данных",,207000,"Увеличить масштаб, величину начала отсчета и длину Отмена данных",,,,Operational
bufr4/3/10/065/32/008046,10,Последовательности вертикального зондирования,310065,"Увеличить масштаб, величину начала отсчета и длину Отмена данных",,008046,Тип химических или физических составляющих атмосферы,,,,Operational
bufr4/3/10/065/33/107019,10,Последовательности вертикального зондирования,310065,"Увеличить масштаб, величину начала отсчета и длину Отмена данных",,107019,Повторить 7 дескрипторов 19 раз,,,,Operational
bufr4/3/10/065/34/010040,10,Последовательности вертикального зондирования,310065,"Увеличить масштаб, величину начала отсчета и длину Отмена данных",,010040,Число восстановленных слоев,,,,Operational
bufr4/3/10/065/35/010004,10,Последовательности вертикального зондирования,310065,"Увеличить масштаб, величину начала отсчета и длину Отмена данных",,010004,Давление,,,,Operational
bufr4/3/10/065/36/008090,10,Последовательности вертикального зондирования,310065,"Увеличить масштаб, величину начала отсчета и длину Отмена данных",,008090,Десятичный масштаб следующих мантисс,,,,Operational
bufr4/3/10/065/37/207006,10,Последовательности вертикального зондирования,310065,"Увеличить масштаб, величину начала отсчета и длину Отмена данных",,207006,"Увеличить масштаб, величину начала отсчета и длину данных",,,,Operational
bufr4/3/10/065/38/015008,10,Последовательности вертикального зондирования,310065,"Увеличить масштаб, величину начала отсчета и длину Отмена данных",,015008,Существенный компонент состава смеси (по объему),,,,Operational
bufr4/3/10/065/39/207000,10,Последовательности вертикального зондирования,310065,"Увеличить масштаб, величину начала отсчета и длину Отмена данных",,207000,"Увеличить масштаб, величину начала отсчета и длину Отмена данных",,,,Operational
bufr4/3/10/065/40/008090,10,Последовательности вертикального зондирования,310065,"Увеличить масштаб, величину начала отсчета и длину Отмена данных",,008090,Десятичный масштаб следующих мантисс Установлено на отсутствующее значение (отмена) I.2 – Табл. D BUFR/10 — 21,(продолж.),,,Operational
bufr4/3/10/066/1/001007,10,Последовательности вертикального зондирования,310066,Указатель спутника,,001007,Указатель спутника,,,,Operational
bufr4/3/10/066/2/001033,10,Последовательности вертикального зондирования,310066,Указатель спутника,,001033,Идентификация центра–поставщика/производителя,,,,Operational
bufr4/3/10/066/3/001034,10,Последовательности вертикального зондирования,310066,Указатель спутника,,001034,Идентификация подцентра–поставщика/ производителя,,,,Operational
bufr4/3/10/066/4/002019,10,Последовательности вертикального зондирования,310066,Указатель спутника,,002019,Спутниковые приборы,,,,Operational
bufr4/3/10/066/5/002020,10,Последовательности вертикального зондирования,310066,Указатель спутника,,002020,Классификация спутников,,,,Operational
bufr4/3/10/066/6/301011,10,Последовательности вертикального зондирования,310066,Указатель спутника,,301011,"Год, месяц, день",,,,Operational
bufr4/3/10/066/7/301012,10,Последовательности вертикального зондирования,310066,Указатель спутника,,301012,"Часы, минуты",,,,Operational
bufr4/3/10/066/8/207003,10,Последовательности вертикального зондирования,310066,Указатель спутника,,207003,"Увеличить масштаб, величину начала отсчета и длину данных",,,,Operational
bufr4/3/10/066/9/004006,10,Последовательности вертикального зондирования,310066,Указатель спутника,,004006,Секунда,,,,Operational
bufr4/3/10/066/10/207000,10,Последовательности вертикального зондирования,310066,Указатель спутника,,207000,"Увеличить масштаб, величину начала отсчета и длину Отмена данных",,,,Operational
bufr4/3/10/066/11/005040,10,Последовательности вертикального зондирования,310066,Указатель спутника,,005040,Номер орбиты,,,,Operational
bufr4/3/10/066/12/033082,10,Последовательности вертикального зондирования,310066,Указатель спутника,,033082,Флаги качества геоположения,,,,Operational
bufr4/3/10/066/13/301021,10,Последовательности вертикального зондирования,310066,Указатель спутника,,301021,Широта/долгота (высокая точность),,,,Operational
bufr4/3/10/066/14/201129,10,Последовательности вертикального зондирования,310066,Указатель спутника,,201129,Изменить длину данных,,,,Operational
bufr4/3/10/066/15/007002,10,Последовательности вертикального зондирования,310066,Указатель спутника,,007002,Высота или абсолютная высота,,,,Operational
bufr4/3/10/066/16/201000,10,Последовательности вертикального зондирования,310066,Указатель спутника,,201000,Изменить длину данных Отмена,,,,Operational
bufr4/3/10/066/17/007024,10,Последовательности вертикального зондирования,310066,Указатель спутника,,007024,Зенитный угол спутника,,,,Operational
bufr4/3/10/066/18/005021,10,Последовательности вертикального зондирования,310066,Указатель спутника,,005021,Пеленг или азимут,,,,Operational
bufr4/3/10/066/19/007025,10,Последовательности вертикального зондирования,310066,Указатель спутника,,007025,Зенитный угол Солнца,,,,Operational
bufr4/3/10/066/20/005022,10,Последовательности вертикального зондирования,310066,Указатель спутника,,005022,Азимут Солнца,,,,Operational
bufr4/3/10/066/21/008075,10,Последовательности вертикального зондирования,310066,Указатель спутника,,008075,Определитель восходящей/нисходящей орбиты,,,,Operational
bufr4/3/10/066/22/020081,10,Последовательности вертикального зондирования,310066,Указатель спутника,,020081,Облачность в сегменте Доля облачности,,,,Operational
bufr4/3/10/066/23/207004,10,Последовательности вертикального зондирования,310066,Указатель спутника,,207004,"Увеличить масштаб, величину начала отсчета и длину данных",,,,Operational
bufr4/3/10/066/24/015030,10,Последовательности вертикального зондирования,310066,Указатель спутника,,015030,Индекс аэрозольного загрязнения,,,,Operational
bufr4/3/10/066/25/207000,10,Последовательности вертикального зондирования,310066,Указатель спутника,,207000,"Увеличить масштаб, величину начала отсчета и длину Отмена данных",,,,Operational
bufr4/3/10/066/26/020065,10,Последовательности вертикального зондирования,310066,Указатель спутника,,020065,Снежный покров,,,,Operational
bufr4/3/10/066/27/015041,10,Последовательности вертикального зондирования,310066,Указатель спутника,,015041,Индекс двуокиси серы,,,,Operational
bufr4/3/10/066/28/033086,10,Последовательности вертикального зондирования,310066,Указатель спутника,,033086,Качество воспроизведения на уровне элемента изображения,,,,Operational
bufr4/3/10/066/29/033087,10,Последовательности вертикального зондирования,310066,Указатель спутника,,033087,Участок орбиты спутника в пределах Южноатлантической аномалии,,,,Operational
bufr4/3/10/066/30/033088,10,Последовательности вертикального зондирования,310066,Указатель спутника,,033088,Флаги качества общего содержания озона в столбе атмосферы,,,,Operational
bufr4/3/10/066/31/008003,10,Последовательности вертикального зондирования,310066,Указатель спутника,,008003,Вертикальная значимость (спутниковые наблюдения) = 0 Поверхность,,,,Operational
bufr4/3/10/066/32/207001,10,Последовательности вертикального зондирования,310066,Указатель спутника,,207001,"Увеличить масштаб, величину начала отсчета и длину данных",,,,Operational
bufr4/3/10/066/33/007004,10,Последовательности вертикального зондирования,310066,Указатель спутника,,007004,Давление,,,,Operational
bufr4/3/10/066/34/207000,10,Последовательности вертикального зондирования,310066,Указатель спутника,,207000,"Увеличить масштаб, величину начала отсчета и длину Отмена данных",,,,Operational
bufr4/3/10/066/35/008003,10,Последовательности вертикального зондирования,310066,Указатель спутника,,008003,Вертикальная значимость (спутниковые наблюдения) Установлено на отсутствующее значение (отмена),,,,Operational
bufr4/3/10/066/36/207002,10,Последовательности вертикального зондирования,310066,Указатель спутника,,207002,"Увеличить масштаб, величину начала отсчета и длину данных",,,,Operational
bufr4/3/10/066/37/015001,10,Последовательности вертикального зондирования,310066,Указатель спутника,,015001,Общее содержание озона,,,,Operational
bufr4/3/10/066/38/207000,10,Последовательности вертикального зондирования,310066,Указатель спутника,,207000,"Увеличить масштаб, величину начала отсчета и длину Отмена данных",(продолж.),,,Operational
bufr4/3/10/066/1/008003,10,Последовательности вертикального зондирования,310066,= 2 Верхняя Вертикальная значимость (спутниковые наблюдения) граница облаков,,008003,= 2 Верхняя Вертикальная значимость (спутниковые наблюдения) граница облаков,,,,Operational
bufr4/3/10/066/2/033042,10,Последовательности вертикального зондирования,310066,= 2 Верхняя Вертикальная значимость (спутниковые наблюдения) граница облаков,,033042,"= 0 Исключая Тип предела, представленный последующим значением нижний предел (>)",,,,Operational
bufr4/3/10/066/3/207001,10,Последовательности вертикального зондирования,310066,= 2 Верхняя Вертикальная значимость (спутниковые наблюдения) граница облаков,,207001,"Увеличить масштаб, величину начала отсчета и длину данных",,,,Operational
bufr4/3/10/066/4/007004,10,Последовательности вертикального зондирования,310066,= 2 Верхняя Вертикальная значимость (спутниковые наблюдения) граница облаков,,007004,Давление на Давление верхней границе облаков,,,,Operational
bufr4/3/10/066/5/207000,10,Последовательности вертикального зондирования,310066,= 2 Верхняя Вертикальная значимость (спутниковые наблюдения) граница облаков,,207000,"Отмена Увеличить масштаб, величину начала отсчета и длину данных",,,,Operational
bufr4/3/10/066/6/207002,10,Последовательности вертикального зондирования,310066,= 2 Верхняя Вертикальная значимость (спутниковые наблюдения) граница облаков,,207002,"Увеличить масштаб, величину начала отсчета и длину данных",,,,Operational
bufr4/3/10/066/7/015001,10,Последовательности вертикального зондирования,310066,= 2 Верхняя Вертикальная значимость (спутниковые наблюдения) граница облаков,,015001,Общее содержание озона Ниже облаков,,,,Operational
bufr4/3/10/066/8/207000,10,Последовательности вертикального зондирования,310066,= 2 Верхняя Вертикальная значимость (спутниковые наблюдения) граница облаков,,207000,"Отмена Увеличить масштаб, величину начала отсчета и длину данных",,,,Operational
bufr4/3/10/066/9/008003,10,Последовательности вертикального зондирования,310066,= 2 Верхняя Вертикальная значимость (спутниковые наблюдения) граница облаков,,008003,Вертикальная значимость (спутниковые наблюдения) Установлено на отсутствующее значение (отмена),,,,Operational
bufr4/3/10/066/10/001032,10,Последовательности вертикального зондирования,310066,= 2 Верхняя Вертикальная значимость (спутниковые наблюдения) граница облаков,,001032,Применение продукции = 0 Нулевое приближение | Определяется местным центромпроизводителем,,,,Operational
bufr4/3/10/066/11/207002,10,Последовательности вертикального зондирования,310066,= 2 Верхняя Вертикальная значимость (спутниковые наблюдения) граница облаков,,207002,"Увеличить масштаб, величину начала отсчета и длину данных",,,,Operational
bufr4/3/10/066/12/015001,10,Последовательности вертикального зондирования,310066,= 2 Верхняя Вертикальная значимость (спутниковые наблюдения) граница облаков,,015001,Общее содержание озона Общее содержание озона в вертикальном столбе в нулевом приближении,,,,Operational
bufr4/3/10/066/13/207000,10,Последовательности вертикального зондирования,310066,= 2 Верхняя Вертикальная значимость (спутниковые наблюдения) граница облаков,,207000,"Отмена Увеличить масштаб, величину начала отсчета и длину данных (Параметры ветра, рассчитанные по спутниковым данным) (см. примечание 2) Информация по обработке",,,,Operational
bufr4/3/10/067/1/001033,10,Последовательности вертикального зондирования,310067,Идентификация центра-поставщика/производителя,,001033,Идентификация центра-поставщика/производителя,,,,Operational
bufr4/3/10/067/2/001034,10,Последовательности вертикального зондирования,310067,Идентификация центра-поставщика/производителя,,001034,Идентификация подцентра-поставщика/ производителя,,,,Operational
bufr4/3/10/067/3/025061,10,Последовательности вертикального зондирования,310067,Идентификация центра-поставщика/производителя,,025061,Идентификация программного обеспечения и номер версии,,,,Operational
bufr4/3/10/067/4/025062,10,Последовательности вертикального зондирования,310067,Идентификация центра-поставщика/производителя,,025062,Идентификация базы данных Идентификация спутника/прибора,,,,Operational
bufr4/3/10/067/5/001007,10,Последовательности вертикального зондирования,310067,Идентификация центра-поставщика/производителя,,001007,Указатель спутника,,,,Operational
bufr4/3/10/067/6/002153,10,Последовательности вертикального зондирования,310067,Идентификация центра-поставщика/производителя,,002153,Центральная частота спутникового канала,,,,Operational
bufr4/3/10/067/7/001012,10,Последовательности вертикального зондирования,310067,Идентификация центра-поставщика/производителя,,001012,Направление движения подвижной наблюдательной платформы,,,,Operational
bufr4/3/10/067/8/201138,10,Последовательности вертикального зондирования,310067,Идентификация центра-поставщика/производителя,,201138,Изменить длину данных,,,,Operational
bufr4/3/10/067/9/002026,10,Последовательности вертикального зондирования,310067,Идентификация центра-поставщика/производителя,,002026,Разрешение поперек трассы,,,,Operational
bufr4/3/10/067/10/002027,10,Последовательности вертикального зондирования,310067,Идентификация центра-поставщика/производителя,,002027,Разрешение вдоль трассы,,,,Operational
bufr4/3/10/067/11/201000,10,Последовательности вертикального зондирования,310067,Идентификация центра-поставщика/производителя,,201000,Отменить изменение длины данных Методы,,,,Operational
bufr4/3/10/067/12/002028,10,Последовательности вертикального зондирования,310067,Идентификация центра-поставщика/производителя,,002028,Размер прямоуx Размер сегмента в надире в направлении гольника цели I.2 – Табл. D BUFR/10 — 23,(продолж.),,,Operational
bufr4/3/10/067/1/002029,10,Последовательности вертикального зондирования,310067,y Размер сегмента в надире в направлении Размер прямоу- гольника цели,,002029,y Размер сегмента в надире в направлении Размер прямоугольника цели,,,,Operational
bufr4/3/10/067/2/002161,10,Последовательности вертикального зондирования,310067,y Размер сегмента в надире в направлении Размер прямоу- гольника цели,,002161,Метод обработки параметров ветра,,,,Operational
bufr4/3/10/067/3/002164,10,Последовательности вертикального зондирования,310067,y Размер сегмента в надире в направлении Размер прямоу- гольника цели,,002164,Метод корреляции слежения,,,,Operational
bufr4/3/10/067/4/002023,10,Последовательности вертикального зондирования,310067,y Размер сегмента в надире в направлении Размер прямоу- гольника цели,,002023,Метод расчета ветра по спутниковым данным,,,,Operational
bufr4/3/10/067/5/008012,10,Последовательности вертикального зондирования,310067,y Размер сегмента в надире в направлении Размер прямоу- гольника цели,,008012,Описатель суши/моря,,,,Operational
bufr4/3/10/067/6/008013,10,Последовательности вертикального зондирования,310067,y Размер сегмента в надире в направлении Размер прямоу- гольника цели,,008013,Описатель дня/ночи Окончательные данные по ВАЦ (векторы атмосферной циркуляции),,,,Operational
bufr4/3/10/067/7/001124,10,Последовательности вертикального зондирования,310067,y Размер сегмента в надире в направлении Размер прямоу- гольника цели,,001124,Указатель узлов сетки,,,,Operational
bufr4/3/10/067/8/005001,10,Последовательности вертикального зондирования,310067,y Размер сегмента в надире в направлении Размер прямоу- гольника цели,,005001,Широта (высокая точность),,,,Operational
bufr4/3/10/067/9/006001,10,Последовательности вертикального зондирования,310067,y Размер сегмента в надире в направлении Размер прямоу- гольника цели,,006001,Долгота (высокая точность),,,,Operational
bufr4/3/10/067/10/004001,10,Последовательности вертикального зондирования,310067,y Размер сегмента в надире в направлении Размер прямоу- гольника цели,,004001,Год,,,,Operational
bufr4/3/10/067/11/004002,10,Последовательности вертикального зондирования,310067,y Размер сегмента в надире в направлении Размер прямоу- гольника цели,,004002,Месяц,,,,Operational
bufr4/3/10/067/12/004003,10,Последовательности вертикального зондирования,310067,y Размер сегмента в надире в направлении Размер прямоу- гольника цели,,004003,День,,,,Operational
bufr4/3/10/067/13/004004,10,Последовательности вертикального зондирования,310067,y Размер сегмента в надире в направлении Размер прямоу- гольника цели,,004004,Час,,,,Operational
bufr4/3/10/067/14/004005,10,Последовательности вертикального зондирования,310067,y Размер сегмента в надире в направлении Размер прямоу- гольника цели,,004005,Минута,,,,Operational
bufr4/3/10/067/15/004006,10,Последовательности вертикального зондирования,310067,y Размер сегмента в надире в направлении Размер прямоу- гольника цели,,004006,Секунда,,,,Operational
bufr4/3/10/067/16/004086,10,Последовательности вертикального зондирования,310067,y Размер сегмента в надире в направлении Размер прямоу- гольника цели,,004086,Долговременный период или смещение Секунды,,,,Operational
bufr4/3/10/067/17/011001,10,Последовательности вертикального зондирования,310067,y Размер сегмента в надире в направлении Размер прямоу- гольника цели,,011001,Направление ветра,,,,Operational
bufr4/3/10/067/18/011002,10,Последовательности вертикального зондирования,310067,y Размер сегмента в надире в направлении Размер прямоу- гольника цели,,011002,Скорость ветра,,,,Operational
bufr4/3/10/067/19/011003,10,Последовательности вертикального зондирования,310067,y Размер сегмента в надире в направлении Размер прямоу- гольника цели,,011003,Компонента u,,,,Operational
bufr4/3/10/067/20/011004,10,Последовательности вертикального зондирования,310067,y Размер сегмента в надире в направлении Размер прямоу- гольника цели,,011004,Компонента v,,,,Operational
bufr4/3/10/067/21/002162,10,Последовательности вертикального зондирования,310067,y Размер сегмента в надире в направлении Размер прямоу- гольника цели,,002162,Метод определения продленной высоты,,,,Operational
bufr4/3/10/067/22/007004,10,Последовательности вертикального зондирования,310067,y Размер сегмента в надире в направлении Размер прямоу- гольника цели,,007004,Давление,,,,Operational
bufr4/3/10/067/23/012001,10,Последовательности вертикального зондирования,310067,y Размер сегмента в надире в направлении Размер прямоу- гольника цели,,012001,Температура/температура воздуха,,,,Operational
bufr4/3/10/067/24/020014,10,Последовательности вертикального зондирования,310067,y Размер сегмента в надире в направлении Размер прямоу- гольника цели,,020014,Высота верхней границы облаков,,,,Operational
bufr4/3/10/067/25/007024,10,Последовательности вертикального зондирования,310067,y Размер сегмента в надире в направлении Размер прямоу- гольника цели,,007024,Зенитный угол спутника,,,,Operational
bufr4/3/10/067/26/001023,10,Последовательности вертикального зондирования,310067,y Размер сегмента в надире в направлении Размер прямоу- гольника цели,,001023,Номер последовательности наблюдений,,,,Operational
bufr4/3/10/067/27/104000,10,Последовательности вертикального зондирования,310067,y Размер сегмента в надире в направлении Размер прямоу- гольника цели,,104000,Повторение с задержкой 4 дескрипторов,,,,Operational
bufr4/3/10/067/28/031001,10,Последовательности вертикального зондирования,310067,y Размер сегмента в надире в направлении Размер прямоу- гольника цели,,031001,Коэффициент повторения дескриптора с задержкой,,,,Operational
bufr4/3/10/067/29/002162,10,Последовательности вертикального зондирования,310067,y Размер сегмента в надире в направлении Размер прямоу- гольника цели,,002162,Метод определения продленной высоты,,,,Operational
bufr4/3/10/067/30/007004,10,Последовательности вертикального зондирования,310067,y Размер сегмента в надире в направлении Размер прямоу- гольника цели,,007004,Давление,,,,Operational
bufr4/3/10/067/31/012001,10,Последовательности вертикального зондирования,310067,y Размер сегмента в надире в направлении Размер прямоу- гольника цели,,012001,Температура/температура воздуха,,,,Operational
bufr4/3/10/067/32/020014,10,Последовательности вертикального зондирования,310067,y Размер сегмента в надире в направлении Размер прямоу- гольника цели,,020014,Высота верхней границы облаков Данные изображений (для каждого используемого изображения),,,,Operational
bufr4/3/10/067/33/113000,10,Последовательности вертикального зондирования,310067,y Размер сегмента в надире в направлении Размер прямоу- гольника цели,,113000,Повторение с задержкой 13 дескрипторов,,,,Operational
bufr4/3/10/067/34/031001,10,Последовательности вертикального зондирования,310067,y Размер сегмента в надире в направлении Размер прямоу- гольника цели,,031001,Коэффициент повторения дескриптора с задержкой,,,,Operational
bufr4/3/10/067/35/004086,10,Последовательности вертикального зондирования,310067,y Размер сегмента в надире в направлении Размер прямоу- гольника цели,,004086,Долговременный период или смещение Секунды,,,,Operational
bufr4/3/10/067/36/002020,10,Последовательности вертикального зондирования,310067,y Размер сегмента в надире в направлении Размер прямоу- гольника цели,,002020,Классификация спутников,,,,Operational
bufr4/3/10/067/37/001007,10,Последовательности вертикального зондирования,310067,y Размер сегмента в надире в направлении Размер прямоу- гольника цели,,001007,Указатель спутника,,,,Operational
bufr4/3/10/067/38/002019,10,Последовательности вертикального зондирования,310067,y Размер сегмента в надире в направлении Размер прямоу- гольника цели,,002019,Спутниковые приборы,,,,Operational
bufr4/3/10/067/39/005042,10,Последовательности вертикального зондирования,310067,y Размер сегмента в надире в направлении Размер прямоу- гольника цели,,005042,Номер канала,,,,Operational
bufr4/3/10/067/40/002153,10,Последовательности вертикального зондирования,310067,y Размер сегмента в надире в направлении Размер прямоу- гольника цели,,002153,Центральная частота спутникового канала,,,,Operational
bufr4/3/10/067/41/005040,10,Последовательности вертикального зондирования,310067,y Размер сегмента в надире в направлении Размер прямоу- гольника цели,,005040,Номер орбиты,,,,Operational
bufr4/3/10/067/42/007024,10,Последовательности вертикального зондирования,310067,y Размер сегмента в надире в направлении Размер прямоу- гольника цели,,007024,Зенитный угол спутника,,,,Operational
bufr4/3/10/067/43/005021,10,Последовательности вертикального зондирования,310067,y Размер сегмента в надире в направлении Размер прямоу- гольника цели,,005021,Пеленг или азимут,,,,Operational
bufr4/3/10/067/44/002162,10,Последовательности вертикального зондирования,310067,y Размер сегмента в надире в направлении Размер прямоу- гольника цели,,002162,Метод определения продленной высоты,,,,Operational
bufr4/3/10/067/45/007004,10,Последовательности вертикального зондирования,310067,y Размер сегмента в надире в направлении Размер прямоу- гольника цели,,007004,Давление,,,,Operational
bufr4/3/10/067/46/012001,10,Последовательности вертикального зондирования,310067,y Размер сегмента в надире в направлении Размер прямоу- гольника цели,,012001,Температура/температура воздуха,,,,Operational
bufr4/3/10/067/47/020014,10,Последовательности вертикального зондирования,310067,y Размер сегмента в надире в направлении Размер прямоу- гольника цели,,020014,Высота верхней границы облаков Промежуточные векторы (для каждой компоненты вектора),,,,Operational
bufr4/3/10/067/48/119000,10,Последовательности вертикального зондирования,310067,y Размер сегмента в надире в направлении Размер прямоу- гольника цели,,119000,Повторение с задержкой 19 дескрипторов,,,,Operational
bufr4/3/10/067/49/031001,10,Последовательности вертикального зондирования,310067,y Размер сегмента в надире в направлении Размер прямоу- гольника цели,,031001,Коэффициент повторения дескриптора с задержкой,,,,Operational
bufr4/3/10/067/50/004086,10,Последовательности вертикального зондирования,310067,y Размер сегмента в надире в направлении Размер прямоу- гольника цели,,004086,Долговременный период или смещение Секунды,(продолж.),,,Operational
bufr4/3/10/067/1/004086,10,Последовательности вертикального зондирования,310067,Долговременный период или смещение Секунды,,004086,Долговременный период или смещение Секунды,,,,Operational
bufr4/3/10/067/2/005001,10,Последовательности вертикального зондирования,310067,Долговременный период или смещение Секунды,,005001,Широта (высокая точность),,,,Operational
bufr4/3/10/067/3/006001,10,Последовательности вертикального зондирования,310067,Долговременный период или смещение Секунды,,006001,Долгота (высокая точность),,,,Operational
bufr4/3/10/067/4/011003,10,Последовательности вертикального зондирования,310067,Долговременный период или смещение Секунды,,011003,Компонента u,,,,Operational
bufr4/3/10/067/5/011004,10,Последовательности вертикального зондирования,310067,Долговременный период или смещение Секунды,,011004,Компонента v,,,,Operational
bufr4/3/10/067/6/011113,10,Последовательности вертикального зондирования,310067,Долговременный период или смещение Секунды,,011113,Векторная корреляция слежения,,,,Operational
bufr4/3/10/067/7/025148,10,Последовательности вертикального зондирования,310067,Долговременный период или смещение Секунды,,025148,Коэффициент вариации,,,,Operational
bufr4/3/10/067/8/103000,10,Последовательности вертикального зондирования,310067,Долговременный период или смещение Секунды,,103000,Повторение с задержкой 3 дескрипторов,,,,Operational
bufr4/3/10/067/9/031001,10,Последовательности вертикального зондирования,310067,Долговременный период или смещение Секунды,,031001,Коэффициент повторения дескриптора с задержкой,,,,Operational
bufr4/3/10/067/10/008023,10,Последовательности вертикального зондирования,310067,Долговременный период или смещение Секунды,,008023,Статистические данные первого порядка,,,,Operational
bufr4/3/10/067/11/011003,10,Последовательности вертикального зондирования,310067,Долговременный период или смещение Секунды,,011003,Компонента u,,,,Operational
bufr4/3/10/067/12/011004,10,Последовательности вертикального зондирования,310067,Долговременный период или смещение Секунды,,011004,Компонента v,,,,Operational
bufr4/3/10/067/13/008023,10,Последовательности вертикального зондирования,310067,Долговременный период или смещение Секунды,,008023,Статистические данные первого порядка Установлено на отсутствующее значение (отмена),,,,Operational
bufr4/3/10/067/14/103000,10,Последовательности вертикального зондирования,310067,Долговременный период или смещение Секунды,,103000,Повторение с задержкой 3 дескрипторов,,,,Operational
bufr4/3/10/067/15/031001,10,Последовательности вертикального зондирования,310067,Долговременный период или смещение Секунды,,031001,Коэффициент повторения дескриптора с задержкой,,,,Operational
bufr4/3/10/067/16/020111,10,Последовательности вертикального зондирования,310067,Долговременный период или смещение Секунды,,020111,х Проекция большой оси эллипса ошибок на ось,,,,Operational
bufr4/3/10/067/17/020112,10,Последовательности вертикального зондирования,310067,Долговременный период или смещение Секунды,,020112,y Проекция малой оси эллипса ошибок на ось,,,,Operational
bufr4/3/10/067/18/020114,10,Последовательности вертикального зондирования,310067,Долговременный период или смещение Секунды,,020114,х Угол между большой осью эллипса ошибок и осью Данные соответствующего прогноза,,,,Operational
bufr4/3/10/067/19/001033,10,Последовательности вертикального зондирования,310067,Долговременный период или смещение Секунды,,001033,Идентификация центра-поставщика/производителя,,,,Operational
bufr4/3/10/067/20/008021,10,Последовательности вертикального зондирования,310067,Долговременный период или смещение Секунды,,008021,Значимость времени = 27 Нулевое приближение,,,,Operational
bufr4/3/10/067/21/011095,10,Последовательности вертикального зондирования,310067,Долговременный период или смещение Секунды,,011095,"Компонента u вектора ветра, используемого в модели",,,,Operational
bufr4/3/10/067/22/011096,10,Последовательности вертикального зондирования,310067,Долговременный период или смещение Секунды,,011096,"Компонента v вектора ветра, используемого в модели",,,,Operational
bufr4/3/10/067/23/007004,10,Последовательности вертикального зондирования,310067,Долговременный период или смещение Секунды,,007004,Давление,,,,Operational
bufr4/3/10/067/24/008021,10,Последовательности вертикального зондирования,310067,Долговременный период или смещение Секунды,,008021,Значимость времени = 4 Прогноз,,,,Operational
bufr4/3/10/067/25/011095,10,Последовательности вертикального зондирования,310067,Долговременный период или смещение Секунды,,011095,"Компонента u вектора ветра, используемого в модели",,,,Operational
bufr4/3/10/067/26/011096,10,Последовательности вертикального зондирования,310067,Долговременный период или смещение Секунды,,011096,"Компонента v вектора ветра, используемого в модели",,,,Operational
bufr4/3/10/067/27/007004,10,Последовательности вертикального зондирования,310067,Долговременный период или смещение Секунды,,007004,Давление,,,,Operational
bufr4/3/10/067/28/008021,10,Последовательности вертикального зондирования,310067,Долговременный период или смещение Секунды,,008021,Значимость времени Установлено на отсутствующее значение (отмена),,,,Operational
bufr4/3/10/067/29/008086,10,Последовательности вертикального зондирования,310067,Долговременный период или смещение Секунды,,008086,Вертикальная значимость данных для ЧПП = 10 Уровень наилучшего соответствия,,,,Operational
bufr4/3/10/067/30/011095,10,Последовательности вертикального зондирования,310067,Долговременный период или смещение Секунды,,011095,"Компонента u вектора ветра, используемого в модели",,,,Operational
bufr4/3/10/067/31/011096,10,Последовательности вертикального зондирования,310067,Долговременный период или смещение Секунды,,011096,"Компонента v вектора ветра, используемого в модели",,,,Operational
bufr4/3/10/067/32/007004,10,Последовательности вертикального зондирования,310067,Долговременный период или смещение Секунды,,007004,Давление,,,,Operational
bufr4/3/10/067/33/008086,10,Последовательности вертикального зондирования,310067,Долговременный период или смещение Секунды,,008086,Вертикальная значимость данных для ЧПП Установлено на отсутствующее значение (отмена) Качество окончательных данных ВАЦ,,,,Operational
bufr4/3/10/067/34/102004,10,Последовательности вертикального зондирования,310067,Долговременный период или смещение Секунды,,102004,Повторить 2 дескриптора 4 раза,,,,Operational
bufr4/3/10/067/35/001032,10,Последовательности вертикального зондирования,310067,Долговременный период или смещение Секунды,,001032,Применение продукции,,,,Operational
bufr4/3/10/067/36/033007,10,Последовательности вертикального зондирования,310067,Долговременный период или смещение Секунды,,033007,Процент достоверности,,,,Operational
bufr4/3/10/067/37/008092,10,Последовательности вертикального зондирования,310067,Долговременный период или смещение Секунды,,008092,Выражение неопределенности измерения = 0 Стандартная неопределенность,,,,Operational
bufr4/3/10/067/38/011003,10,Последовательности вертикального зондирования,310067,Долговременный период или смещение Секунды,,011003,Компонента u,,,,Operational
bufr4/3/10/067/39/011004,10,Последовательности вертикального зондирования,310067,Долговременный период или смещение Секунды,,011004,Компонента v,,,,Operational
bufr4/3/10/067/40/007004,10,Последовательности вертикального зондирования,310067,Долговременный период или смещение Секунды,,007004,Давление,,,,Operational
bufr4/3/10/067/41/008092,10,Последовательности вертикального зондирования,310067,Долговременный период или смещение Секунды,,008092,Выражение неопределенности измерения Установлено на отсутствующее значение (отмена),,,,Operational
bufr4/3/10/067/42/033066,10,Последовательности вертикального зондирования,310067,Долговременный период или смещение Секунды,,033066,Флаг качества ВАЦ I.2 – Табл. D BUFR/10 — 25,(продолж.),,,Operational
bufr4/3/10/067/1/020081,10,Последовательности вертикального зондирования,310067,"Данные об облачности и микрофизика облаков (относится к номинальному изображению, используемому для определения высоты)",,020081,Количество облаков в сегменте,,,,Operational
bufr4/3/10/067/2/020012,10,Последовательности вертикального зондирования,310067,"Данные об облачности и микрофизика облаков (относится к номинальному изображению, используемому для определения высоты)",,020012,Тип облаков,,,,Operational
bufr4/3/10/067/3/020056,10,Последовательности вертикального зондирования,310067,"Данные об облачности и микрофизика облаков (относится к номинальному изображению, используемому для определения высоты)",,020056,Фазовое состояние воды в облаке,,,,Operational
bufr4/3/10/067/4/117000,10,Последовательности вертикального зондирования,310067,"Данные об облачности и микрофизика облаков (относится к номинальному изображению, используемому для определения высоты)",,117000,Повторение с задержкой 17 дескрипторов,,,,Operational
bufr4/3/10/067/5/031001,10,Последовательности вертикального зондирования,310067,"Данные об облачности и микрофизика облаков (относится к номинальному изображению, используемому для определения высоты)",,031001,Коэффициент повторения дескриптора с задержкой,,,,Operational
bufr4/3/10/067/6/008023,10,Последовательности вертикального зондирования,310067,"Данные об облачности и микрофизика облаков (относится к номинальному изображению, используемому для определения высоты)",,008023,Статистические данные первого порядка,,,,Operational
bufr4/3/10/067/7/020016,10,Последовательности вертикального зондирования,310067,"Данные об облачности и микрофизика облаков (относится к номинальному изображению, используемому для определения высоты)",,020016,Давление на верхней границе облаков,,,,Operational
bufr4/3/10/067/8/008092,10,Последовательности вертикального зондирования,310067,"Данные об облачности и микрофизика облаков (относится к номинальному изображению, используемому для определения высоты)",,008092,Выражение неопределенности измерения = 0 Стандартная неопределенность,,,,Operational
bufr4/3/10/067/9/008003,10,Последовательности вертикального зондирования,310067,"Данные об облачности и микрофизика облаков (относится к номинальному изображению, используемому для определения высоты)",,008003,Вертикальная значимость (спутниковые наблюдения) = 2 Верхняя граница облаков,,,,Operational
bufr4/3/10/067/10/012001,10,Последовательности вертикального зондирования,310067,"Данные об облачности и микрофизика облаков (относится к номинальному изображению, используемому для определения высоты)",,012001,Температура/температура воздуха,,,,Operational
bufr4/3/10/067/11/008003,10,Последовательности вертикального зондирования,310067,"Данные об облачности и микрофизика облаков (относится к номинальному изображению, используемому для определения высоты)",,008003,Вертикальная значимость (спутниковые наблюдения) Установлено на отсутствующее значение (отмена),,,,Operational
bufr4/3/10/067/12/020016,10,Последовательности вертикального зондирования,310067,"Данные об облачности и микрофизика облаков (относится к номинальному изображению, используемому для определения высоты)",,020016,Давление на верхней границе облаков,,,,Operational
bufr4/3/10/067/13/008092,10,Последовательности вертикального зондирования,310067,"Данные об облачности и микрофизика облаков (относится к номинальному изображению, используемому для определения высоты)",,008092,Выражение неопределенности измерения Установлено на отсутствующее значение (отмена),,,,Operational
bufr4/3/10/067/14/025149,10,Последовательности вертикального зондирования,310067,"Данные об облачности и микрофизика облаков (относится к номинальному изображению, используемому для определения высоты)",,025149,Потери при оптимальной оценке,,,,Operational
bufr4/3/10/067/15/020016,10,Последовательности вертикального зондирования,310067,"Данные об облачности и микрофизика облаков (относится к номинальному изображению, используемому для определения высоты)",,020016,Давление на верхней границе облаков,,,,Operational
bufr4/3/10/067/16/020014,10,Последовательности вертикального зондирования,310067,"Данные об облачности и микрофизика облаков (относится к номинальному изображению, используемому для определения высоты)",,020014,Высота верхней границы облаков,,,,Operational
bufr4/3/10/067/17/013093,10,Последовательности вертикального зондирования,310067,"Данные об облачности и микрофизика облаков (относится к номинальному изображению, используемому для определения высоты)",,013093,Оптическая толщина облаков,,,,Operational
bufr4/3/10/067/18/013109,10,Последовательности вертикального зондирования,310067,"Данные об облачности и микрофизика облаков (относится к номинальному изображению, используемому для определения высоты)",,013109,Траектория ледяных кристаллов/жидкой воды,,,,Operational
bufr4/3/10/067/19/040038,10,Последовательности вертикального зондирования,310067,"Данные об облачности и микрофизика облаков (относится к номинальному изображению, используемому для определения высоты)",,040038,Размер облачных частиц,,,,Operational
bufr4/3/10/067/20/008011,10,Последовательности вертикального зондирования,310067,"Данные об облачности и микрофизика облаков (относится к номинальному изображению, используемому для определения высоты)",,008011,Метеорологическая характеристика = 12 Облачность,,,,Operational
bufr4/3/10/067/21/014050,10,Последовательности вертикального зондирования,310067,"Данные об облачности и микрофизика облаков (относится к номинальному изображению, используемому для определения высоты)",,014050,Излучательная способность,,,,Operational
bufr4/3/10/067/22/008011,10,Последовательности вертикального зондирования,310067,"Данные об облачности и микрофизика облаков (относится к номинальному изображению, используемому для определения высоты)",,008011,Метеорологическая характеристика Установлено на отсутствующее значение (отмена),,,,Operational
bufr4/3/10/067/23/008023,10,Последовательности вертикального зондирования,310067,"Данные об облачности и микрофизика облаков (относится к номинальному изображению, используемому для определения высоты)",,008023,Статистические данные первого порядка Установлено на отсутствующее значение (отмена) (Переменные поля зрения VASS),,,,Operational
bufr4/3/10/068/1/008070,10,Последовательности вертикального зондирования,310068,Описатель продукции вертикального зондирования,,008070,Описатель продукции вертикального зондирования,,,,Operational
bufr4/3/10/068/2/001033,10,Последовательности вертикального зондирования,310068,Описатель продукции вертикального зондирования,,001033,Идентификация центра-поставщика/производителя,,,,Operational
bufr4/3/10/068/3/001034,10,Последовательности вертикального зондирования,310068,Описатель продукции вертикального зондирования,,001034,Идентификация подцентра-поставщика/ производителя,,,,Operational
bufr4/3/10/068/4/001007,10,Последовательности вертикального зондирования,310068,Описатель продукции вертикального зондирования,,001007,Указатель спутника,,,,Operational
bufr4/3/10/068/5/002019,10,Последовательности вертикального зондирования,310068,Описатель продукции вертикального зондирования,,002019,Спутниковые приборы,,,,Operational
bufr4/3/10/068/6/012064,10,Последовательности вертикального зондирования,310068,Описатель продукции вертикального зондирования,,012064,Температура прибора,,,,Operational
bufr4/3/10/068/7/005040,10,Последовательности вертикального зондирования,310068,Описатель продукции вертикального зондирования,,005040,Номер орбиты,,,,Operational
bufr4/3/10/068/8/201136,10,Последовательности вертикального зондирования,310068,Описатель продукции вертикального зондирования,,201136,Изменить длину данных,,,,Operational
bufr4/3/10/068/9/005041,10,Последовательности вертикального зондирования,310068,Описатель продукции вертикального зондирования,,005041,Номер строки сканирования,,,,Operational
bufr4/3/10/068/10/201000,10,Последовательности вертикального зондирования,310068,Описатель продукции вертикального зондирования,,201000,Отмена Изменить длину данных,,,,Operational
bufr4/3/10/068/11/005043,10,Последовательности вертикального зондирования,310068,Описатель продукции вертикального зондирования,,005043,Номер поля зрения,,,,Operational
bufr4/3/10/068/12/301011,10,Последовательности вертикального зондирования,310068,Описатель продукции вертикального зондирования,,301011,"Год, месяц, день",,,,Operational
bufr4/3/10/068/13/301012,10,Последовательности вертикального зондирования,310068,Описатель продукции вертикального зондирования,,301012,"Час, минута",,,,Operational
bufr4/3/10/068/14/201138,10,Последовательности вертикального зондирования,310068,Описатель продукции вертикального зондирования,,201138,Изменить длину данных,,,,Operational
bufr4/3/10/068/15/202131,10,Последовательности вертикального зондирования,310068,Описатель продукции вертикального зондирования,,202131,Изменить масштаб,,,,Operational
bufr4/3/10/068/16/004006,10,Последовательности вертикального зондирования,310068,Описатель продукции вертикального зондирования,,004006,Секунда,,,,Operational
bufr4/3/10/068/17/202000,10,Последовательности вертикального зондирования,310068,Описатель продукции вертикального зондирования,,202000,Отмена Изменить масштаб,(продолж.),,,Operational
bufr4/3/10/068/1/201000,10,Последовательности вертикального зондирования,310068,Изменить длину данных Отмена,,201000,Изменить длину данных Отмена,,,,Operational
bufr4/3/10/068/2/005001,10,Последовательности вертикального зондирования,310068,Изменить длину данных Отмена,,005001,Широта (высокая точность),,,,Operational
bufr4/3/10/068/3/006001,10,Последовательности вертикального зондирования,310068,Изменить длину данных Отмена,,006001,Долгота (высокая точность),,,,Operational
bufr4/3/10/068/4/202126,10,Последовательности вертикального зондирования,310068,Изменить длину данных Отмена,,202126,Изменить масштаб,,,,Operational
bufr4/3/10/068/5/007001,10,Последовательности вертикального зондирования,310068,Изменить длину данных Отмена,,007001,Высота станции,,,,Operational
bufr4/3/10/068/6/202000,10,Последовательности вертикального зондирования,310068,Изменить длину данных Отмена,,202000,Отмена Изменить масштаб,,,,Operational
bufr4/3/10/068/7/010007,10,Последовательности вертикального зондирования,310068,Изменить длину данных Отмена,,010007,Высота,,,,Operational
bufr4/3/10/068/8/007024,10,Последовательности вертикального зондирования,310068,Изменить длину данных Отмена,,007024,Зенитный угол спутника,,,,Operational
bufr4/3/10/068/9/005021,10,Последовательности вертикального зондирования,310068,Изменить длину данных Отмена,,005021,Пеленг или азимут,,,,Operational
bufr4/3/10/068/10/007025,10,Последовательности вертикального зондирования,310068,Изменить длину данных Отмена,,007025,Солнечный зенитный угол,,,,Operational
bufr4/3/10/068/11/005022,10,Последовательности вертикального зондирования,310068,Изменить длину данных Отмена,,005022,Солнечный азимут,,,,Operational
bufr4/3/10/068/12/013040,10,Последовательности вертикального зондирования,310068,Изменить длину данных Отмена,,013040,Флаг поверхности,,,,Operational
bufr4/3/10/068/13/012101,10,Последовательности вертикального зондирования,310068,Изменить длину данных Отмена,,012101,Температура Температура/температура воздуха поверхности суши или океана,,,,Operational
bufr4/3/10/068/14/201131,10,Последовательности вертикального зондирования,310068,Изменить длину данных Отмена,,201131,Увеличить битовую ширину,,,,Operational
bufr4/3/10/068/15/202129,10,Последовательности вертикального зондирования,310068,Изменить длину данных Отмена,,202129,Изменить масштаб,,,,Operational
bufr4/3/10/068/16/011011,10,Последовательности вертикального зондирования,310068,Изменить длину данных Отмена,,011011,Ветер над поверхНаправление ветра на высоте 10 м ностью океана,,,,Operational
bufr4/3/10/068/17/202000,10,Последовательности вертикального зондирования,310068,Изменить длину данных Отмена,,202000,Изменить масштаб Отмена,,,,Operational
bufr4/3/10/068/18/201000,10,Последовательности вертикального зондирования,310068,Изменить длину данных Отмена,,201000,Изменить длину данных Отмена,,,,Operational
bufr4/3/10/068/19/201130,10,Последовательности вертикального зондирования,310068,Изменить длину данных Отмена,,201130,Изменить длину данных,,,,Operational
bufr4/3/10/068/20/202129,10,Последовательности вертикального зондирования,310068,Изменить длину данных Отмена,,202129,Изменить масштаб,,,,Operational
bufr4/3/10/068/21/011012,10,Последовательности вертикального зондирования,310068,Изменить длину данных Отмена,,011012,Ветер над поверхСкорость ветра на высоте 10 м ностью океана,,,,Operational
bufr4/3/10/068/22/202000,10,Последовательности вертикального зондирования,310068,Изменить длину данных Отмена,,202000,Изменить масштаб Отмена,,,,Operational
bufr4/3/10/068/23/201000,10,Последовательности вертикального зондирования,310068,Изменить длину данных Отмена,,201000,Изменить длину данных Отмена,,,,Operational
bufr4/3/10/068/24/020029,10,Последовательности вертикального зондирования,310068,Изменить длину данных Отмена,,020029,Флаг дождя,,,,Operational
bufr4/3/10/068/25/020010,10,Последовательности вертикального зондирования,310068,Изменить длину данных Отмена,,020010,Облачный покров (общий),,,,Operational
bufr4/3/10/068/26/020014,10,Последовательности вертикального зондирования,310068,Изменить длину данных Отмена,,020014,Высота верхней границы облака,,,,Operational
bufr4/3/10/068/27/013162,10,Последовательности вертикального зондирования,310068,Изменить длину данных Отмена,,013162,Вода в жидкой фазе в облаке,,,,Operational
bufr4/3/10/068/28/014050,10,Последовательности вертикального зондирования,310068,Изменить длину данных Отмена,,014050,Излучательная способность (Переменные канала VASS),,,,Operational
bufr4/3/10/069/1/005042,10,Последовательности вертикального зондирования,310069,Номер канала,,005042,Номер канала,,,,Operational
bufr4/3/10/069/2/201139,10,Последовательности вертикального зондирования,310069,Номер канала,,201139,Изменить длину данных,,,,Operational
bufr4/3/10/069/3/002155,10,Последовательности вертикального зондирования,310069,Номер канала,,002155,Длина волны спутникового канала,,,,Operational
bufr4/3/10/069/4/201000,10,Последовательности вертикального зондирования,310069,Номер канала,,201000,Отмена Изменить длину данных,,,,Operational
bufr4/3/10/069/5/025077,10,Последовательности вертикального зондирования,310069,Номер канала,,025077,Коэффициент 1 коррекции ширины полосы,,,,Operational
bufr4/3/10/069/6/025078,10,Последовательности вертикального зондирования,310069,Номер канала,,025078,Коэффициент 2 коррекции ширины полосы,,,,Operational
bufr4/3/10/069/7/033007,10,Последовательности вертикального зондирования,310069,Номер канала,,033007,Процент достоверности,,,,Operational
bufr4/3/10/069/8/201132,10,Последовательности вертикального зондирования,310069,Номер канала,,201132,Изменить длину данных,,,,Operational
bufr4/3/10/069/9/202129,10,Последовательности вертикального зондирования,310069,Номер канала,,202129,Изменить масштаб,,,,Operational
bufr4/3/10/069/10/012063,10,Последовательности вертикального зондирования,310069,Номер канала,,012063,Яркостная температура,,,,Operational
bufr4/3/10/069/11/202000,10,Последовательности вертикального зондирования,310069,Номер канала,,202000,Отмена Изменить масштаб,,,,Operational
bufr4/3/10/069/12/201000,10,Последовательности вертикального зондирования,310069,Номер канала,,201000,Изменить длину данных Отмена (Сводка VASS MWTS с FY-3),,,,Operational
bufr4/3/10/070/1/310068,10,Последовательности вертикального зондирования,310070,Переменные поля зрения VASS,,310068,Переменные поля зрения VASS,,,,Operational
bufr4/3/10/070/2/101013,10,Последовательности вертикального зондирования,310070,Переменные поля зрения VASS,,101013,Повторить 1 дескриптор 13 раз,,,,Operational
bufr4/3/10/070/3/310069,10,Последовательности вертикального зондирования,310070,Переменные поля зрения VASS,,310069,Переменные канала VASS (Сводка VASS MWHS с FY-3),,,,Operational
bufr4/3/10/071/1/310068,10,Последовательности вертикального зондирования,310071,Переменные поля зрения VASS,,310068,Переменные поля зрения VASS,,,,Operational
bufr4/3/10/071/2/101015,10,Последовательности вертикального зондирования,310071,Переменные поля зрения VASS,,101015,Повторить 1 дескриптор 15 раз,,,,Operational
bufr4/3/10/071/3/310069,10,Последовательности вертикального зондирования,310071,Переменные поля зрения VASS,,310069,Переменные канала VASS I.2 – Табл. D BUFR/10 — 27,(продолж.),,,Operational
bufr4/3/10/072/1/310068,10,Последовательности вертикального зондирования,310072,Переменные поля зрения VASS,,310068,Переменные поля зрения VASS,,,,Operational
bufr4/3/10/072/2/101026,10,Последовательности вертикального зондирования,310072,Переменные поля зрения VASS,,101026,Повторить 1 дескриптор 26 раз,,,,Operational
bufr4/3/10/072/3/310069,10,Последовательности вертикального зондирования,310072,Переменные поля зрения VASS,,310069,"Переменные канала VASS (Параметры ветра, рассчитанные по спутниковым данным) Обработка информации",,,,Operational
bufr4/3/10/077/1/001033,10,Последовательности вертикального зондирования,310077,Обработка информации,,001033,Идентификация центра-поставщика/производителя,,,,Operational
bufr4/3/10/077/2/001034,10,Последовательности вертикального зондирования,310077,Обработка информации,,001034,Идентификация подцентра-поставщика/ производителя,,,,Operational
bufr4/3/10/077/3/025061,10,Последовательности вертикального зондирования,310077,Обработка информации,,025061,Идентификация программного обеспечения и номер версии,,,,Operational
bufr4/3/10/077/4/025062,10,Последовательности вертикального зондирования,310077,Обработка информации,,025062,Идентификация базы данных Идентификация спутника/прибора,,,,Operational
bufr4/3/10/077/5/001007,10,Последовательности вертикального зондирования,310077,Обработка информации,,001007,Указатель спутника,,,,Operational
bufr4/3/10/077/6/002153,10,Последовательности вертикального зондирования,310077,Обработка информации,,002153,Центральная частота спутникового канала,,,,Operational
bufr4/3/10/077/7/001012,10,Последовательности вертикального зондирования,310077,Обработка информации,,001012,Направление движения подвижной наблюдательной платформы,,,,Operational
bufr4/3/10/077/8/201138,10,Последовательности вертикального зондирования,310077,Обработка информации,,201138,Изменить длину данных,,,,Operational
bufr4/3/10/077/9/002026,10,Последовательности вертикального зондирования,310077,Обработка информации,,002026,Разрешение поперек трассы,,,,Operational
bufr4/3/10/077/10/002027,10,Последовательности вертикального зондирования,310077,Обработка информации,,002027,Разрешение вдоль трассы,,,,Operational
bufr4/3/10/077/11/201000,10,Последовательности вертикального зондирования,310077,Обработка информации,,201000,Отмена Изменить длину данных Методы,,,,Operational
bufr4/3/10/077/12/002028,10,Последовательности вертикального зондирования,310077,Обработка информации,,002028,Размер Размер сегмента в надире в направлении x прямоугольника цели,,,,Operational
bufr4/3/10/077/13/002029,10,Последовательности вертикального зондирования,310077,Обработка информации,,002029,Размер Размер сегмента в надире в направлении y прямоугольника цели,,,,Operational
bufr4/3/10/077/14/002161,10,Последовательности вертикального зондирования,310077,Обработка информации,,002161,Метод обработки параметров ветра,,,,Operational
bufr4/3/10/077/15/002164,10,Последовательности вертикального зондирования,310077,Обработка информации,,002164,Метод корреляции слежения,,,,Operational
bufr4/3/10/077/16/002023,10,Последовательности вертикального зондирования,310077,Обработка информации,,002023,Метод расчета параметров ветра по спутниковым данным,,,,Operational
bufr4/3/10/077/17/008012,10,Последовательности вертикального зондирования,310077,Обработка информации,,008012,Описатель суши/моря,,,,Operational
bufr4/3/10/077/18/008013,10,Последовательности вертикального зондирования,310077,Обработка информации,,008013,Описатель дня/ночи Окончательные данные вектора атмосферного движения (ВАД),,,,Operational
bufr4/3/10/077/19/001124,10,Последовательности вертикального зондирования,310077,Обработка информации,,001124,Указатель узлов сетки .,,,,Operational
bufr4/3/10/077/20/005001,10,Последовательности вертикального зондирования,310077,Обработка информации,,005001,Широта (высокая точность),,,,Operational
bufr4/3/10/077/21/006001,10,Последовательности вертикального зондирования,310077,Обработка информации,,006001,Долгота (высокая точность),,,,Operational
bufr4/3/10/077/22/004001,10,Последовательности вертикального зондирования,310077,Обработка информации,,004001,Год,,,,Operational
bufr4/3/10/077/23/004002,10,Последовательности вертикального зондирования,310077,Обработка информации,,004002,Месяц,,,,Operational
bufr4/3/10/077/24/004003,10,Последовательности вертикального зондирования,310077,Обработка информации,,004003,День,,,,Operational
bufr4/3/10/077/25/004004,10,Последовательности вертикального зондирования,310077,Обработка информации,,004004,Час,,,,Operational
bufr4/3/10/077/26/004005,10,Последовательности вертикального зондирования,310077,Обработка информации,,004005,Минута,,,,Operational
bufr4/3/10/077/27/004006,10,Последовательности вертикального зондирования,310077,Обработка информации,,004006,Секунда,,,,Operational
bufr4/3/10/077/28/004086,10,Последовательности вертикального зондирования,310077,Обработка информации,,004086,Секунды Долговременный период или смещение,,,,Operational
bufr4/3/10/077/29/002162,10,Последовательности вертикального зондирования,310077,Обработка информации,,002162,Метод определения продленной высоты,,,,Operational
bufr4/3/10/077/30/007004,10,Последовательности вертикального зондирования,310077,Обработка информации,,007004,Давление,,,,Operational
bufr4/3/10/077/31/011001,10,Последовательности вертикального зондирования,310077,Обработка информации,,011001,Направление ветра,,,,Operational
bufr4/3/10/077/32/011002,10,Последовательности вертикального зондирования,310077,Обработка информации,,011002,Скорость ветра,,,,Operational
bufr4/3/10/077/33/011003,10,Последовательности вертикального зондирования,310077,Обработка информации,,011003,Компонента ветра u,,,,Operational
bufr4/3/10/077/34/011004,10,Последовательности вертикального зондирования,310077,Обработка информации,,011004,Компонента ветра v,,,,Operational
bufr4/3/10/077/35/012001,10,Последовательности вертикального зондирования,310077,Обработка информации,,012001,Температура/Температура воздуха,,,,Operational
bufr4/3/10/077/36/020014,10,Последовательности вертикального зондирования,310077,Обработка информации,,020014,Высота верхней границы облаков,(продолж.),,,Operational
bufr4/3/10/077/1/007024,10,Последовательности вертикального зондирования,310077,Зенитный угол спутника,,007024,Зенитный угол спутника,,,,Operational
bufr4/3/10/077/2/001023,10,Последовательности вертикального зондирования,310077,Зенитный угол спутника,,001023,Номер последовательности наблюдений,,,,Operational
bufr4/3/10/077/3/104000,10,Последовательности вертикального зондирования,310077,Зенитный угол спутника,,104000,Повторение с задержкой 4 дескрипторов,,,,Operational
bufr4/3/10/077/4/031001,10,Последовательности вертикального зондирования,310077,Зенитный угол спутника,,031001,Коэффициент повторения дескриптора с задержкой,,,,Operational
bufr4/3/10/077/5/002162,10,Последовательности вертикального зондирования,310077,Зенитный угол спутника,,002162,Метод определения продленной высоты,,,,Operational
bufr4/3/10/077/6/007004,10,Последовательности вертикального зондирования,310077,Зенитный угол спутника,,007004,Давление,,,,Operational
bufr4/3/10/077/7/012001,10,Последовательности вертикального зондирования,310077,Зенитный угол спутника,,012001,Температура,,,,Operational
bufr4/3/10/077/8/020014,10,Последовательности вертикального зондирования,310077,Зенитный угол спутника,,020014,Высота верхней границы облаков Данные изображений (для каждого используемого изображения),,,,Operational
bufr4/3/10/077/9/113000,10,Последовательности вертикального зондирования,310077,Зенитный угол спутника,,113000,Повторение с задержкой 13 дескрипторов,,,,Operational
bufr4/3/10/077/10/031001,10,Последовательности вертикального зондирования,310077,Зенитный угол спутника,,031001,Коэффициент повторения дескриптора с задержкой,,,,Operational
bufr4/3/10/077/11/004086,10,Последовательности вертикального зондирования,310077,Зенитный угол спутника,,004086,Долговременный период или смещение Секунды,,,,Operational
bufr4/3/10/077/12/002020,10,Последовательности вертикального зондирования,310077,Зенитный угол спутника,,002020,Классификация спутников,,,,Operational
bufr4/3/10/077/13/001007,10,Последовательности вертикального зондирования,310077,Зенитный угол спутника,,001007,Указатель спутника,,,,Operational
bufr4/3/10/077/14/002019,10,Последовательности вертикального зондирования,310077,Зенитный угол спутника,,002019,Спутниковые приборы,,,,Operational
bufr4/3/10/077/15/005042,10,Последовательности вертикального зондирования,310077,Зенитный угол спутника,,005042,Номер канала,,,,Operational
bufr4/3/10/077/16/002153,10,Последовательности вертикального зондирования,310077,Зенитный угол спутника,,002153,Центральная частота спутникового канала,,,,Operational
bufr4/3/10/077/17/005040,10,Последовательности вертикального зондирования,310077,Зенитный угол спутника,,005040,Номер орбиты,,,,Operational
bufr4/3/10/077/18/007024,10,Последовательности вертикального зондирования,310077,Зенитный угол спутника,,007024,Зенитный угол спутника,,,,Operational
bufr4/3/10/077/19/005021,10,Последовательности вертикального зондирования,310077,Зенитный угол спутника,,005021,Пеленг или азимут,,,,Operational
bufr4/3/10/077/20/002162,10,Последовательности вертикального зондирования,310077,Зенитный угол спутника,,002162,Метод определения продленной высоты,,,,Operational
bufr4/3/10/077/21/007004,10,Последовательности вертикального зондирования,310077,Зенитный угол спутника,,007004,Давление,,,,Operational
bufr4/3/10/077/22/012001,10,Последовательности вертикального зондирования,310077,Зенитный угол спутника,,012001,Температура/Температура воздуха,,,,Operational
bufr4/3/10/077/23/020014,10,Последовательности вертикального зондирования,310077,Зенитный угол спутника,,020014,Высота верхней границы облаков Промежуточные векторы (для каждой компоненты вектора),,,,Operational
bufr4/3/10/077/24/119000,10,Последовательности вертикального зондирования,310077,Зенитный угол спутника,,119000,Повторение с задержкой 19 дескрипторов,,,,Operational
bufr4/3/10/077/25/031001,10,Последовательности вертикального зондирования,310077,Зенитный угол спутника,,031001,Коэффициент повторения дескриптора с задержкой,,,,Operational
bufr4/3/10/077/26/004086,10,Последовательности вертикального зондирования,310077,Зенитный угол спутника,,004086,Долговременный период или смещение Секунды,,,,Operational
bufr4/3/10/077/27/004086,10,Последовательности вертикального зондирования,310077,Зенитный угол спутника,,004086,Долговременный период или смещение Секунды,,,,Operational
bufr4/3/10/077/28/005001,10,Последовательности вертикального зондирования,310077,Зенитный угол спутника,,005001,Широта (высокая точность),,,,Operational
bufr4/3/10/077/29/006001,10,Последовательности вертикального зондирования,310077,Зенитный угол спутника,,006001,Долгота (высокая точность),,,,Operational
bufr4/3/10/077/30/011003,10,Последовательности вертикального зондирования,310077,Зенитный угол спутника,,011003,Компонента u,,,,Operational
bufr4/3/10/077/31/011004,10,Последовательности вертикального зондирования,310077,Зенитный угол спутника,,011004,Компонента v,,,,Operational
bufr4/3/10/077/32/011113,10,Последовательности вертикального зондирования,310077,Зенитный угол спутника,,011113,Корреляционное слежение за вектором,,,,Operational
bufr4/3/10/077/33/025148,10,Последовательности вертикального зондирования,310077,Зенитный угол спутника,,025148,Коэффициент вариации,,,,Operational
bufr4/3/10/077/34/103000,10,Последовательности вертикального зондирования,310077,Зенитный угол спутника,,103000,Повторение с задержкой 3 дескрипторов,,,,Operational
bufr4/3/10/077/35/031001,10,Последовательности вертикального зондирования,310077,Зенитный угол спутника,,031001,Коэффициент повторения дескриптора с задержкой,,,,Operational
bufr4/3/10/077/36/008023,10,Последовательности вертикального зондирования,310077,Зенитный угол спутника,,008023,Статистические данные первого порядка,,,,Operational
bufr4/3/10/077/37/011003,10,Последовательности вертикального зондирования,310077,Зенитный угол спутника,,011003,Компонента u,,,,Operational
bufr4/3/10/077/38/011004,10,Последовательности вертикального зондирования,310077,Зенитный угол спутника,,011004,Компонента v,,,,Operational
bufr4/3/10/077/39/008023,10,Последовательности вертикального зондирования,310077,Зенитный угол спутника,,008023,Статистические данные первого порядка Установлено на отсутствующее значение (отмена),,,,Operational
bufr4/3/10/077/40/103000,10,Последовательности вертикального зондирования,310077,Зенитный угол спутника,,103000,Повторение с задержкой 3 дескрипторов,,,,Operational
bufr4/3/10/077/41/031001,10,Последовательности вертикального зондирования,310077,Зенитный угол спутника,,031001,Коэффициент повторения дескриптора с задержкой,,,,Operational
bufr4/3/10/077/42/020111,10,Последовательности вертикального зондирования,310077,Зенитный угол спутника,,020111,Проекция большой оси эллипса ошибок на ось х,,,,Operational
bufr4/3/10/077/43/020112,10,Последовательности вертикального зондирования,310077,Зенитный угол спутника,,020112,Проекция малой оси эллипса ошибок на ось y,,,,Operational
bufr4/3/10/077/44/020114,10,Последовательности вертикального зондирования,310077,Зенитный угол спутника,,020114,Угол между большой осью эллипса ошибок и осью х Данные соответствующего прогноза,,,,Operational
bufr4/3/10/077/45/001033,10,Последовательности вертикального зондирования,310077,Зенитный угол спутника,,001033,Идентификация центра-поставщика/производителя,,,,Operational
bufr4/3/10/077/46/008021,10,Последовательности вертикального зондирования,310077,Зенитный угол спутника,,008021,Значимость времени = 27 Нулевое приближение,,,,Operational
bufr4/3/10/077/47/007004,10,Последовательности вертикального зондирования,310077,Зенитный угол спутника,,007004,Давление,,,,Operational
bufr4/3/10/077/48/011095,10,Последовательности вертикального зондирования,310077,Зенитный угол спутника,,011095,"Компонента u вектора ветра, используемого в модели",,,,Operational
bufr4/3/10/077/49/011096,10,Последовательности вертикального зондирования,310077,Зенитный угол спутника,,011096,"Компонента v вектора ветра, используемого в модели I.2 – Табл. D BUFR/10 — 29",(продолж.),,,Operational
bufr4/3/10/077/1/008021,10,Последовательности вертикального зондирования,310077,Значимость времени = 4 Прогноз,,008021,Значимость времени = 4 Прогноз,,,,Operational
bufr4/3/10/077/2/007004,10,Последовательности вертикального зондирования,310077,Значимость времени = 4 Прогноз,,007004,Давление,,,,Operational
bufr4/3/10/077/3/011095,10,Последовательности вертикального зондирования,310077,Значимость времени = 4 Прогноз,,011095,"Компонента u вектора ветра, используемого в модели",,,,Operational
bufr4/3/10/077/4/011096,10,Последовательности вертикального зондирования,310077,Значимость времени = 4 Прогноз,,011096,"Компонента v вектора ветра, используемого в модели",,,,Operational
bufr4/3/10/077/5/008021,10,Последовательности вертикального зондирования,310077,Значимость времени = 4 Прогноз,,008021,Значимость времени Установлено на отсутствующее значение (отмена),,,,Operational
bufr4/3/10/077/6/008086,10,Последовательности вертикального зондирования,310077,Значимость времени = 4 Прогноз,,008086,Вертикальная значимость данных для ЧПП = 10 Уровень наилучшего приближения,,,,Operational
bufr4/3/10/077/7/007004,10,Последовательности вертикального зондирования,310077,Значимость времени = 4 Прогноз,,007004,Давление,,,,Operational
bufr4/3/10/077/8/011095,10,Последовательности вертикального зондирования,310077,Значимость времени = 4 Прогноз,,011095,"Компонента u вектора ветра, используемого в модели",,,,Operational
bufr4/3/10/077/9/011096,10,Последовательности вертикального зондирования,310077,Значимость времени = 4 Прогноз,,011096,"Компонента v вектора ветра, используемого в модели",,,,Operational
bufr4/3/10/077/10/008086,10,Последовательности вертикального зондирования,310077,Значимость времени = 4 Прогноз,,008086,Вертикальная значимость данных для ЧПП Установлено на отсутствующее значение (отмена) Качество окончательных данных ВАД,,,,Operational
bufr4/3/10/077/11/102004,10,Последовательности вертикального зондирования,310077,Значимость времени = 4 Прогноз,,102004,Повторить 2 дескриптора 4 раза,,,,Operational
bufr4/3/10/077/12/001044,10,Последовательности вертикального зондирования,310077,Значимость времени = 4 Прогноз,,001044,Стандартное применение продукции,,,,Operational
bufr4/3/10/077/13/033007,10,Последовательности вертикального зондирования,310077,Значимость времени = 4 Прогноз,,033007,Процент достоверности,,,,Operational
bufr4/3/10/077/14/008092,10,Последовательности вертикального зондирования,310077,Значимость времени = 4 Прогноз,,008092,Выражение неопределенности измерения = 0 Стандартная неопределенность,,,,Operational
bufr4/3/10/077/15/007004,10,Последовательности вертикального зондирования,310077,Значимость времени = 4 Прогноз,,007004,Давление,,,,Operational
bufr4/3/10/077/16/011003,10,Последовательности вертикального зондирования,310077,Значимость времени = 4 Прогноз,,011003,Компонента u,,,,Operational
bufr4/3/10/077/17/011004,10,Последовательности вертикального зондирования,310077,Значимость времени = 4 Прогноз,,011004,Компонента v,,,,Operational
bufr4/3/10/077/18/008092,10,Последовательности вертикального зондирования,310077,Значимость времени = 4 Прогноз,,008092,Выражение неопределенности измерения Установлено на отсутствующее значение (отмена),,,,Operational
bufr4/3/10/077/19/033066,10,Последовательности вертикального зондирования,310077,Значимость времени = 4 Прогноз,,033066,"Флаг качества ВАД Данные об облачности и микрофизика облаков (относятся к номинальному изображению, используемому для определения высоты)",,,,Operational
bufr4/3/10/077/20/020081,10,Последовательности вертикального зондирования,310077,Значимость времени = 4 Прогноз,,020081,Облачность в сегменте,,,,Operational
bufr4/3/10/077/21/020012,10,Последовательности вертикального зондирования,310077,Значимость времени = 4 Прогноз,,020012,Тип облаков,,,,Operational
bufr4/3/10/077/22/020056,10,Последовательности вертикального зондирования,310077,Значимость времени = 4 Прогноз,,020056,Фазовое состояние воды в облаке,,,,Operational
bufr4/3/10/077/23/117000,10,Последовательности вертикального зондирования,310077,Значимость времени = 4 Прогноз,,117000,Повторение с задержкой 17 дескрипторов,,,,Operational
bufr4/3/10/077/24/031001,10,Последовательности вертикального зондирования,310077,Значимость времени = 4 Прогноз,,031001,Коэффициент повторения дескриптора с задержкой,,,,Operational
bufr4/3/10/077/25/008023,10,Последовательности вертикального зондирования,310077,Значимость времени = 4 Прогноз,,008023,Статистические данные первого порядка,,,,Operational
bufr4/3/10/077/26/020016,10,Последовательности вертикального зондирования,310077,Значимость времени = 4 Прогноз,,020016,Давление на верхней границе облаков,,,,Operational
bufr4/3/10/077/27/008092,10,Последовательности вертикального зондирования,310077,Значимость времени = 4 Прогноз,,008092,Выражение неопределенности измерения = 0 Стандартная неопределенность,,,,Operational
bufr4/3/10/077/28/008003,10,Последовательности вертикального зондирования,310077,Значимость времени = 4 Прогноз,,008003,Вертикальная значимость (спутниковые наблюдения) = 2 Верхняя граница облаков,,,,Operational
bufr4/3/10/077/29/012001,10,Последовательности вертикального зондирования,310077,Значимость времени = 4 Прогноз,,012001,Температура/Температура воздуха,,,,Operational
bufr4/3/10/077/30/008003,10,Последовательности вертикального зондирования,310077,Значимость времени = 4 Прогноз,,008003,Вертикальная значимость (спутниковые наблюдения) Установлено на отсутствующее значение (отмена),,,,Operational
bufr4/3/10/077/31/020016,10,Последовательности вертикального зондирования,310077,Значимость времени = 4 Прогноз,,020016,Давление на верхней границе облаков,,,,Operational
bufr4/3/10/077/32/008092,10,Последовательности вертикального зондирования,310077,Значимость времени = 4 Прогноз,,008092,Выражение неопределенности измерения Установлено на отсутствующее значение (отмена),,,,Operational
bufr4/3/10/077/33/025149,10,Последовательности вертикального зондирования,310077,Значимость времени = 4 Прогноз,,025149,Потери при оптимальной оценке,,,,Operational
bufr4/3/10/077/34/020016,10,Последовательности вертикального зондирования,310077,Значимость времени = 4 Прогноз,,020016,Давление на верхней границе облаков,,,,Operational
bufr4/3/10/077/35/020014,10,Последовательности вертикального зондирования,310077,Значимость времени = 4 Прогноз,,020014,Высота верхней границы облаков,,,,Operational
bufr4/3/10/077/36/013093,10,Последовательности вертикального зондирования,310077,Значимость времени = 4 Прогноз,,013093,Оптическая толщина облаков,,,,Operational
bufr4/3/10/077/37/013109,10,Последовательности вертикального зондирования,310077,Значимость времени = 4 Прогноз,,013109,Траектория ледяных кристаллов/жидкой воды,(продолж.),,,Operational
