Id,Category,CategoryOfSequences_ru,FXY1,Title_ru,SubTitle_ru,FXY2,ElementName_ru,ElementDescription_ru,Note_ru,noteIDs,Status
bufr4/3/12/001/1/301043,12,Последовательности сводок по одному уровню,312001,"Указатель спутника, метод расчета ветра, дата/время, местоположение",,301043,"Указатель спутника, метод расчета ветра, дата/время, местоположение",,,,Operational
bufr4/3/12/001/2/304001,12,Последовательности сводок по одному уровню,312001,"Указатель спутника, метод расчета ветра, дата/время, местоположение",,304001,"Давление на верхней границе облачности, температура, ветер",,,,Operational
bufr4/3/12/002/1/301043,12,Последовательности сводок по одному уровню,312002,"Указатель спутника, метод расчета ветра, дата/время, местоположение",,301043,"Указатель спутника, метод расчета ветра, дата/время, местоположение",,,,Operational
bufr4/3/12/002/2/304002,12,Последовательности сводок по одному уровню,312002,"Указатель спутника, метод расчета ветра, дата/время, местоположение",,304002,"Давление на верхней границе облачности, ветер",,,,Operational
bufr4/3/12/003/1/301042,12,Последовательности сводок по одному уровню,312003,"Указатель спутника, прибор, методика обработки данных, дата/время, местоположение",,301042,"Указатель спутника, прибор, методика обработки данных, дата/время, местоположение",,,,Operational
bufr4/3/12/003/2/304003,12,Последовательности сводок по одному уровню,312003,"Указатель спутника, прибор, методика обработки данных, дата/время, местоположение",,304003,Приземная температура,,,,Operational
bufr4/3/12/004/1/301042,12,Последовательности сводок по одному уровню,312004,"Указатель спутника, прибор, методика обработки данных, дата/время, местоположение",,301042,"Указатель спутника, прибор, методика обработки данных, дата/время, местоположение",,,,Operational
bufr4/3/12/004/2/304004,12,Последовательности сводок по одному уровню,312004,"Указатель спутника, прибор, методика обработки данных, дата/время, местоположение",,304004,"Давление на верхней границе облаков, облачный покров, температура",,,,Operational
bufr4/3/12/005/1/301042,12,Последовательности сводок по одному уровню,312005,"Указатель спутника, прибор, методика обработки данных, дата/время, местоположение",,301042,"Указатель спутника, прибор, методика обработки данных, дата/время, местоположение",,,,Operational
bufr4/3/12/005/2/020014,12,Последовательности сводок по одному уровню,312005,"Указатель спутника, прибор, методика обработки данных, дата/время, местоположение",,020014,Высота верхней границы облачности,,,,Operational
bufr4/3/12/006/1/301044,12,Последовательности сводок по одному уровню,312006,"Указатель спутника, метод расчета влажности, дата/ время, местоположение",,301044,"Указатель спутника, метод расчета влажности, дата/ время, местоположение",,,,Operational
bufr4/3/12/006/2/304005,12,Последовательности сводок по одному уровню,312006,"Указатель спутника, метод расчета влажности, дата/ время, местоположение",,304005,"Относительная влажность, средняя по слою",,,,Operational
bufr4/3/12/007/1/301042,12,Последовательности сводок по одному уровню,312007,"Указатель спутника, прибор, методика обработки данных, дата/время",,301042,"Указатель спутника, прибор, методика обработки данных, дата/время",,,,Operational
bufr4/3/12/007/2/304006,12,Последовательности сводок по одному уровню,312007,"Указатель спутника, прибор, методика обработки данных, дата/время",,304006,"Радиация (Орбитальная информация, часть I)",,,,Operational
bufr4/3/12/010/1/001007,12,Последовательности сводок по одному уровню,312010,Указатель спутника,,001007,Указатель спутника,,,,Operational
bufr4/3/12/010/2/005040,12,Последовательности сводок по одному уровню,312010,Указатель спутника,,005040,Номер орбиты,,,,Operational
bufr4/3/12/010/3/002021,12,Последовательности сводок по одному уровню,312010,Указатель спутника,,002021,"Данные о спутниковых приборах, используемые при обработке",,,,Operational
bufr4/3/12/010/4/005041,12,Последовательности сводок по одному уровню,312010,Указатель спутника,,005041,Номер строки сканирования,,,,Operational
bufr4/3/12/010/5/004001,12,Последовательности сводок по одному уровню,312010,Указатель спутника,,004001,Год,,,,Operational
bufr4/3/12/010/6/004043,12,Последовательности сводок по одному уровню,312010,Указатель спутника,,004043,"День года (Орбитальная информация, часть II)",,,,Operational
bufr4/3/12/011/1/202131,12,Последовательности сводок по одному уровню,312011,Изменить масштаб,,202131,Изменить масштаб,,,,Operational
bufr4/3/12/011/2/201149,12,Последовательности сводок по одному уровню,312011,Изменить масштаб,,201149,Изменить длину данных,,,,Operational
bufr4/3/12/011/3/004006,12,Последовательности сводок по одному уровню,312011,Изменить масштаб,,004006,Секунда,,,,Operational
bufr4/3/12/011/4/201000,12,Последовательности сводок по одному уровню,312011,Изменить масштаб,,201000,Изменить длину данных,,,,Operational
bufr4/3/12/011/5/202126,12,Последовательности сводок по одному уровню,312011,Изменить масштаб,,202126,Изменить масштаб,,,,Operational
bufr4/3/12/011/6/010002,12,Последовательности сводок по одному уровню,312011,Изменить масштаб,,010002,Высота,,,,Operational
bufr4/3/12/011/7/202000,12,Последовательности сводок по одному уровню,312011,Изменить масштаб,,202000,Изменить масштаб,,,,Operational
bufr4/3/12/011/8/005043,12,Последовательности сводок по одному уровню,312011,Изменить масштаб,,005043,Номер поля зрения,,,,Operational
bufr4/3/12/011/9/005053,12,Последовательности сводок по одному уровню,312011,Изменить масштаб,,005053,Приращение номера поля зрения (Яркостные температуры HIRS — каналы 1–19),,,,Operational
bufr4/3/12/012/1/202129,12,Последовательности сводок по одному уровню,312012,Изменить масштаб,,202129,Изменить масштаб,,,,Operational
bufr4/3/12/012/2/201132,12,Последовательности сводок по одному уровню,312012,Изменить масштаб,,201132,Изменить длину данных I.2 — Табл. D BUFR/12 — 1,(продолж.),,,Operational
bufr4/3/12/012/1/101019,12,Последовательности сводок по одному уровню,312012,Повторить 1 дескриптор 19 раз,,101019,Повторить 1 дескриптор 19 раз,,,,Operational
bufr4/3/12/012/2/012063,12,Последовательности сводок по одному уровню,312012,Повторить 1 дескриптор 19 раз,,012063,Яркостная температура,,,,Operational
bufr4/3/12/012/3/201000,12,Последовательности сводок по одному уровню,312012,Повторить 1 дескриптор 19 раз,,201000,Изменить длину данных,,,,Operational
bufr4/3/12/012/4/202000,12,Последовательности сводок по одному уровню,312012,Повторить 1 дескриптор 19 раз,,202000,Изменить масштаб (Яркостные температуры HIRS — канал 20),,,,Operational
bufr4/3/12/013/1/005042,12,Последовательности сводок по одному уровню,312013,Номер канала,,005042,Номер канала,,,,Operational
bufr4/3/12/013/2/202129,12,Последовательности сводок по одному уровню,312013,Номер канала,,202129,Изменить масштаб,,,,Operational
bufr4/3/12/013/3/201135,12,Последовательности сводок по одному уровню,312013,Номер канала,,201135,Изменить длину данных,,,,Operational
bufr4/3/12/013/4/012063,12,Последовательности сводок по одному уровню,312013,Номер канала,,012063,Яркостная температура,,,,Operational
bufr4/3/12/013/5/201000,12,Последовательности сводок по одному уровню,312013,Номер канала,,201000,Изменить длину данных,,,,Operational
bufr4/3/12/013/6/202000,12,Последовательности сводок по одному уровню,312013,Номер канала,,202000,Изменить масштаб (Спутниковые данные HIRS),,,,Operational
bufr4/3/12/014/1/312010,12,Последовательности сводок по одному уровню,312014,"Орбитальная информация, часть I",,312010,"Орбитальная информация, часть I",,,,Operational
bufr4/3/12/014/2/312011,12,Последовательности сводок по одному уровню,312014,"Орбитальная информация, часть I",,312011,"Орбитальная информация, часть II",,,,Operational
bufr4/3/12/014/3/105056,12,Последовательности сводок по одному уровню,312014,"Орбитальная информация, часть I",,105056,Повторить 5 дескрипторов 56 раз,,,,Operational
bufr4/3/12/014/4/301023,12,Последовательности сводок по одному уровню,312014,"Орбитальная информация, часть I",,301023,Широта/долгота (низкая точность),,,,Operational
bufr4/3/12/014/5/005042,12,Последовательности сводок по одному уровню,312014,"Орбитальная информация, часть I",,005042,Номер канала,,,,Operational
bufr4/3/12/014/6/005052,12,Последовательности сводок по одному уровню,312014,"Орбитальная информация, часть I",,005052,Приращение номера канала,,,,Operational
bufr4/3/12/014/7/312012,12,Последовательности сводок по одному уровню,312014,"Орбитальная информация, часть I",,312012,Яркостные температуры HIRS — каналы 1–19,,,,Operational
bufr4/3/12/014/8/312013,12,Последовательности сводок по одному уровню,312014,"Орбитальная информация, часть I",,312013,Яркостные температуры HIRS — канал 20 (Яркостные температуры MSU — каналы 1–4),,,,Operational
bufr4/3/12/015/1/109011,12,Последовательности сводок по одному уровню,312015,Повторить 9 дескрипторов 11 раз,,109011,Повторить 9 дескрипторов 11 раз,,,,Operational
bufr4/3/12/015/2/301023,12,Последовательности сводок по одному уровню,312015,Повторить 9 дескрипторов 11 раз,,301023,Широта/долгота (низкая точность),,,,Operational
bufr4/3/12/015/3/005042,12,Последовательности сводок по одному уровню,312015,Повторить 9 дескрипторов 11 раз,,005042,Номер канала,,,,Operational
bufr4/3/12/015/4/005052,12,Последовательности сводок по одному уровню,312015,Повторить 9 дескрипторов 11 раз,,005052,Приращение номера канала,,,,Operational
bufr4/3/12/015/5/202129,12,Последовательности сводок по одному уровню,312015,Повторить 9 дескрипторов 11 раз,,202129,Изменить масштаб,,,,Operational
bufr4/3/12/015/6/201132,12,Последовательности сводок по одному уровню,312015,Повторить 9 дескрипторов 11 раз,,201132,Изменить длину данных,,,,Operational
bufr4/3/12/015/7/101004,12,Последовательности сводок по одному уровню,312015,Повторить 9 дескрипторов 11 раз,,101004,Повторить 1 дескриптор 4 раза,,,,Operational
bufr4/3/12/015/8/012063,12,Последовательности сводок по одному уровню,312015,Повторить 9 дескрипторов 11 раз,,012063,Яркостная температура,,,,Operational
bufr4/3/12/015/9/202000,12,Последовательности сводок по одному уровню,312015,Повторить 9 дескрипторов 11 раз,,202000,Изменить масштаб,,,,Operational
bufr4/3/12/015/10/201000,12,Последовательности сводок по одному уровню,312015,Повторить 9 дескрипторов 11 раз,,201000,Изменить длину данных (Спутниковые данные MSU),,,,Operational
bufr4/3/12/016/1/312010,12,Последовательности сводок по одному уровню,312016,"Орбитальная информация, часть I",,312010,"Орбитальная информация, часть I",,,,Operational
bufr4/3/12/016/2/312011,12,Последовательности сводок по одному уровню,312016,"Орбитальная информация, часть I",,312011,"Орбитальная информация, часть II",,,,Operational
bufr4/3/12/016/3/312015,12,Последовательности сводок по одному уровню,312016,"Орбитальная информация, часть I",,312015,Яркостные температуры MSU — каналы 1–4 (Яркостные температуры SSU — каналы 1–3),,,,Operational
bufr4/3/12/017/1/109008,12,Последовательности сводок по одному уровню,312017,Повторить 9 дескрипторов 8 раз,,109008,Повторить 9 дескрипторов 8 раз,,,,Operational
bufr4/3/12/017/2/301023,12,Последовательности сводок по одному уровню,312017,Повторить 9 дескрипторов 8 раз,,301023,Широта/долгота (низкая точность),,,,Operational
bufr4/3/12/017/3/005042,12,Последовательности сводок по одному уровню,312017,Повторить 9 дескрипторов 8 раз,,005042,Номер канала,,,,Operational
bufr4/3/12/017/4/005052,12,Последовательности сводок по одному уровню,312017,Повторить 9 дескрипторов 8 раз,,005052,Приращение номера канала,,,,Operational
bufr4/3/12/017/5/202129,12,Последовательности сводок по одному уровню,312017,Повторить 9 дескрипторов 8 раз,,202129,Изменить масштаб,,,,Operational
bufr4/3/12/017/6/201132,12,Последовательности сводок по одному уровню,312017,Повторить 9 дескрипторов 8 раз,,201132,Изменить длину данных,,,,Operational
bufr4/3/12/017/7/101003,12,Последовательности сводок по одному уровню,312017,Повторить 9 дескрипторов 8 раз,,101003,Повторить 1 дескриптор 3 раза,,,,Operational
bufr4/3/12/017/8/012063,12,Последовательности сводок по одному уровню,312017,Повторить 9 дескрипторов 8 раз,,012063,Яркостная температура,,,,Operational
bufr4/3/12/017/9/202000,12,Последовательности сводок по одному уровню,312017,Повторить 9 дескрипторов 8 раз,,202000,Изменить масштаб,,,,Operational
bufr4/3/12/017/10/201000,12,Последовательности сводок по одному уровню,312017,Повторить 9 дескрипторов 8 раз,,201000,Изменить длину данных (Спутниковые данные SSU),,,,Operational
bufr4/3/12/018/1/312010,12,Последовательности сводок по одному уровню,312018,"Орбитальная информация, часть I",,312010,"Орбитальная информация, часть I",,,,Operational
bufr4/3/12/018/2/312011,12,Последовательности сводок по одному уровню,312018,"Орбитальная информация, часть I",,312011,"Орбитальная информация, часть II",,,,Operational
bufr4/3/12/018/3/312017,12,Последовательности сводок по одному уровню,312018,"Орбитальная информация, часть I",,312017,Яркостные температуры SSU — каналы 1–3,(продолж.),,,Operational
bufr4/3/12/019/1/301048,12,Последовательности сводок по одному уровню,312019,Заголовок продукции спутника ERS,,301048,Параметры радиолокатора,,,,Operational
bufr4/3/12/019/2/015015,12,Последовательности сводок по одному уровню,312019,Заголовок продукции спутника ERS,,015015,Максимальный спектральный компонент изображения до нормализации,,,,Operational
bufr4/3/12/019/3/029002,12,Последовательности сводок по одному уровню,312019,Заголовок продукции спутника ERS,,029002,Тип сетки координат,,,,Operational
bufr4/3/12/019/4/021076,12,Последовательности сводок по одному уровню,312019,Заголовок продукции спутника ERS,,021076,Представление интенсивностей,,,,Operational
bufr4/3/12/019/5/106012,12,Последовательности сводок по одному уровню,312019,Заголовок продукции спутника ERS,,106012,Повторить 6 дескрипторов 12 раз,,,,Operational
bufr4/3/12/019/6/201129,12,Последовательности сводок по одному уровню,312019,Заголовок продукции спутника ERS,,201129,Изменить длину данных Длина 14 битов,,,,Operational
bufr4/3/12/019/7/006030,12,Последовательности сводок по одному уровню,312019,Заголовок продукции спутника ERS,,006030,Волновое число (спектральное),,,,Operational
bufr4/3/12/019/8/201000,12,Последовательности сводок по одному уровню,312019,Заголовок продукции спутника ERS,,201000,Изменить длину данных Отмена,,,,Operational
bufr4/3/12/019/9/102012,12,Последовательности сводок по одному уровню,312019,Заголовок продукции спутника ERS,,102012,Повторить 2 дескриптора 12 раз,,,,Operational
bufr4/3/12/019/10/005030,12,Последовательности сводок по одному уровню,312019,Заголовок продукции спутника ERS,,005030,Направление (спектральное),,,,Operational
bufr4/3/12/019/11/021075,12,Последовательности сводок по одному уровню,312019,Заголовок продукции спутника ERS,,021075,Интенсивность спектра изображения,,,,Operational
bufr4/3/12/019/12/021066,12,Последовательности сводок по одному уровню,312019,Заголовок продукции спутника ERS,,021066,Данные о достоверности продукции волнового рефлектометра (Продукция волнового рефлектомера),,,,Operational
bufr4/3/12/020/1/301047,12,Последовательности сводок по одному уровню,312020,Заголовок продукции спутника ERS,,301047,Заголовок продукции спутника ERS,,,,Operational
bufr4/3/12/020/2/301048,12,Последовательности сводок по одному уровню,312020,Заголовок продукции спутника ERS,,301048,Параметры радиолокатора,,,,Operational
bufr4/3/12/020/3/015015,12,Последовательности сводок по одному уровню,312020,Заголовок продукции спутника ERS,,015015,Максимальный спектральный компонент изображения до нормализации,,,,Operational
bufr4/3/12/020/4/029002,12,Последовательности сводок по одному уровню,312020,Заголовок продукции спутника ERS,,029002,Тип сетки координат,,,,Operational
bufr4/3/12/020/5/021076,12,Последовательности сводок по одному уровню,312020,Заголовок продукции спутника ERS,,021076,Представление интенсивностей,,,,Operational
bufr4/3/12/020/6/104012,12,Последовательности сводок по одному уровню,312020,Заголовок продукции спутника ERS,,104012,Повторить 4 дескриптора 12 раз,,,,Operational
bufr4/3/12/020/7/006030,12,Последовательности сводок по одному уровню,312020,Заголовок продукции спутника ERS,,006030,Волновое число (спектральное),,,,Operational
bufr4/3/12/020/8/102012,12,Последовательности сводок по одному уровню,312020,Заголовок продукции спутника ERS,,102012,Повторить 2 дескриптора 12 раз,,,,Operational
bufr4/3/12/020/9/005030,12,Последовательности сводок по одному уровню,312020,Заголовок продукции спутника ERS,,005030,Направление (спектральное),,,,Operational
bufr4/3/12/020/10/021075,12,Последовательности сводок по одному уровню,312020,Заголовок продукции спутника ERS,,021075,Интенсивность спектра изображения,,,,Operational
bufr4/3/12/020/11/021066,12,Последовательности сводок по одному уровню,312020,Заголовок продукции спутника ERS,,021066,Данные о достоверности продукции волнового рефлектометра (Продукция ветряного рефлектометра),,,,Operational
bufr4/3/12/021/1/301047,12,Последовательности сводок по одному уровню,312021,Заголовок продукции спутника ERS,,301047,Заголовок продукции спутника ERS,,,,Operational
bufr4/3/12/021/2/101003,12,Последовательности сводок по одному уровню,312021,Заголовок продукции спутника ERS,,101003,Повторить 1 дескриптор 3 раза,,,,Operational
bufr4/3/12/021/3/301049,12,Последовательности сводок по одному уровню,312021,Заголовок продукции спутника ERS,,301049,Данные луча радиолокатора,,,,Operational
bufr4/3/12/021/4/011012,12,Последовательности сводок по одному уровню,312021,Заголовок продукции спутника ERS,,011012,Скорость ветра на высоте 10 м,,,,Operational
bufr4/3/12/021/5/011011,12,Последовательности сводок по одному уровню,312021,Заголовок продукции спутника ERS,,011011,Направление ветра на высоте 10 м,,,,Operational
bufr4/3/12/021/6/021067,12,Последовательности сводок по одному уровню,312021,Заголовок продукции спутника ERS,,021067,Данные о достоверности продукции о ветре (Продукция радиолокационного альтиметра),,,,Operational
bufr4/3/12/022/1/301047,12,Последовательности сводок по одному уровню,312022,Заголовок продукции спутника ERS,,301047,Заголовок продукции спутника ERS,,,,Operational
bufr4/3/12/022/2/008022,12,Последовательности сводок по одному уровню,312022,Заголовок продукции спутника ERS,,008022,Общее число (для суммы или среднего значения) Число для средней,,,,Operational
bufr4/3/12/022/3/011012,12,Последовательности сводок по одному уровню,312022,Заголовок продукции спутника ERS,,011012,Скорость ветра на высоте 10 м,,,,Operational
bufr4/3/12/022/4/011050,12,Последовательности сводок по одному уровню,312022,Заголовок продукции спутника ERS,,011050,Стандартное отклонение горизонтальной скорости ветра,,,,Operational
bufr4/3/12/022/5/022070,12,Последовательности сводок по одному уровню,312022,Заголовок продукции спутника ERS,,022070,Высота значительной волны,,,,Operational
bufr4/3/12/022/6/022026,12,Последовательности сводок по одному уровню,312022,Заголовок продукции спутника ERS,,022026,Стандартное отклонение высоты значительной волны,,,,Operational
bufr4/3/12/022/7/312041,12,Последовательности сводок по одному уровню,312022,Заголовок продукции спутника ERS,,312041,Высота над уровнем моря,,,,Operational
bufr4/3/12/022/8/010050,12,Последовательности сводок по одному уровню,312022,Заголовок продукции спутника ERS,,010050,Стандартное отклонение высоты,,,,Operational
bufr4/3/12/022/9/021068,12,Последовательности сводок по одному уровню,312022,Заголовок продукции спутника ERS,,021068,Данные о достоверности продукции радиолокационного альтиметра,,,,Operational
bufr4/3/12/022/10/021071,12,Последовательности сводок по одному уровню,312022,Заголовок продукции спутника ERS,,021071,Максимальные значения,,,,Operational
bufr4/3/12/022/11/021072,12,Последовательности сводок по одному уровню,312022,Заголовок продукции спутника ERS,,021072,Статус калибровки альтиметра на спутнике I.2 — Табл. D BUFR/12 — 3,(продолж.),,,Operational
bufr4/3/12/022/1/021073,12,Последовательности сводок по одному уровню,312022,Режим спутникового альтиметра,,021073,Режим спутникового альтиметра,,,,Operational
bufr4/3/12/022/2/312042,12,Последовательности сводок по одному уровню,312022,Режим спутникового альтиметра,,312042,Коррекция высоты,,,,Operational
bufr4/3/12/022/3/021062,12,Последовательности сводок по одному уровню,312022,Режим спутникового альтиметра,,021062,Обратное рассеяние,,,,Operational
bufr4/3/12/022/4/015011,12,Последовательности сводок по одному уровню,312022,Режим спутникового альтиметра,,015011,"суммарной плотности электрона Log 10 (Продукция ATSR, касающаяся температуры поверхности моря)",,,,Operational
bufr4/3/12/023/1/301047,12,Последовательности сводок по одному уровню,312023,Заголовок продукции спутника ERS,,301047,Заголовок продукции спутника ERS,,,,Operational
bufr4/3/12/023/2/103003,12,Последовательности сводок по одному уровню,312023,Заголовок продукции спутника ERS,,103003,Повторить 3 дескриптора 3 раза,,,,Operational
bufr4/3/12/023/3/008022,12,Последовательности сводок по одному уровню,312023,Заголовок продукции спутника ERS,,008022,Общее число (для суммы или среднего значения) Число для средней,,,,Operational
bufr4/3/12/023/4/012061,12,Последовательности сводок по одному уровню,312023,Заголовок продукции спутника ERS,,012061,Температура поверхностного слоя,,,,Operational
bufr4/3/12/023/5/022050,12,Последовательности сводок по одному уровню,312023,Заголовок продукции спутника ERS,,022050,Стандартное отклонение температуры поверхности моря,,,,Operational
bufr4/3/12/023/6/021069,12,Последовательности сводок по одному уровню,312023,Заголовок продукции спутника ERS,,021069,Данные о достоверности продукции ТПМ,,,,Operational
bufr4/3/12/023/7/021085,12,Последовательности сводок по одному уровню,312023,Заголовок продукции спутника ERS,,021085,Число диапазонов сканирования температуры поверхности моря поперек трассы ATSR (Продукция волнового рефлектометра — расширенный формат),,,,Operational
bufr4/3/12/024/1/312020,12,Последовательности сводок по одному уровню,312024,Продукция волнового рефлектометра,,312020,Продукция волнового рефлектометра,,,,Operational
bufr4/3/12/024/2/008060,12,Последовательности сводок по одному уровню,312024,Продукция волнового рефлектометра,,008060,Значимость режима сканирования выборки Дальность,,,,Operational
bufr4/3/12/024/3/008022,12,Последовательности сводок по одному уровню,312024,Продукция волнового рефлектометра,,008022,Общее число (для суммы или среднего значения) Число в выборке,,,,Operational
bufr4/3/12/024/4/008060,12,Последовательности сводок по одному уровню,312024,Продукция волнового рефлектометра,,008060,Значимость режима сканирования выборки Горизонтальная,,,,Operational
bufr4/3/12/024/5/008022,12,Последовательности сводок по одному уровню,312024,Продукция волнового рефлектометра,,008022,Общее число (для суммы или среднего значения) Число в выборке,,,,Operational
bufr4/3/12/024/6/025014,12,Последовательности сводок по одному уровню,312024,Продукция волнового рефлектометра,,025014,Отсечение за счет пассивных помех по азимуту,,,,Operational
bufr4/3/12/024/7/022101,12,Последовательности сводок по одному уровню,312024,Продукция волнового рефлектометра,,022101,Общая энергия при низких волновых числах (длина волны > 731 м),,,,Operational
bufr4/3/12/024/8/022097,12,Последовательности сводок по одному уровню,312024,Продукция волнового рефлектометра,,022097,Длина средней волны спектра изображения при низких волновых числах (длина волны > 731 м),,,,Operational
bufr4/3/12/024/9/022098,12,Последовательности сводок по одному уровню,312024,Продукция волнового рефлектометра,,022098,Распространение длины волны при низких волновых числах (длина волны > 731 м),,,,Operational
bufr4/3/12/024/10/022099,12,Последовательности сводок по одному уровню,312024,Продукция волнового рефлектометра,,022099,Среднее направление при низких волновых числах (длина волны > 731 м),,,,Operational
bufr4/3/12/024/11/022100,12,Последовательности сводок по одному уровню,312024,Продукция волнового рефлектометра,,022100,Направление распространения при низких волновых числах (длина волны > 731 м) (Продукция волнового рефлектометра — расширенный формат с изменением для определения волнового числа (спектрального)),,,,Operational
bufr4/3/12/025/1/312019,12,Последовательности сводок по одному уровню,312025,Продукция волнового рефлектометра с изменением длины для определения волнового числа (спектрального),,312019,Продукция волнового рефлектометра с изменением длины для определения волнового числа (спектрального),,,,Operational
bufr4/3/12/025/2/008060,12,Последовательности сводок по одному уровню,312025,Продукция волнового рефлектометра с изменением длины для определения волнового числа (спектрального),,008060,Значимость режима сканирования выборки Дальность,,,,Operational
bufr4/3/12/025/3/008022,12,Последовательности сводок по одному уровню,312025,Продукция волнового рефлектометра с изменением длины для определения волнового числа (спектрального),,008022,Общее число (для суммы или среднего значения) Число в выборке,,,,Operational
bufr4/3/12/025/4/008060,12,Последовательности сводок по одному уровню,312025,Продукция волнового рефлектометра с изменением длины для определения волнового числа (спектрального),,008060,Значимость режима сканирования выборки Горизонтальная,,,,Operational
bufr4/3/12/025/5/008022,12,Последовательности сводок по одному уровню,312025,Продукция волнового рефлектометра с изменением длины для определения волнового числа (спектрального),,008022,Общее число (для суммы или среднего значения) Число в выборке,,,,Operational
bufr4/3/12/025/6/025014,12,Последовательности сводок по одному уровню,312025,Продукция волнового рефлектометра с изменением длины для определения волнового числа (спектрального),,025014,Отсечение за счет пассивных помех по азимуту,,,,Operational
bufr4/3/12/025/7/022101,12,Последовательности сводок по одному уровню,312025,Продукция волнового рефлектометра с изменением длины для определения волнового числа (спектрального),,022101,Общая энергия при низких волновых числах (длина волны > 731 м),,,,Operational
bufr4/3/12/025/8/022097,12,Последовательности сводок по одному уровню,312025,Продукция волнового рефлектометра с изменением длины для определения волнового числа (спектрального),,022097,Длина средней волны спектра изображения при низких волновых числах (длина волны > 731 м),,,,Operational
bufr4/3/12/025/9/022098,12,Последовательности сводок по одному уровню,312025,Продукция волнового рефлектометра с изменением длины для определения волнового числа (спектрального),,022098,Распространение длины волны при низких волновых числах (длина волны > 731 м),,,,Operational
bufr4/3/12/025/10/022099,12,Последовательности сводок по одному уровню,312025,Продукция волнового рефлектометра с изменением длины для определения волнового числа (спектрального),,022099,Среднее направление при низких волновых числах (длина волны > 731 м),,,,Operational
bufr4/3/12/025/11/022100,12,Последовательности сводок по одному уровню,312025,Продукция волнового рефлектометра с изменением длины для определения волнового числа (спектрального),,022100,Направление распространения при низких волновых числах (длина волны > 731 м),(продолж.),,,Operational
bufr4/3/12/026/1/301046,12,Последовательности сводок по одному уровню,312026,"Указатель спутника, направление движения, датчик, функция модели, программное обеспечение, разрешение",,301046,"Указатель спутника, направление движения, датчик, функция модели, программное обеспечение, разрешение",,,,Operational
bufr4/3/12/026/2/301011,12,Последовательности сводок по одному уровню,312026,"Указатель спутника, направление движения, датчик, функция модели, программное обеспечение, разрешение",,301011,"Год, месяц, день",,,,Operational
bufr4/3/12/026/3/301013,12,Последовательности сводок по одному уровню,312026,"Указатель спутника, направление движения, датчик, функция модели, программное обеспечение, разрешение",,301013,"Час, минута, секунда",,,,Operational
bufr4/3/12/026/4/301023,12,Последовательности сводок по одному уровню,312026,"Указатель спутника, направление движения, датчик, функция модели, программное обеспечение, разрешение",,301023,Широта/долгота (низкая точность),,,,Operational
bufr4/3/12/026/5/312031,12,Последовательности сводок по одному уровню,312026,"Указатель спутника, направление движения, датчик, функция модели, программное обеспечение, разрешение",,312031,Значения ветра по SEAWINDS,,,,Operational
bufr4/3/12/026/6/101004,12,Последовательности сводок по одному уровню,312026,"Указатель спутника, направление движения, датчик, функция модели, программное обеспечение, разрешение",,101004,Повторить 1 дескриптор 4 раза,,,,Operational
bufr4/3/12/026/7/312030,12,Последовательности сводок по одному уровню,312026,"Указатель спутника, направление движения, датчик, функция модели, программное обеспечение, разрешение",,312030,"Ветер, формальная погрешность, вероятность",,,,Operational
bufr4/3/12/026/8/021110,12,Последовательности сводок по одному уровню,312026,"Указатель спутника, направление движения, датчик, функция модели, программное обеспечение, разрешение",,021110,Номер параметра сигма-0 внутреннего луча (впереди по ходу спутника),,,,Operational
bufr4/3/12/026/9/301023,12,Последовательности сводок по одному уровню,312026,"Указатель спутника, направление движения, датчик, функция модели, программное обеспечение, разрешение",,301023,Широта/долгота (низкая точность),,,,Operational
bufr4/3/12/026/10/321027,12,Последовательности сводок по одному уровню,312026,"Указатель спутника, направление движения, датчик, функция модели, программное обеспечение, разрешение",,321027,"Спецификация радиолокатора, нормированное радиолокационное поперечное сечение, коэффициент дисперсии Kp",,,,Operational
bufr4/3/12/026/11/021111,12,Последовательности сводок по одному уровню,312026,"Указатель спутника, направление движения, датчик, функция модели, программное обеспечение, разрешение",,021111,Номер параметра сигма-0 внешнего луча (впереди по ходу спутника),,,,Operational
bufr4/3/12/026/12/301023,12,Последовательности сводок по одному уровню,312026,"Указатель спутника, направление движения, датчик, функция модели, программное обеспечение, разрешение",,301023,Широта/долгота (низкая точность),,,,Operational
bufr4/3/12/026/13/321027,12,Последовательности сводок по одному уровню,312026,"Указатель спутника, направление движения, датчик, функция модели, программное обеспечение, разрешение",,321027,"Спецификация радиолокатора, нормированное радиолокационное поперечное сечение, коэффициент дисперсии Kp",,,,Operational
bufr4/3/12/026/14/021112,12,Последовательности сводок по одному уровню,312026,"Указатель спутника, направление движения, датчик, функция модели, программное обеспечение, разрешение",,021112,Номер параметра сигма-0 внутреннего луча (сзади по ходу спутника),,,,Operational
bufr4/3/12/026/15/301023,12,Последовательности сводок по одному уровню,312026,"Указатель спутника, направление движения, датчик, функция модели, программное обеспечение, разрешение",,301023,Широта/долгота (низкая точность),,,,Operational
bufr4/3/12/026/16/321027,12,Последовательности сводок по одному уровню,312026,"Указатель спутника, направление движения, датчик, функция модели, программное обеспечение, разрешение",,321027,"Спецификация радиолокатора, нормированное радиолокационное поперечное сечение, коэффициент дисперсии Kp",,,,Operational
bufr4/3/12/026/17/021113,12,Последовательности сводок по одному уровню,312026,"Указатель спутника, направление движения, датчик, функция модели, программное обеспечение, разрешение",,021113,Номер параметра сигма-0 внешнего луча (сзади по ходу спутника),,,,Operational
bufr4/3/12/026/18/301023,12,Последовательности сводок по одному уровню,312026,"Указатель спутника, направление движения, датчик, функция модели, программное обеспечение, разрешение",,301023,Широта/долгота (низкая точность),,,,Operational
bufr4/3/12/026/19/321027,12,Последовательности сводок по одному уровню,312026,"Указатель спутника, направление движения, датчик, функция модели, программное обеспечение, разрешение",,321027,"Спецификация радиолокатора, нормированное радиолокационное поперечное сечение, коэффициент дисперсии Kp (Продукция по ТПМ ATSR (SADIST-2))",,,,Operational
bufr4/3/12/027/1/301047,12,Последовательности сводок по одному уровню,312027,Заголовок продукции спутника ERS,,301047,Заголовок продукции спутника ERS,,,,Operational
bufr4/3/12/027/2/105009,12,Последовательности сводок по одному уровню,312027,Заголовок продукции спутника ERS,,105009,Повторить 5 дескрипторов 9 раз,,,,Operational
bufr4/3/12/027/3/301023,12,Последовательности сводок по одному уровню,312027,Заголовок продукции спутника ERS,,301023,Широта/долгота (низкая точность) Ячейка размером 10 угловых минут,,,,Operational
bufr4/3/12/027/4/007021,12,Последовательности сводок по одному уровню,312027,Заголовок продукции спутника ERS,,007021,Надирное изобраВозвышение жение по углу наклона | Установлено на нуль,,,,Operational
bufr4/3/12/027/5/012061,12,Последовательности сводок по одному уровню,312027,Заголовок продукции спутника ERS,,012061,Температура поверхностного слоя ТПМ (только для надирного изображения),,,,Operational
bufr4/3/12/027/6/007021,12,Последовательности сводок по одному уровню,312027,Заголовок продукции спутника ERS,,007021,Двойное изобраВозвышение жение по углу наклона | Установлено на отсутствующее значение,,,,Operational
bufr4/3/12/027/7/012061,12,Последовательности сводок по одному уровню,312027,Заголовок продукции спутника ERS,,012061,Температура поверхностного слоя ТПМ (двойное изображение),,,,Operational
bufr4/3/12/027/8/021085,12,Последовательности сводок по одному уровню,312027,Заголовок продукции спутника ERS,,021085,Число диапазонов сканирования температуры 0–9 поверхности моря поперек трассы ATSR,,,,Operational
bufr4/3/12/027/9/021070,12,Последовательности сводок по одному уровню,312027,Заголовок продукции спутника ERS,,021070,Данные о достоверности продукции по ТПМ (SADIST-2) Флаг 23 бита I.2 – Табл. D BUFR/12 — 5,(продолж.),,,Operational
bufr4/3/12/028/1/301046,12,Последовательности сводок по одному уровню,312028,"Указатель спутника, направление движения, датчик, функция модели, программное обеспечение, разрешение",,301046,"Указатель спутника, направление движения, датчик, функция модели, программное обеспечение, разрешение",,,,Operational
bufr4/3/12/028/2/301011,12,Последовательности сводок по одному уровню,312028,"Указатель спутника, направление движения, датчик, функция модели, программное обеспечение, разрешение",,301011,"Год, месяц, день",,,,Operational
bufr4/3/12/028/3/301013,12,Последовательности сводок по одному уровню,312028,"Указатель спутника, направление движения, датчик, функция модели, программное обеспечение, разрешение",,301013,"Час, минута, секунда",,,,Operational
bufr4/3/12/028/4/301023,12,Последовательности сводок по одному уровню,312028,"Указатель спутника, направление движения, датчик, функция модели, программное обеспечение, разрешение",,301023,Широта/долгота (низкая точность),,,,Operational
bufr4/3/12/028/5/008025,12,Последовательности сводок по одному уровню,312028,"Указатель спутника, направление движения, датчик, функция модели, программное обеспечение, разрешение",,008025,Описатель разницы во времени,,,,Operational
bufr4/3/12/028/6/201136,12,Последовательности сводок по одному уровню,312028,"Указатель спутника, направление движения, датчик, функция модели, программное обеспечение, разрешение",,201136,Изменить длину данных,,,,Operational
bufr4/3/12/028/7/004006,12,Последовательности сводок по одному уровню,312028,"Указатель спутника, направление движения, датчик, функция модели, программное обеспечение, разрешение",,004006,Секунда,,,,Operational
bufr4/3/12/028/8/201000,12,Последовательности сводок по одному уровню,312028,"Указатель спутника, направление движения, датчик, функция модели, программное обеспечение, разрешение",,201000,Изменить длину данных Отмена,,,,Operational
bufr4/3/12/028/9/312031,12,Последовательности сводок по одному уровню,312028,"Указатель спутника, направление движения, датчик, функция модели, программное обеспечение, разрешение",,312031,Значения ветра по SEAWINDS,,,,Operational
bufr4/3/12/028/10/312032,12,Последовательности сводок по одному уровню,312028,"Указатель спутника, направление движения, датчик, функция модели, программное обеспечение, разрешение",,312032,Осадки по SEAWINDS,,,,Operational
bufr4/3/12/028/11/101004,12,Последовательности сводок по одному уровню,312028,"Указатель спутника, направление движения, датчик, функция модели, программное обеспечение, разрешение",,101004,Повторить 1 дескриптор 4 раза,,,,Operational
bufr4/3/12/028/12/312030,12,Последовательности сводок по одному уровню,312028,"Указатель спутника, направление движения, датчик, функция модели, программное обеспечение, разрешение",,312030,"Ветер, формальная погрешность, вероятность",,,,Operational
bufr4/3/12/028/13/101002,12,Последовательности сводок по одному уровню,312028,"Указатель спутника, направление движения, датчик, функция модели, программное обеспечение, разрешение",,101002,Повторить 1 дескриптор 2 раза,,,,Operational
bufr4/3/12/028/14/312033,12,Последовательности сводок по одному уровню,312028,"Указатель спутника, направление движения, датчик, функция модели, программное обеспечение, разрешение",,312033,"Поляризация антенны, яркостная температура",,,,Operational
bufr4/3/12/028/15/021110,12,Последовательности сводок по одному уровню,312028,"Указатель спутника, направление движения, датчик, функция модели, программное обеспечение, разрешение",,021110,Номер параметра сигмы-0 внутреннего луча (впереди по ходу спутника),,,,Operational
bufr4/3/12/028/16/301023,12,Последовательности сводок по одному уровню,312028,"Указатель спутника, направление движения, датчик, функция модели, программное обеспечение, разрешение",,301023,Широта/долгота (низкая точность),,,,Operational
bufr4/3/12/028/17/321028,12,Последовательности сводок по одному уровню,312028,"Указатель спутника, направление движения, датчик, функция модели, программное обеспечение, разрешение",,321028,"Спецификация радиолокатора, нормализованный радиолокационный разрез SEAWINDS, коэффициент дисперсии Kp",,,,Operational
bufr4/3/12/028/18/021111,12,Последовательности сводок по одному уровню,312028,"Указатель спутника, направление движения, датчик, функция модели, программное обеспечение, разрешение",,021111,Номер параметра сигмы-0 внешнего луча (впереди по ходу спутника),,,,Operational
bufr4/3/12/028/19/301023,12,Последовательности сводок по одному уровню,312028,"Указатель спутника, направление движения, датчик, функция модели, программное обеспечение, разрешение",,301023,Широта/долгота (низкая точность),,,,Operational
bufr4/3/12/028/20/321028,12,Последовательности сводок по одному уровню,312028,"Указатель спутника, направление движения, датчик, функция модели, программное обеспечение, разрешение",,321028,"Спецификация радиолокатора, нормализованный радиолокационный разрез SEAWINDS, коэффициент дисперсии Kp",,,,Operational
bufr4/3/12/028/21/021112,12,Последовательности сводок по одному уровню,312028,"Указатель спутника, направление движения, датчик, функция модели, программное обеспечение, разрешение",,021112,Номер параметра сигмы-0 внутреннего луча (сзади по ходу спутника),,,,Operational
bufr4/3/12/028/22/301023,12,Последовательности сводок по одному уровню,312028,"Указатель спутника, направление движения, датчик, функция модели, программное обеспечение, разрешение",,301023,Широта/долгота (низкая точность),,,,Operational
bufr4/3/12/028/23/321028,12,Последовательности сводок по одному уровню,312028,"Указатель спутника, направление движения, датчик, функция модели, программное обеспечение, разрешение",,321028,"Спецификация радиолокатора, нормализованный радиолокационный разрез SEAWINDS, коэффициент дисперсии Kp",,,,Operational
bufr4/3/12/028/24/021113,12,Последовательности сводок по одному уровню,312028,"Указатель спутника, направление движения, датчик, функция модели, программное обеспечение, разрешение",,021113,Номер параметра сигмы-0 внешнего луча (сзади по ходу спутника),,,,Operational
bufr4/3/12/028/25/301023,12,Последовательности сводок по одному уровню,312028,"Указатель спутника, направление движения, датчик, функция модели, программное обеспечение, разрешение",,301023,Широта/долгота (низкая точность),,,,Operational
bufr4/3/12/028/26/321028,12,Последовательности сводок по одному уровню,312028,"Указатель спутника, направление движения, датчик, функция модели, программное обеспечение, разрешение",,321028,"Спецификация радиолокатора, нормализованный радиолокационный разрез SEAWINDS, коэффициент дисперсии Kp (Ветер, формальная погрешность, вероятность)",,,,Operational
bufr4/3/12/030/1/201130,12,Последовательности сводок по одному уровню,312030,Изменить длину данных,,201130,Изменить длину данных,,,,Operational
bufr4/3/12/030/2/202129,12,Последовательности сводок по одному уровню,312030,Изменить длину данных,,202129,Изменить масштаб,,,,Operational
bufr4/3/12/030/3/011012,12,Последовательности сводок по одному уровню,312030,Изменить длину данных,,011012,Скорость ветра на высоте 10 м,,,,Operational
bufr4/3/12/030/4/202000,12,Последовательности сводок по одному уровню,312030,Изменить длину данных,,202000,Изменить масштаб Отмена,,,,Operational
bufr4/3/12/030/5/201000,12,Последовательности сводок по одному уровню,312030,Изменить длину данных,,201000,Изменить длину данных Отмена,,,,Operational
bufr4/3/12/030/6/011052,12,Последовательности сводок по одному уровню,312030,Изменить длину данных,,011052,Формальная погрешность в скорости ветра,,,,Operational
bufr4/3/12/030/7/201135,12,Последовательности сводок по одному уровню,312030,Изменить длину данных,,201135,Изменить длину данных,,,,Operational
bufr4/3/12/030/8/202130,12,Последовательности сводок по одному уровню,312030,Изменить длину данных,,202130,Изменить масштаб,,,,Operational
bufr4/3/12/030/9/011011,12,Последовательности сводок по одному уровню,312030,Изменить длину данных,,011011,Направление ветра на высоте 10 м,,,,Operational
bufr4/3/12/030/10/202000,12,Последовательности сводок по одному уровню,312030,Изменить длину данных,,202000,Изменить масштаб Отмена,,,,Operational
bufr4/3/12/030/11/201000,12,Последовательности сводок по одному уровню,312030,Изменить длину данных,,201000,Изменить длину данных Отмена,,,,Operational
bufr4/3/12/030/12/011053,12,Последовательности сводок по одному уровню,312030,Изменить длину данных,,011053,Формальная погрешность в скорости ветра,,,,Operational
bufr4/3/12/030/13/021104,12,Последовательности сводок по одному уровню,312030,Изменить длину данных,,021104,"Правдоподобие, вычисленное для решения",(продолж.),,,Operational
bufr4/3/12/031/1/005034,12,Последовательности сводок по одному уровню,312031,Номер ряда вдоль траектории,,005034,Номер ряда вдоль траектории,,,,Operational
bufr4/3/12/031/2/006034,12,Последовательности сводок по одному уровню,312031,Номер ряда вдоль траектории,,006034,Номер ячейки поперек траектории,,,,Operational
bufr4/3/12/031/3/021109,12,Последовательности сводок по одному уровню,312031,Номер ряда вдоль траектории,,021109,Качество ячейки векторов ветра по измерениям SEAWINDS,,,,Operational
bufr4/3/12/031/4/011081,12,Последовательности сводок по одному уровню,312031,Номер ряда вдоль траектории,,011081,"Направление ветра на высоте 10 м, полученное по модели",,,,Operational
bufr4/3/12/031/5/011082,12,Последовательности сводок по одному уровню,312031,Номер ряда вдоль траектории,,011082,"Скорость ветра на высоте 10 м, полученная по модели",,,,Operational
bufr4/3/12/031/6/021101,12,Последовательности сводок по одному уровню,312031,Номер ряда вдоль траектории,,021101,Число неопределенностей вектора,,,,Operational
bufr4/3/12/031/7/021102,12,Последовательности сводок по одному уровню,312031,Номер ряда вдоль траектории,,021102,Индекс выборочного вектора ветра,,,,Operational
bufr4/3/12/031/8/021103,12,Последовательности сводок по одному уровню,312031,Номер ряда вдоль траектории,,021103,Общее число измерений параметра сигма-0 (Осадки по SEAWINDS),,,,Operational
bufr4/3/12/032/1/021120,12,Последовательности сводок по одному уровню,312032,Вероятность дождя,,021120,Вероятность дождя,,,,Operational
bufr4/3/12/032/2/021121,12,Последовательности сводок по одному уровню,312032,Вероятность дождя,,021121,Индекс дождя по нормализованной объективной функции (NOF) SEAWINDS,,,,Operational
bufr4/3/12/032/3/013055,12,Последовательности сводок по одному уровню,312032,Вероятность дождя,,013055,Интенсивность осадков,,,,Operational
bufr4/3/12/032/4/021122,12,Последовательности сводок по одному уровню,312032,Вероятность дождя,,021122,"Корректировка ослабления по сигме-0 (из tB) (Поляризация антенны, яркостная температура)",,,,Operational
bufr4/3/12/033/1/002104,12,Последовательности сводок по одному уровню,312033,Поляризация антенны,,002104,Поляризация антенны,,,,Operational
bufr4/3/12/033/2/008022,12,Последовательности сводок по одному уровню,312033,Поляризация антенны,,008022,Общее число (для суммы или среднего значения),,,,Operational
bufr4/3/12/033/3/012063,12,Последовательности сводок по одному уровню,312033,Поляризация антенны,,012063,Яркостная температура,,,,Operational
bufr4/3/12/033/4/012065,12,Последовательности сводок по одному уровню,312033,Поляризация антенны,,012065,Стандартное отклонение яркостной температуры (Высота),,,,Operational
bufr4/3/12/041/1/201141,12,Последовательности сводок по одному уровню,312041,Изменить длину данных Длина 28 битов,,201141,Изменить длину данных Длина 28 битов,,,,Operational
bufr4/3/12/041/2/202130,12,Последовательности сводок по одному уровню,312041,Изменить длину данных Длина 28 битов,,202130,Изменить масштаб Масштаб: 2,,,,Operational
bufr4/3/12/041/3/007001,12,Последовательности сводок по одному уровню,312041,Изменить длину данных Длина 28 битов,,007001,Высота станции,,,,Operational
bufr4/3/12/041/4/201000,12,Последовательности сводок по одному уровню,312041,Изменить длину данных Длина 28 битов,,201000,Изменить длину данных Отмена,,,,Operational
bufr4/3/12/041/5/202000,12,Последовательности сводок по одному уровню,312041,Изменить длину данных Длина 28 битов,,202000,Изменить масштаб Отмена (Коррекции высоты),,,,Operational
bufr4/3/12/042/1/021077,12,Последовательности сводок по одному уровню,312042,Коррекция высоты (ионосфера),,021077,Коррекция высоты (ионосфера),,,,Operational
bufr4/3/12/042/2/021078,12,Последовательности сводок по одному уровню,312042,Коррекция высоты (ионосфера),,021078,Коррекция высоты (сухая тропосфера),,,,Operational
bufr4/3/12/042/3/021079,12,Последовательности сводок по одному уровню,312042,Коррекция высоты (ионосфера),,021079,Коррекция высоты (влажная тропосфера),,,,Operational
bufr4/3/12/042/4/021080,12,Последовательности сводок по одному уровню,312042,Коррекция высоты (ионосфера),,021080,Коррекция высоты (калибровочная постоянная),,,,Operational
bufr4/3/12/042/5/021081,12,Последовательности сводок по одному уровню,312042,Коррекция высоты (ионосфера),,021081,Коррекция разомкнутого контура (контур высота­- -время),,,,Operational
bufr4/3/12/042/6/021082,12,Последовательности сводок по одному уровню,312042,Коррекция высоты (ионосфера),,021082,"Коррекция калибровки разомкнутого контура (контроль автоматического усиления) (Температура поверхности моря, измеренная AATSR)",,,,Operational
bufr4/3/12/045/1/001007,12,Последовательности сводок по одному уровню,312045,Указатель спутника,,001007,Указатель спутника,,,,Operational
bufr4/3/12/045/2/002019,12,Последовательности сводок по одному уровню,312045,Указатель спутника,,002019,Спутниковые приборы,,,,Operational
bufr4/3/12/045/3/001096,12,Последовательности сводок по одному уровню,312045,Указатель спутника,,001096,Станция приема,,,,Operational
bufr4/3/12/045/4/025061,12,Последовательности сводок по одному уровню,312045,Указатель спутника,,025061,Идентификация программного обеспечения и номер версии,,,,Operational
bufr4/3/12/045/5/005040,12,Последовательности сводок по одному уровню,312045,Указатель спутника,,005040,Номер орбиты,,,,Operational
bufr4/3/12/045/6/301011,12,Последовательности сводок по одному уровню,312045,Указатель спутника,,301011,"Год, месяц, день",,,,Operational
bufr4/3/12/045/7/301013,12,Последовательности сводок по одному уровню,312045,Указатель спутника,,301013,"Час, минута, секунда",,,,Operational
bufr4/3/12/045/8/301021,12,Последовательности сводок по одному уровню,312045,Указатель спутника,,301021,Широта/долгота (высокая точность),,,,Operational
bufr4/3/12/045/9/007002,12,Последовательности сводок по одному уровню,312045,Указатель спутника,,007002,Высота или абсолютная высота,,,,Operational
bufr4/3/12/045/10/012180,12,Последовательности сводок по одному уровню,312045,Указатель спутника,,012180,Усредненная в полосе 12 микрон ЯТ по всем безоблачным пикселям в надире I.2 — Табл. D BUFR/12 — 7,(продолж.),,,Operational
bufr4/3/12/045/1/012181,12,Последовательности сводок по одному уровню,312045,Усредненная в полосе 11 микрон ЯТ по всем безоблачным пикселям в надире,,012181,Усредненная в полосе 11 микрон ЯТ по всем безоблачным пикселям в надире,,,,Operational
bufr4/3/12/045/2/012182,12,Последовательности сводок по одному уровню,312045,Усредненная в полосе 11 микрон ЯТ по всем безоблачным пикселям в надире,,012182,"Усредненная в полосе 3,7 микрон ЯТ по всем безоблачным пикселям в надире",,,,Operational
bufr4/3/12/045/3/012183,12,Последовательности сводок по одному уровню,312045,Усредненная в полосе 11 микрон ЯТ по всем безоблачным пикселям в надире,,012183,"Усредненная в полосе 12 микрон ЯТ по всем безоблачным пикселям, вид вперед",,,,Operational
bufr4/3/12/045/4/012184,12,Последовательности сводок по одному уровню,312045,Усредненная в полосе 11 микрон ЯТ по всем безоблачным пикселям в надире,,012184,"Усредненная в полосе 11 микрон ЯТ по всем безоблачным пикселям, вид вперед",,,,Operational
bufr4/3/12/045/5/012185,12,Последовательности сводок по одному уровню,312045,Усредненная в полосе 11 микрон ЯТ по всем безоблачным пикселям в надире,,012185,"Усредненная в полосе 3,7 микрон ЯТ по всем безоблачным пикселям, вид вперед",,,,Operational
bufr4/3/12/045/6/002174,12,Последовательности сводок по одному уровню,312045,Усредненная в полосе 11 микрон ЯТ по всем безоблачным пикселям в надире,,002174,Среднее количество пикселей поперек траектории,,,,Operational
bufr4/3/12/045/7/021086,12,Последовательности сводок по одному уровню,312045,Усредненная в полосе 11 микрон ЯТ по всем безоблачным пикселям в надире,,021086,"Число пикселей только в надире, среднее",,,,Operational
bufr4/3/12/045/8/012186,12,Последовательности сводок по одному уровню,312045,Усредненная в полосе 11 микрон ЯТ по всем безоблачным пикселям в надире,,012186,Средняя температура поверхности моря в надире,,,,Operational
bufr4/3/12/045/9/021087,12,Последовательности сводок по одному уровню,312045,Усредненная в полосе 11 микрон ЯТ по всем безоблачным пикселям в надире,,021087,"Число пикселей при двойном обзоре, среднее",,,,Operational
bufr4/3/12/045/10/012187,12,Последовательности сводок по одному уровню,312045,Усредненная в полосе 11 микрон ЯТ по всем безоблачным пикселям в надире,,012187,Средняя температура поверхности моря при двойном обзоре,,,,Operational
bufr4/3/12/045/11/033043,12,Последовательности сводок по одному уровню,312045,Усредненная в полосе 11 микрон ЯТ по всем безоблачным пикселям в надире,,033043,"Достоверность AST (Передача данных, полученных с помощью MERIS)",,,,Operational
bufr4/3/12/050/1/001007,12,Последовательности сводок по одному уровню,312050,Указатель спутника,,001007,Указатель спутника,,,,Operational
bufr4/3/12/050/2/002019,12,Последовательности сводок по одному уровню,312050,Указатель спутника,,002019,Спутниковые приборы,,,,Operational
bufr4/3/12/050/3/001096,12,Последовательности сводок по одному уровню,312050,Указатель спутника,,001096,Станция приема,,,,Operational
bufr4/3/12/050/4/025061,12,Последовательности сводок по одному уровню,312050,Указатель спутника,,025061,Идентификация программного обеспечения и номер версии,,,,Operational
bufr4/3/12/050/5/005040,12,Последовательности сводок по одному уровню,312050,Указатель спутника,,005040,Номер орбиты,,,,Operational
bufr4/3/12/050/6/301011,12,Последовательности сводок по одному уровню,312050,Указатель спутника,,301011,"Год, месяц, день",,,,Operational
bufr4/3/12/050/7/301013,12,Последовательности сводок по одному уровню,312050,Указатель спутника,,301013,"Час, минута, секунда",,,,Operational
bufr4/3/12/050/8/301021,12,Последовательности сводок по одному уровню,312050,Указатель спутника,,301021,Широта/долгота (высокая точность),,,,Operational
bufr4/3/12/050/9/007025,12,Последовательности сводок по одному уровню,312050,Указатель спутника,,007025,Зенитный угол Солнца,,,,Operational
bufr4/3/12/050/10/005022,12,Последовательности сводок по одному уровню,312050,Указатель спутника,,005022,Азимут Солнца,,,,Operational
bufr4/3/12/050/11/010080,12,Последовательности сводок по одному уровню,312050,Указатель спутника,,010080,Зенитный угол визирования,,,,Operational
bufr4/3/12/050/12/027080,12,Последовательности сводок по одному уровню,312050,Указатель спутника,,027080,Азимутальный угол визирования,,,,Operational
bufr4/3/12/050/13/008003,12,Последовательности сводок по одному уровню,312050,Указатель спутника,,008003,Вертикальная значимость (спутниковые наблюдения),,,,Operational
bufr4/3/12/050/14/007004,12,Последовательности сводок по одному уровню,312050,Указатель спутника,,007004,Давление,,,,Operational
bufr4/3/12/050/15/013093,12,Последовательности сводок по одному уровню,312050,Указатель спутника,,013093,Оптическая толщина облаков,,,,Operational
bufr4/3/12/050/16/008003,12,Последовательности сводок по одному уровню,312050,Указатель спутника,,008003,Вертикальная значимость (спутниковые наблюдения),,,,Operational
bufr4/3/12/050/17/201131,12,Последовательности сводок по одному уровню,312050,Указатель спутника,,201131,Изменить длину данных,,,,Operational
bufr4/3/12/050/18/202129,12,Последовательности сводок по одному уровню,312050,Указатель спутника,,202129,Изменить масштаб,,,,Operational
bufr4/3/12/050/19/007004,12,Последовательности сводок по одному уровню,312050,Указатель спутника,,007004,Давление,,,,Operational
bufr4/3/12/050/20/007004,12,Последовательности сводок по одному уровню,312050,Указатель спутника,,007004,Давление,,,,Operational
bufr4/3/12/050/21/202000,12,Последовательности сводок по одному уровню,312050,Указатель спутника,,202000,Изменить масштаб Отмена,,,,Operational
bufr4/3/12/050/22/201000,12,Последовательности сводок по одному уровню,312050,Указатель спутника,,201000,Изменить длину данных Отмена,,,,Operational
bufr4/3/12/050/23/013095,12,Последовательности сводок по одному уровню,312050,Указатель спутника,,013095,Общее количество водяных паров в столбе воздуха (Взаимные спектры океана — WVS),,,,Operational
bufr4/3/12/051/1/001007,12,Последовательности сводок по одному уровню,312051,Указатель спутника,,001007,Указатель спутника,,,,Operational
bufr4/3/12/051/2/002019,12,Последовательности сводок по одному уровню,312051,Указатель спутника,,002019,Спутниковые приборы,,,,Operational
bufr4/3/12/051/3/001096,12,Последовательности сводок по одному уровню,312051,Указатель спутника,,001096,Станция приема,,,,Operational
bufr4/3/12/051/4/025061,12,Последовательности сводок по одному уровню,312051,Указатель спутника,,025061,Идентификация программного обеспечения и номер версии,,,,Operational
bufr4/3/12/051/5/005040,12,Последовательности сводок по одному уровню,312051,Указатель спутника,,005040,Номер орбиты,,,,Operational
bufr4/3/12/051/6/008075,12,Последовательности сводок по одному уровню,312051,Указатель спутника,,008075,Описатель восходящей/нисходящей орбиты,,,,Operational
bufr4/3/12/051/7/301011,12,Последовательности сводок по одному уровню,312051,Указатель спутника,,301011,"Год, месяц, день",,,,Operational
bufr4/3/12/051/8/301013,12,Последовательности сводок по одному уровню,312051,Указатель спутника,,301013,"Час, минута, секунда",,,,Operational
bufr4/3/12/051/9/301021,12,Последовательности сводок по одному уровню,312051,Указатель спутника,,301021,Широта/долгота (высокая точность),(продолж.),,,Operational
bufr4/3/12/051/1/001012,12,Последовательности сводок по одному уровню,312051,Направление движения подвижной наблюдательной платформы,,001012,Направление движения подвижной наблюдательной платформы,,,,Operational
bufr4/3/12/051/2/201131,12,Последовательности сводок по одному уровню,312051,Направление движения подвижной наблюдательной платформы,,201131,Изменить длину данных,,,,Operational
bufr4/3/12/051/3/001013,12,Последовательности сводок по одному уровню,312051,Направление движения подвижной наблюдательной платформы,,001013,Скорость движения подвижной наблюдательной платформы,,,,Operational
bufr4/3/12/051/4/201000,12,Последовательности сводок по одному уровню,312051,Направление движения подвижной наблюдательной платформы,,201000,Изменить длину данных Отмена,,,,Operational
bufr4/3/12/051/5/010032,12,Последовательности сводок по одному уровню,312051,Направление движения подвижной наблюдательной платформы,,010032,Расстояние от спутника до центра Земли,,,,Operational
bufr4/3/12/051/6/010033,12,Последовательности сводок по одному уровню,312051,Направление движения подвижной наблюдательной платформы,,010033,Высота (платформы над эллипсоидом),,,,Operational
bufr4/3/12/051/7/010034,12,Последовательности сводок по одному уровню,312051,Направление движения подвижной наблюдательной платформы,,010034,Радиус Земли,,,,Operational
bufr4/3/12/051/8/007002,12,Последовательности сводок по одному уровню,312051,Направление движения подвижной наблюдательной платформы,,007002,Высота или абсолютная высота,,,,Operational
bufr4/3/12/051/9/008012,12,Последовательности сводок по одному уровню,312051,Направление движения подвижной наблюдательной платформы,,008012,Описатель земли/моря,,,,Operational
bufr4/3/12/051/10/025110,12,Последовательности сводок по одному уровню,312051,Направление движения подвижной наблюдательной платформы,,025110,Краткая сводка об обработке изображения,,,,Operational
bufr4/3/12/051/11/025111,12,Последовательности сводок по одному уровню,312051,Направление движения подвижной наблюдательной платформы,,025111,Число пропусков во входных данных,,,,Operational
bufr4/3/12/051/12/025102,12,Последовательности сводок по одному уровню,312051,Направление движения подвижной наблюдательной платформы,,025102,"Число пропущенных линий, не считая пропусков в данных",,,,Operational
bufr4/3/12/051/13/002104,12,Последовательности сводок по одному уровню,312051,Направление движения подвижной наблюдательной платформы,,002104,Поляризация антенны,,,,Operational
bufr4/3/12/051/14/025103,12,Последовательности сводок по одному уровню,312051,Направление движения подвижной наблюдательной платформы,,025103,Число элементов разрешения по направлению,,,,Operational
bufr4/3/12/051/15/025104,12,Последовательности сводок по одному уровню,312051,Направление движения подвижной наблюдательной платформы,,025104,Число элементов разрешения по длине волны,,,,Operational
bufr4/3/12/051/16/025105,12,Последовательности сводок по одному уровню,312051,Направление движения подвижной наблюдательной платформы,,025105,Первый элемент разрешения по направлению,,,,Operational
bufr4/3/12/051/17/025106,12,Последовательности сводок по одному уровню,312051,Направление движения подвижной наблюдательной платформы,,025106,Шаг элементов разрешения по направлению,,,,Operational
bufr4/3/12/051/18/025107,12,Последовательности сводок по одному уровню,312051,Направление движения подвижной наблюдательной платформы,,025107,Первый элемент разрешения по длине волны,,,,Operational
bufr4/3/12/051/19/025108,12,Последовательности сводок по одному уровню,312051,Направление движения подвижной наблюдательной платформы,,025108,Последний элемент разрешения по длине волны,,,,Operational
bufr4/3/12/051/20/002111,12,Последовательности сводок по одному уровню,312051,Направление движения подвижной наблюдательной платформы,,002111,Угол падения луча радиолокатора,,,,Operational
bufr4/3/12/051/21/002121,12,Последовательности сводок по одному уровню,312051,Направление движения подвижной наблюдательной платформы,,002121,Средняя частота,,,,Operational
bufr4/3/12/051/22/002026,12,Последовательности сводок по одному уровню,312051,Направление движения подвижной наблюдательной платформы,,002026,Разрешение поперек трассы,,,,Operational
bufr4/3/12/051/23/002027,12,Последовательности сводок по одному уровню,312051,Направление движения подвижной наблюдательной платформы,,002027,Разрешение вдоль трассы,,,,Operational
bufr4/3/12/051/24/021130,12,Последовательности сводок по одному уровню,312051,Направление движения подвижной наблюдательной платформы,,021130,Полная энергия спектра,,,,Operational
bufr4/3/12/051/25/021131,12,Последовательности сводок по одному уровню,312051,Направление движения подвижной наблюдательной платформы,,021131,Максимум энергии в спектре,,,,Operational
bufr4/3/12/051/26/021132,12,Последовательности сводок по одному уровню,312051,Направление движения подвижной наблюдательной платформы,,021132,"Направление, в котором достигается максимальная энергия спектра на решетке с более высоким разрешением",,,,Operational
bufr4/3/12/051/27/021133,12,Последовательности сводок по одному уровню,312051,Направление движения подвижной наблюдательной платформы,,021133,"Длина волны, на которой достигается максимальная энергия спектра на решетке с более высоким разрешением",,,,Operational
bufr4/3/12/051/28/021064,12,Последовательности сводок по одному уровню,312051,Направление движения подвижной наблюдательной платформы,,021064,Оценочное значение мешающих отражений,,,,Operational
bufr4/3/12/051/29/025014,12,Последовательности сводок по одному уровню,312051,Направление движения подвижной наблюдательной платформы,,025014,Отсечение за счет пассивных помех по азимуту,,,,Operational
bufr4/3/12/051/30/021134,12,Последовательности сводок по одному уровню,312051,Направление движения подвижной наблюдательной платформы,,021134,Разрешение по дальности для спектра взаимной ковариации,,,,Operational
bufr4/3/12/051/31/107018,12,Последовательности сводок по одному уровню,312051,Направление движения подвижной наблюдательной платформы,,107018,Повторить 7 дескрипторов 18 раз,,,,Operational
bufr4/3/12/051/32/005030,12,Последовательности сводок по одному уровню,312051,Направление движения подвижной наблюдательной платформы,,005030,Направление (спектральное),,,,Operational
bufr4/3/12/051/33/105024,12,Последовательности сводок по одному уровню,312051,Направление движения подвижной наблюдательной платформы,,105024,Повторить 5 дескрипторов 24 раза,,,,Operational
bufr4/3/12/051/34/201130,12,Последовательности сводок по одному уровню,312051,Направление движения подвижной наблюдательной платформы,,201130,Изменить длину данных,,,,Operational
bufr4/3/12/051/35/006030,12,Последовательности сводок по одному уровню,312051,Направление движения подвижной наблюдательной платформы,,006030,Волновое число (спектральное),,,,Operational
bufr4/3/12/051/36/201000,12,Последовательности сводок по одному уровню,312051,Направление движения подвижной наблюдательной платформы,,201000,Изменить длину данных Отмена,,,,Operational
bufr4/3/12/051/37/021135,12,Последовательности сводок по одному уровню,312051,Направление движения подвижной наблюдательной платформы,,021135,Действительная часть значений в точке полярной сетки для взаимного спектра,,,,Operational
bufr4/3/12/051/38/021136,12,Последовательности сводок по одному уровню,312051,Направление движения подвижной наблюдательной платформы,,021136,Мнимая часть значений в точке полярной сетки для взаимного спектра,,,,Operational
bufr4/3/12/051/39/033044,12,Последовательности сводок по одному уровню,312051,Направление движения подвижной наблюдательной платформы,,033044,Информация о качестве ASAR (RA2 — Радиолокационный высотомер-2),,,,Operational
bufr4/3/12/052/1/001007,12,Последовательности сводок по одному уровню,312052,Указатель спутника,,001007,Указатель спутника,,,,Operational
bufr4/3/12/052/2/002019,12,Последовательности сводок по одному уровню,312052,Указатель спутника,,002019,Спутниковые приборы,,,,Operational
bufr4/3/12/052/3/001096,12,Последовательности сводок по одному уровню,312052,Указатель спутника,,001096,Станция приема,,,,Operational
bufr4/3/12/052/4/025061,12,Последовательности сводок по одному уровню,312052,Указатель спутника,,025061,Идентификация программного обеспечения и номер версии I.2 — Табл. D BUFR/12 — 9,(продолж.),,,Operational
bufr4/3/12/052/1/005040,12,Последовательности сводок по одному уровню,312052,Номер орбиты,,005040,Номер орбиты,,,,Operational
bufr4/3/12/052/2/025120,12,Последовательности сводок по одному уровню,312052,Номер орбиты,,025120,Флаг обработки RА2-L2,,,,Operational
bufr4/3/12/052/3/025121,12,Последовательности сводок по одному уровню,312052,Номер орбиты,,025121,Качество обработки RА2-L2,,,,Operational
bufr4/3/12/052/4/025124,12,Последовательности сводок по одному уровню,312052,Номер орбиты,,025124,Флаги обработки MWR-L2,,,,Operational
bufr4/3/12/052/5/025125,12,Последовательности сводок по одному уровню,312052,Номер орбиты,,025125,Качество обработки MWR-L2,,,,Operational
bufr4/3/12/052/6/025122,12,Последовательности сводок по одному уровню,312052,Номер орбиты,,025122,Конфигурация радиочастотной аппаратуры,,,,Operational
bufr4/3/12/052/7/025123,12,Последовательности сводок по одному уровню,312052,Номер орбиты,,025123,Аппаратная конфигурация HPA,,,,Operational
bufr4/3/12/052/8/301011,12,Последовательности сводок по одному уровню,312052,Номер орбиты,,301011,"Год, месяц, день",,,,Operational
bufr4/3/12/052/9/301013,12,Последовательности сводок по одному уровню,312052,Номер орбиты,,301013,"Час, минута, секунда",,,,Operational
bufr4/3/12/052/10/301021,12,Последовательности сводок по одному уровню,312052,Номер орбиты,,301021,Широта/долгота (высокая точность),,,,Operational
bufr4/3/12/052/11/007002,12,Последовательности сводок по одному уровню,312052,Номер орбиты,,007002,Высота или высота над уровнем моря,,,,Operational
bufr4/3/12/052/12/002119,12,Последовательности сводок по одному уровню,312052,Номер орбиты,,002119,Режим работы прибора RA-2,,,,Operational
bufr4/3/12/052/13/033047,12,Последовательности сводок по одному уровню,312052,Номер орбиты,,033047,Данные о достоверности измерений,,,,Operational
bufr4/3/12/052/14/010081,12,Последовательности сводок по одному уровню,312052,Номер орбиты,,010081,Высота центра тяжести (COG) над референсэллипсоидом,,,,Operational
bufr4/3/12/052/15/010082,12,Последовательности сводок по одному уровню,312052,Номер орбиты,,010082,Мгновенная скорость изменения высоты,,,,Operational
bufr4/3/12/052/16/010083,12,Последовательности сводок по одному уровню,312052,Номер орбиты,,010083,Квадрат угла отклонения спутника от надира по данным с платформы,,,,Operational
bufr4/3/12/052/17/010084,12,Последовательности сводок по одному уровню,312052,Номер орбиты,,010084,Квадрат угла отклонения спутника от надира по данным о форме волны,,,,Operational
bufr4/3/12/052/18/002116,12,Последовательности сводок по одному уровню,312052,Номер орбиты,,002116,Процентная доля обработанной полосы частот 320 МГц,,,,Operational
bufr4/3/12/052/19/002117,12,Последовательности сводок по одному уровню,312052,Номер орбиты,,002117,Процентная доля обработанной полосы частот 80 МГц,,,,Operational
bufr4/3/12/052/20/002118,12,Последовательности сводок по одному уровню,312052,Номер орбиты,,002118,Процентная доля обработанной полосы частот 20 МГц,,,,Operational
bufr4/3/12/052/21/002156,12,Последовательности сводок по одному уровню,312052,Номер орбиты,,002156,Процентная доля успешных измерений с помощью прибора для вторичных прослеживаний океана в полосе частот Ku,,,,Operational
bufr4/3/12/052/22/002157,12,Последовательности сводок по одному уровню,312052,Номер орбиты,,002157,Процентная доля успешных измерений с помощью прибора для вторичных прослеживаний океана в полосе частот S,,,,Operational
bufr4/3/12/052/23/014055,12,Последовательности сводок по одному уровню,312052,Номер орбиты,,014055,Индекс солнечной активности,,,,Operational
bufr4/3/12/052/24/022150,12,Последовательности сводок по одному уровню,312052,Номер орбиты,,022150,Количество годных точек на 18 Гц в полосе частот Ku,,,,Operational
bufr4/3/12/052/25/022151,12,Последовательности сводок по одному уровню,312052,Номер орбиты,,022151,Диапазон данных по океану в полосе частот Ku,,,,Operational
bufr4/3/12/052/26/022152,12,Последовательности сводок по одному уровню,312052,Номер орбиты,,022152,СТО* (18 Гц) значений данных по океану в полосе частот Ku,,,,Operational
bufr4/3/12/052/27/022153,12,Последовательности сводок по одному уровню,312052,Номер орбиты,,022153,Количество годных точек на 18 Гц в полосе частот S,,,,Operational
bufr4/3/12/052/28/022154,12,Последовательности сводок по одному уровню,312052,Номер орбиты,,022154,Диапазон данных по океану в полосе частот S,,,,Operational
bufr4/3/12/052/29/022155,12,Последовательности сводок по одному уровню,312052,Номер орбиты,,022155,СТО* (18 Гц) значений данных по океану в полосе частот S,,,,Operational
bufr4/3/12/052/30/022156,12,Последовательности сводок по одному уровню,312052,Номер орбиты,,022156,Высота значительной волны в полосе частот Ku,,,,Operational
bufr4/3/12/052/31/022157,12,Последовательности сводок по одному уровню,312052,Номер орбиты,,022157,Высота значительСТО* (18 Гц) значений данных по океану в полосе ной волны частот Ku,,,,Operational
bufr4/3/12/052/32/022158,12,Последовательности сводок по одному уровню,312052,Номер орбиты,,022158,Высота значительной волны в полосе частот S,,,,Operational
bufr4/3/12/052/33/022159,12,Последовательности сводок по одному уровню,312052,Номер орбиты,,022159,СТО* (18 Гц) значений высоты значительной волны в полосе частот S,,,,Operational
bufr4/3/12/052/34/021137,12,Последовательности сводок по одному уровню,312052,Номер орбиты,,021137,Скорректированный коэффициент обратного рассеяния поверхностью океана в полосе частот Ku,,,,Operational
bufr4/3/12/052/35/021138,12,Последовательности сводок по одному уровню,312052,Номер орбиты,,021138,СТО* скорректированного коэффициента обратного рассеяния поверхностью океана в полосе частот Ku,,,,Operational
bufr4/3/12/052/36/021139,12,Последовательности сводок по одному уровню,312052,Номер орбиты,,021139,Чистая инструментальная поправка в полосе частот Ku для АРУ,,,,Operational
bufr4/3/12/052/37/021140,12,Последовательности сводок по одному уровню,312052,Номер орбиты,,021140,Скорректированный коэффициент обратного рассеяния поверхностью океана в полосе частот S,,,,Operational
bufr4/3/12/052/38/021141,12,Последовательности сводок по одному уровню,312052,Номер орбиты,,021141,СТО* корректированного коэффициента обратного рассеяния поверхностью океана в полосе частот S,(продолж.),,,Operational
bufr4/3/12/052/1/021142,12,Последовательности сводок по одному уровню,312052,Чистая инструментальная поправка в полосе частот S для АРУ,,021142,Чистая инструментальная поправка в полосе частот S для АРУ,,,,Operational
bufr4/3/12/052/2/010085,12,Последовательности сводок по одному уровню,312052,Чистая инструментальная поправка в полосе частот S для АРУ,,010085,Средняя высота поверхности моря,,,,Operational
bufr4/3/12/052/3/010086,12,Последовательности сводок по одному уровню,312052,Чистая инструментальная поправка в полосе частот S для АРУ,,010086,Высота геоида,,,,Operational
bufr4/3/12/052/4/010087,12,Последовательности сводок по одному уровню,312052,Чистая инструментальная поправка в полосе частот S для АРУ,,010087,Глубина океана/высота суши над уровнем моря,,,,Operational
bufr4/3/12/052/5/010088,12,Последовательности сводок по одному уровню,312052,Чистая инструментальная поправка в полосе частот S для АРУ,,010088,Геоцентрическая высота полного океанического прилива (решение 1),,,,Operational
bufr4/3/12/052/6/010089,12,Последовательности сводок по одному уровню,312052,Чистая инструментальная поправка в полосе частот S для АРУ,,010089,Геоцентрическая высота полного океанического прилива (решение 2),,,,Operational
bufr4/3/12/052/7/010090,12,Последовательности сводок по одному уровню,312052,Чистая инструментальная поправка в полосе частот S для АРУ,,010090,Высота долгопериодного прилива,,,,Operational
bufr4/3/12/052/8/010091,12,Последовательности сводок по одному уровню,312052,Чистая инструментальная поправка в полосе частот S для АРУ,,010091,Высота приливной нагрузки,,,,Operational
bufr4/3/12/052/9/010092,12,Последовательности сводок по одному уровню,312052,Чистая инструментальная поправка в полосе частот S для АРУ,,010092,Высота приливно-отливных явлений твердой оболочки Земли,,,,Operational
bufr4/3/12/052/10/010093,12,Последовательности сводок по одному уровню,312052,Чистая инструментальная поправка в полосе частот S для АРУ,,010093,Геоцентрическая высота полюсного прилива,,,,Operational
bufr4/3/12/052/11/011002,12,Последовательности сводок по одному уровню,312052,Чистая инструментальная поправка в полосе частот S для АРУ,,011002,Скорость ветра,,,,Operational
bufr4/3/12/052/12/025126,12,Последовательности сводок по одному уровню,312052,Чистая инструментальная поправка в полосе частот S для АРУ,,025126,Поправка на сухую тропосферу в модели,,,,Operational
bufr4/3/12/052/13/025127,12,Последовательности сводок по одному уровню,312052,Чистая инструментальная поправка в полосе частот S для АРУ,,025127,Барометрическая поправка,,,,Operational
bufr4/3/12/052/14/025128,12,Последовательности сводок по одному уровню,312052,Чистая инструментальная поправка в полосе частот S для АРУ,,025128,Поправка на влажную тропосферу в модели,,,,Operational
bufr4/3/12/052/15/025129,12,Последовательности сводок по одному уровню,312052,Чистая инструментальная поправка в полосе частот S для АРУ,,025129,"Поправка на влажную тропосферу в модели, полученная MWR",,,,Operational
bufr4/3/12/052/16/025130,12,Последовательности сводок по одному уровню,312052,Чистая инструментальная поправка в полосе частот S для АРУ,,025130,Ионосферная поправка RA2 в полосе частот Ku,,,,Operational
bufr4/3/12/052/17/025131,12,Последовательности сводок по одному уровню,312052,Чистая инструментальная поправка в полосе частот S для АРУ,,025131,Ионосферная поправка по Дорису в полосе частот Ku,,,,Operational
bufr4/3/12/052/18/025132,12,Последовательности сводок по одному уровню,312052,Чистая инструментальная поправка в полосе частот S для АРУ,,025132,Ионосферная поправка по модели в полосе частот Ku,,,,Operational
bufr4/3/12/052/19/025133,12,Последовательности сводок по одному уровню,312052,Чистая инструментальная поправка в полосе частот S для АРУ,,025133,Коррекция смещенности данных о состоянии моря в полосе частот Ku,,,,Operational
bufr4/3/12/052/20/025134,12,Последовательности сводок по одному уровню,312052,Чистая инструментальная поправка в полосе частот S для АРУ,,025134,Ионосферная поправка RА2 в полосе частот S,,,,Operational
bufr4/3/12/052/21/025135,12,Последовательности сводок по одному уровню,312052,Чистая инструментальная поправка в полосе частот S для АРУ,,025135,Ионосферная поправка по Дорису в полосе частот S,,,,Operational
bufr4/3/12/052/22/025136,12,Последовательности сводок по одному уровню,312052,Чистая инструментальная поправка в полосе частот S для АРУ,,025136,Ионосферная поправка по модели в полосе частот S,,,,Operational
bufr4/3/12/052/23/025137,12,Последовательности сводок по одному уровню,312052,Чистая инструментальная поправка в полосе частот S для АРУ,,025137,Коррекция смещенности данных о состоянии моря в полосе частот S,,,,Operational
bufr4/3/12/052/24/013096,12,Последовательности сводок по одному уровню,312052,Чистая инструментальная поправка в полосе частот S для АРУ,,013096,Содержание водяных паров по данным MWR,,,,Operational
bufr4/3/12/052/25/013097,12,Последовательности сводок по одному уровню,312052,Чистая инструментальная поправка в полосе частот S для АРУ,,013097,Содержание жидкой воды по данным MWR,,,,Operational
bufr4/3/12/052/26/011095,12,Последовательности сводок по одному уровню,312052,Чистая инструментальная поправка в полосе частот S для АРУ,,011095,"Компонента u вектора ветра, используемого в модели",,,,Operational
bufr4/3/12/052/27/011096,12,Последовательности сводок по одному уровню,312052,Чистая инструментальная поправка в полосе частот S для АРУ,,011096,"Компонента v вектора ветра, используемого в модели",,,,Operational
bufr4/3/12/052/28/012188,12,Последовательности сводок по одному уровню,312052,Чистая инструментальная поправка в полосе частот S для АРУ,,012188,"Интерполированная 23,8 ГГц яркостная температура, полученная MWR",,,,Operational
bufr4/3/12/052/29/012189,12,Последовательности сводок по одному уровню,312052,Чистая инструментальная поправка в полосе частот S для АРУ,,012189,"Интерполированная 36,5 ГГц яркостная температура, полученная MWR",,,,Operational
bufr4/3/12/052/30/002158,12,Последовательности сводок по одному уровню,312052,Чистая инструментальная поправка в полосе частот S для АРУ,,002158,Прибор RA-2,,,,Operational
bufr4/3/12/052/31/002159,12,Последовательности сводок по одному уровню,312052,Чистая инструментальная поправка в полосе частот S для АРУ,,002159,Прибор MWR,,,,Operational
bufr4/3/12/052/32/033052,12,Последовательности сводок по одному уровню,312052,Чистая инструментальная поправка в полосе частот S для АРУ,,033052,Качество вторичного прослеживания океана в полосе частот S,,,,Operational
bufr4/3/12/052/33/033053,12,Последовательности сводок по одному уровню,312052,Чистая инструментальная поправка в полосе частот S для АРУ,,033053,Качество вторичного прослеживания океана в полосе частот Ku,,,,Operational
bufr4/3/12/052/34/021143,12,Последовательности сводок по одному уровню,312052,Чистая инструментальная поправка в полосе частот S для АРУ,,021143,Ослабление из-за дождя сигнала в полосе частот Ku,,,,Operational
bufr4/3/12/052/35/021144,12,Последовательности сводок по одному уровню,312052,Чистая инструментальная поправка в полосе частот S для АРУ,,021144,Флаг дождя при работе альтиметра (Спектр волн в океане),,,,Operational
bufr4/3/12/053/1/001007,12,Последовательности сводок по одному уровню,312053,Указатель спутника,,001007,Указатель спутника,,,,Operational
bufr4/3/12/053/2/002019,12,Последовательности сводок по одному уровню,312053,Указатель спутника,,002019,Спутниковые приборы,,,,Operational
bufr4/3/12/053/3/001096,12,Последовательности сводок по одному уровню,312053,Указатель спутника,,001096,Станция приема,,,,Operational
bufr4/3/12/053/4/025061,12,Последовательности сводок по одному уровню,312053,Указатель спутника,,025061,Идентификация программного обеспечения и номер его версии,,,,Operational
bufr4/3/12/053/5/005040,12,Последовательности сводок по одному уровню,312053,Указатель спутника,,005040,Номер орбиты,,,,Operational
bufr4/3/12/053/6/008075,12,Последовательности сводок по одному уровню,312053,Указатель спутника,,008075,Описатель восходящей/нисходящей орбиты,,,,Operational
bufr4/3/12/053/7/301011,12,Последовательности сводок по одному уровню,312053,Указатель спутника,,301011,"Год, месяц, день I.2 — Табл. D BUFR/12 — 11",(продолж.),,,Operational
bufr4/3/12/053/1/301013,12,Последовательности сводок по одному уровню,312053,"Час, минута, секунда",,301013,"Час, минута, секунда",,,,Operational
bufr4/3/12/053/2/301021,12,Последовательности сводок по одному уровню,312053,"Час, минута, секунда",,301021,Широта/долгота (высокая точность),,,,Operational
bufr4/3/12/053/3/001012,12,Последовательности сводок по одному уровню,312053,"Час, минута, секунда",,001012,Направление движения подвижной наблюдательной платформы,,,,Operational
bufr4/3/12/053/4/201131,12,Последовательности сводок по одному уровню,312053,"Час, минута, секунда",,201131,Изменить длину данных,,,,Operational
bufr4/3/12/053/5/001013,12,Последовательности сводок по одному уровню,312053,"Час, минута, секунда",,001013,Скорость движения подвижной наблюдательной платформы,,,,Operational
bufr4/3/12/053/6/201000,12,Последовательности сводок по одному уровню,312053,"Час, минута, секунда",,201000,Изменить длину данных Отмена,,,,Operational
bufr4/3/12/053/7/010032,12,Последовательности сводок по одному уровню,312053,"Час, минута, секунда",,010032,Расстояние от спутника до центра Земли,,,,Operational
bufr4/3/12/053/8/010033,12,Последовательности сводок по одному уровню,312053,"Час, минута, секунда",,010033,Высота (платформы над эллипсоидом),,,,Operational
bufr4/3/12/053/9/010034,12,Последовательности сводок по одному уровню,312053,"Час, минута, секунда",,010034,Радиус Земли,,,,Operational
bufr4/3/12/053/10/007002,12,Последовательности сводок по одному уровню,312053,"Час, минута, секунда",,007002,Высота или высота над уровнем моря,,,,Operational
bufr4/3/12/053/11/008012,12,Последовательности сводок по одному уровню,312053,"Час, минута, секунда",,008012,Описатель суши/моря,,,,Operational
bufr4/3/12/053/12/025110,12,Последовательности сводок по одному уровню,312053,"Час, минута, секунда",,025110,Краткая сводка об обработке изображения,,,,Operational
bufr4/3/12/053/13/025111,12,Последовательности сводок по одному уровню,312053,"Час, минута, секунда",,025111,Число пропусков во входных данных,,,,Operational
bufr4/3/12/053/14/025102,12,Последовательности сводок по одному уровню,312053,"Час, минута, секунда",,025102,"Число пропущенных линий, не считая пропусков во входных данных",,,,Operational
bufr4/3/12/053/15/002104,12,Последовательности сводок по одному уровню,312053,"Час, минута, секунда",,002104,Поляризация антенны,,,,Operational
bufr4/3/12/053/16/025103,12,Последовательности сводок по одному уровню,312053,"Час, минута, секунда",,025103,Число элементов разрешения по направлению,,,,Operational
bufr4/3/12/053/17/025104,12,Последовательности сводок по одному уровню,312053,"Час, минута, секунда",,025104,Число элементов разрешения по длине волны,,,,Operational
bufr4/3/12/053/18/025105,12,Последовательности сводок по одному уровню,312053,"Час, минута, секунда",,025105,Первый элемент разрешения по направлению,,,,Operational
bufr4/3/12/053/19/025106,12,Последовательности сводок по одному уровню,312053,"Час, минута, секунда",,025106,Шаг элементов разрешения по направлению,,,,Operational
bufr4/3/12/053/20/025107,12,Последовательности сводок по одному уровню,312053,"Час, минута, секунда",,025107,Первый элемент разрешения по длине волны,,,,Operational
bufr4/3/12/053/21/025108,12,Последовательности сводок по одному уровню,312053,"Час, минута, секунда",,025108,Последний элемент разрешения по длине волны,,,,Operational
bufr4/3/12/053/22/011001,12,Последовательности сводок по одному уровню,312053,"Час, минута, секунда",,011001,Направление ветра,,,,Operational
bufr4/3/12/053/23/011002,12,Последовательности сводок по одному уровню,312053,"Час, минута, секунда",,011002,Скорость ветра,,,,Operational
bufr4/3/12/053/24/022160,12,Последовательности сводок по одному уровню,312053,"Час, минута, секунда",,022160,Обратное нормированное значение возраста волны,,,,Operational
bufr4/3/12/053/25/025138,12,Последовательности сводок по одному уровню,312053,"Час, минута, секунда",,025138,Среднее отношение сигнал/шум,,,,Operational
bufr4/3/12/053/26/201130,12,Последовательности сводок по одному уровню,312053,"Час, минута, секунда",,201130,Изменить длину данных,,,,Operational
bufr4/3/12/053/27/202129,12,Последовательности сводок по одному уровню,312053,"Час, минута, секунда",,202129,Изменить масштаб,,,,Operational
bufr4/3/12/053/28/022021,12,Последовательности сводок по одному уровню,312053,"Час, минута, секунда",,022021,Высота волн,,,,Operational
bufr4/3/12/053/29/202000,12,Последовательности сводок по одному уровню,312053,"Час, минута, секунда",,202000,Изменить масштаб Отмена,,,,Operational
bufr4/3/12/053/30/201000,12,Последовательности сводок по одному уровню,312053,"Час, минута, секунда",,201000,Изменить длину данных Отмена,,,,Operational
bufr4/3/12/053/31/033048,12,Последовательности сводок по одному уровню,312053,"Час, минута, секунда",,033048,Степени достоверности инверсии SAR,,,,Operational
bufr4/3/12/053/32/033049,12,Последовательности сводок по одному уровню,312053,"Час, минута, секунда",,033049,Достоверность полученного значения ветра,,,,Operational
bufr4/3/12/053/33/002026,12,Последовательности сводок по одному уровню,312053,"Час, минута, секунда",,002026,Разрешение между строками сканирования,,,,Operational
bufr4/3/12/053/34/002027,12,Последовательности сводок по одному уровню,312053,"Час, минута, секунда",,002027,Разрешение вдоль строки сканирования,,,,Operational
bufr4/3/12/053/35/021130,12,Последовательности сводок по одному уровню,312053,"Час, минута, секунда",,021130,Полная энергия спектра,,,,Operational
bufr4/3/12/053/36/021131,12,Последовательности сводок по одному уровню,312053,"Час, минута, секунда",,021131,Максимум энергии в спектре,,,,Operational
bufr4/3/12/053/37/021132,12,Последовательности сводок по одному уровню,312053,"Час, минута, секунда",,021132,"Направление, в котором достигается максимальная энергия спектра на решетке с бóльшим разрешением",,,,Operational
bufr4/3/12/053/38/021133,12,Последовательности сводок по одному уровню,312053,"Час, минута, секунда",,021133,"Длина волны, на которой достигается максимальная энергия спектра на решетке с бóльшим разрешением",,,,Operational
bufr4/3/12/053/39/025014,12,Последовательности сводок по одному уровню,312053,"Час, минута, секунда",,025014,Азимут отсечения помех,,,,Operational
bufr4/3/12/053/40/106036,12,Последовательности сводок по одному уровню,312053,"Час, минута, секунда",,106036,Повторить 6 дескрипторов 36 раз,,,,Operational
bufr4/3/12/053/41/005030,12,Последовательности сводок по одному уровню,312053,"Час, минута, секунда",,005030,Направление (спектральное),,,,Operational
bufr4/3/12/053/42/104024,12,Последовательности сводок по одному уровню,312053,"Час, минута, секунда",,104024,Повторить 4 дескриптора 24 раза,,,,Operational
bufr4/3/12/053/43/201130,12,Последовательности сводок по одному уровню,312053,"Час, минута, секунда",,201130,Изменить длину данных,,,,Operational
bufr4/3/12/053/44/006030,12,Последовательности сводок по одному уровню,312053,"Час, минута, секунда",,006030,Волновое число (спектральное),,,,Operational
bufr4/3/12/053/45/201000,12,Последовательности сводок по одному уровню,312053,"Час, минута, секунда",,201000,Изменить длину данных Отмена,,,,Operational
bufr4/3/12/053/46/022161,12,Последовательности сводок по одному уровню,312053,"Час, минута, секунда",,022161,Спектр длин волн,,,,Operational
bufr4/3/12/053/47/033044,12,Последовательности сводок по одному уровню,312053,"Час, минута, секунда",,033044,Информация о качестве ASAR (Информация ячейки уровня 1b АSCAT),,,,Operational
bufr4/3/12/055/1/005033,12,Последовательности сводок по одному уровню,312055,Размер элемента изображения на горизонтали – 1,,005033,Размер элемента изображения на горизонтали – 1,,,,Operational
bufr4/3/12/055/2/005040,12,Последовательности сводок по одному уровню,312055,Размер элемента изображения на горизонтали – 1,,005040,Номер орбиты,,,,Operational
bufr4/3/12/055/3/006034,12,Последовательности сводок по одному уровню,312055,Размер элемента изображения на горизонтали – 1,,006034,"Номер ячейки, расположенной поперек траектории",(продолж.),,,Operational
bufr4/3/12/055/1/010095,12,Последовательности сводок по одному уровню,312055,Используемая высота атмосферы,,010095,Используемая высота атмосферы,,,,Operational
bufr4/3/12/055/2/021157,12,Последовательности сводок по одному уровню,312055,Используемая высота атмосферы,,021157,Потеря на используемую единицу длины атмосферы (Информация ячейки ветра рефлектометра),,,,Operational
bufr4/3/12/056/1/025060,12,Последовательности сводок по одному уровню,312056,Идентификация программного обеспечения,,025060,Идентификация программного обеспечения,,,,Operational
bufr4/3/12/056/2/001032,12,Последовательности сводок по одному уровню,312056,Идентификация программного обеспечения,,001032,Применение продукции,,,,Operational
bufr4/3/12/056/3/011082,12,Последовательности сводок по одному уровню,312056,Идентификация программного обеспечения,,011082,"Скорость ветра на высоте 10 м, полученная по модели",,,,Operational
bufr4/3/12/056/4/011081,12,Последовательности сводок по одному уровню,312056,Идентификация программного обеспечения,,011081,"Направление ветра на высоте 10 м, полученное по модели",,,,Operational
bufr4/3/12/056/5/020095,12,Последовательности сводок по одному уровню,312056,Идентификация программного обеспечения,,020095,Вероятность льда,,,,Operational
bufr4/3/12/056/6/020096,12,Последовательности сводок по одному уровню,312056,Идентификация программного обеспечения,,020096,Возраст льда (параметр “A”),,,,Operational
bufr4/3/12/056/7/021155,12,Последовательности сводок по одному уровню,312056,Идентификация программного обеспечения,,021155,Качество ячейки вектора ветра,,,,Operational
bufr4/3/12/056/8/201133,12,Последовательности сводок по одному уровню,312056,Идентификация программного обеспечения,,201133,Изменить длину данных Увеличить длину данных на 5 бит,,,,Operational
bufr4/3/12/056/9/021101,12,Последовательности сводок по одному уровню,312056,Идентификация программного обеспечения,,021101,Число неопределенностей вектора,,,,Operational
bufr4/3/12/056/10/021102,12,Последовательности сводок по одному уровню,312056,Идентификация программного обеспечения,,021102,Индекс выбранного вектора ветра,,,,Operational
bufr4/3/12/056/11/201000,12,Последовательности сводок по одному уровню,312056,Идентификация программного обеспечения,,201000,Изменить длину данных Отмена (Неопределенные данные о ветре),,,,Operational
bufr4/3/12/057/1/201130,12,Последовательности сводок по одному уровню,312057,Изменить длину данных Увеличить длину данных на 2 бита,,201130,Изменить длину данных Увеличить длину данных на 2 бита,,,,Operational
bufr4/3/12/057/2/202129,12,Последовательности сводок по одному уровню,312057,Изменить длину данных Увеличить длину данных на 2 бита,,202129,Увеличить масштаИзменить масштаб бирование на 10,1,,,Operational
bufr4/3/12/057/3/011012,12,Последовательности сводок по одному уровню,312057,Изменить длину данных Увеличить длину данных на 2 бита,,011012,Скорость ветра на высоте 10 м,,,,Operational
bufr4/3/12/057/4/202000,12,Последовательности сводок по одному уровню,312057,Изменить длину данных Увеличить длину данных на 2 бита,,202000,Изменить масштаб Отмена,,,,Operational
bufr4/3/12/057/5/201000,12,Последовательности сводок по одному уровню,312057,Изменить длину данных Увеличить длину данных на 2 бита,,201000,Изменить длину данных Отмена,,,,Operational
bufr4/3/12/057/6/201131,12,Последовательности сводок по одному уровню,312057,Изменить длину данных Увеличить длину данных на 2 бита,,201131,Изменить длину данных Увеличить длину данных на 3 бита,,,,Operational
bufr4/3/12/057/7/202129,12,Последовательности сводок по одному уровню,312057,Изменить длину данных Увеличить длину данных на 2 бита,,202129,Увеличить масштаИзменить масштаб бирование на 10,1,,,Operational
bufr4/3/12/057/8/011011,12,Последовательности сводок по одному уровню,312057,Изменить длину данных Увеличить длину данных на 2 бита,,011011,Направление ветра на высоте 10 м,,,,Operational
bufr4/3/12/057/9/202000,12,Последовательности сводок по одному уровню,312057,Изменить длину данных Увеличить длину данных на 2 бита,,202000,Изменить масштаб Отмена,,,,Operational
bufr4/3/12/057/10/201000,12,Последовательности сводок по одному уровню,312057,Изменить длину данных Увеличить длину данных на 2 бита,,201000,Изменить длину данных Отмена,,,,Operational
bufr4/3/12/057/11/021156,12,Последовательности сводок по одному уровню,312057,Изменить длину данных Увеличить длину данных на 2 бита,,021156,Расстояние обратного рассеяния,,,,Operational
bufr4/3/12/057/12/021104,12,Последовательности сводок по одному уровню,312057,Изменить длину данных Увеличить длину данных на 2 бита,,021104,"Правдоподобие, вычисленное для решения (Данные уровня 1b АSCAT)",,,,Operational
bufr4/3/12/058/1/301125,12,Последовательности сводок по одному уровню,312058,Информация заголовка АSCAT,,301125,Информация заголовка АSCAT,,,,Operational
bufr4/3/12/058/2/301011,12,Последовательности сводок по одному уровню,312058,Информация заголовка АSCAT,,301011,"Год, месяц, день",,,,Operational
bufr4/3/12/058/3/301013,12,Последовательности сводок по одному уровню,312058,Информация заголовка АSCAT,,301013,"Час, минута, секунда",,,,Operational
bufr4/3/12/058/4/301021,12,Последовательности сводок по одному уровню,312058,Информация заголовка АSCAT,,301021,Широта/долгота (высокая точность),,,,Operational
bufr4/3/12/058/5/312055,12,Последовательности сводок по одному уровню,312058,Информация заголовка АSCAT,,312055,Информация ячейки уровня 1b АSCAT,,,,Operational
bufr4/3/12/058/6/021150,12,Последовательности сводок по одному уровню,312058,Информация заголовка АSCAT,,021150,Совместное положение луча,,,,Operational
bufr4/3/12/058/7/101003,12,Последовательности сводок по одному уровню,312058,Информация заголовка АSCAT,,101003,Повторить 1 дескриптор 3 раза,,,,Operational
bufr4/3/12/058/8/321030,12,Последовательности сводок по одному уровню,312058,Информация заголовка АSCAT,,321030,Информация о параметре сигма-0 АSCAT (Данные рефлектометра о ветре),,,,Operational
bufr4/3/12/059/1/312056,12,Последовательности сводок по одному уровню,312059,Информация ячейки ветра рефлектометра,,312056,Информация ячейки ветра рефлектометра,,,,Operational
bufr4/3/12/059/2/101000,12,Последовательности сводок по одному уровню,312059,Информация ячейки ветра рефлектометра,,101000,Повторение с задержкой 1 дескриптора,,,,Operational
bufr4/3/12/059/3/031001,12,Последовательности сводок по одному уровню,312059,Информация ячейки ветра рефлектометра,,031001,Коэффициент повторения дескриптора с задержкой,,,,Operational
bufr4/3/12/059/4/312057,12,Последовательности сводок по одному уровню,312059,Информация ячейки ветра рефлектометра,,312057,Неоднозначные данные о ветре (Данные рефлектометра о влажности почвы),,,,Operational
bufr4/3/12/060/1/025060,12,Последовательности сводок по одному уровню,312060,Идентификация программного обеспечения,,025060,Идентификация программного обеспечения,,,,Operational
bufr4/3/12/060/2/025062,12,Последовательности сводок по одному уровню,312060,Идентификация программного обеспечения,,025062,Идентификация базы данных,,,,Operational
bufr4/3/12/060/3/040001,12,Последовательности сводок по одному уровню,312060,Идентификация программного обеспечения,,040001,Влажность поверхности почвы (мс) I.2 — Табл. D BUFR/12 — 13,(продолж.),,,Operational
bufr4/3/12/060/1/040002,12,Последовательности сводок по одному уровню,312060,Расчетная ошибка во влажности поверхности почвы,,040002,Расчетная ошибка во влажности поверхности почвы,,,,Operational
bufr4/3/12/060/2/021062,12,Последовательности сводок по одному уровню,312060,Расчетная ошибка во влажности поверхности почвы,,021062,Обратное рассеяние Экстраполированное обратное рассеяние при угле падения 40 градусов (сигма0_40),,,,Operational
bufr4/3/12/060/3/021151,12,Последовательности сводок по одному уровню,312060,Расчетная ошибка во влажности поверхности почвы,,021151,Расчетная ошибка в параметре сигма-0 при угле падения 40 градусов,,,,Operational
bufr4/3/12/060/4/021152,12,Последовательности сводок по одному уровню,312060,Расчетная ошибка во влажности поверхности почвы,,021152,Наклон при угле падения 40 градусов,,,,Operational
bufr4/3/12/060/5/021153,12,Последовательности сводок по одному уровню,312060,Расчетная ошибка во влажности поверхности почвы,,021153,Расчетная ошибка в наклоне при угле падения 40 градусов,,,,Operational
bufr4/3/12/060/6/021154,12,Последовательности сводок по одному уровню,312060,Расчетная ошибка во влажности поверхности почвы,,021154,Чувствительность измерений влажности почвы,,,,Operational
bufr4/3/12/060/7/021062,12,Последовательности сводок по одному уровню,312060,Расчетная ошибка во влажности поверхности почвы,,021062,Обратное рассеяние Сухое обратное рассеяние,,,,Operational
bufr4/3/12/060/8/021088,12,Последовательности сводок по одному уровню,312060,Расчетная ошибка во влажности поверхности почвы,,021088,Влажное обратное рассеяние,,,,Operational
bufr4/3/12/060/9/040003,12,Последовательности сводок по одному уровню,312060,Расчетная ошибка во влажности поверхности почвы,,040003,Средняя влажность поверхности почвы,,,,Operational
bufr4/3/12/060/10/040004,12,Последовательности сводок по одному уровню,312060,Расчетная ошибка во влажности поверхности почвы,,040004,Обнаружение выпадения дождевых осадков,,,,Operational
bufr4/3/12/060/11/040005,12,Последовательности сводок по одному уровню,312060,Расчетная ошибка во влажности поверхности почвы,,040005,Флаг корректировки влажности почвы,,,,Operational
bufr4/3/12/060/12/040006,12,Последовательности сводок по одному уровню,312060,Расчетная ошибка во влажности поверхности почвы,,040006,Флаг обработки влажности почвы,,,,Operational
bufr4/3/12/060/13/040007,12,Последовательности сводок по одному уровню,312060,Расчетная ошибка во влажности поверхности почвы,,040007,Качество данных о влажности почвы,,,,Operational
bufr4/3/12/060/14/020065,12,Последовательности сводок по одному уровню,312060,Расчетная ошибка во влажности поверхности почвы,,020065,Снежный покров,,,,Operational
bufr4/3/12/060/15/040008,12,Последовательности сводок по одному уровню,312060,Расчетная ошибка во влажности поверхности почвы,,040008,Доля замерзшей поверхности суши,,,,Operational
bufr4/3/12/060/16/040009,12,Последовательности сводок по одному уровню,312060,Расчетная ошибка во влажности поверхности почвы,,040009,Доля затопленных и заболоченных территорий,,,,Operational
bufr4/3/12/060/17/040010,12,Последовательности сводок по одному уровню,312060,Расчетная ошибка во влажности поверхности почвы,,040010,Топографическая сложность (Данные уровня 1b и уровня 2 АSCАТ),,,,Operational
bufr4/3/12/061/1/312058,12,Последовательности сводок по одному уровню,312061,Данные уровня 1b АSCAT,,312058,Данные уровня 1b АSCAT,,,,Operational
bufr4/3/12/061/2/312060,12,Последовательности сводок по одному уровню,312061,Данные уровня 1b АSCAT,,312060,Данные рефлектометра о влажности почвы,,,,Operational
bufr4/3/12/061/3/312059,12,Последовательности сводок по одному уровню,312061,Данные уровня 1b АSCAT,,312059,Данные рефлектометра о ветре (Данные по СМОС),,,,Operational
bufr4/3/12/070/1/001007,12,Последовательности сводок по одному уровню,312070,Указатель спутника,,001007,Указатель спутника,,,,Operational
bufr4/3/12/070/2/002019,12,Последовательности сводок по одному уровню,312070,Указатель спутника,,002019,Спутниковые приборы,,,,Operational
bufr4/3/12/070/3/001144,12,Последовательности сводок по одному уровню,312070,Указатель спутника,,001144,Указатель моментального снимка,,,,Operational
bufr4/3/12/070/4/001124,12,Последовательности сводок по одному уровню,312070,Указатель спутника,,001124,Указатель узлов сетки,,,,Operational
bufr4/3/12/070/5/030010,12,Последовательности сводок по одному уровню,312070,Указатель спутника,,030010,Количество узлов сетки,,,,Operational
bufr4/3/12/070/6/301011,12,Последовательности сводок по одному уровню,312070,Указатель спутника,,301011,"Год, месяц, день",,,,Operational
bufr4/3/12/070/7/301013,12,Последовательности сводок по одному уровню,312070,Указатель спутника,,301013,"Час, минута, секунда",,,,Operational
bufr4/3/12/070/8/301021,12,Последовательности сводок по одному уровню,312070,Указатель спутника,,301021,Широта/долгота (высокая точность),,,,Operational
bufr4/3/12/070/9/007012,12,Последовательности сводок по одному уровню,312070,Указатель спутника,,007012,Высота узлов сетки,,,,Operational
bufr4/3/12/070/10/015012,12,Последовательности сводок по одному уровню,312070,Указатель спутника,,015012,Общее число электронов на квадратный метр,,,,Operational
bufr4/3/12/070/11/012165,12,Последовательности сводок по одному уровню,312070,Указатель спутника,,012165,Яркостная температура прямого солнечного излучения,,,,Operational
bufr4/3/12/070/12/012166,12,Последовательности сводок по одному уровню,312070,Указатель спутника,,012166,Точность моментального снимка,,,,Operational
bufr4/3/12/070/13/012167,12,Последовательности сводок по одному уровню,312070,Указатель спутника,,012167,Радиометрическая точность (чистая поляризация),,,,Operational
bufr4/3/12/070/14/012168,12,Последовательности сводок по одному уровню,312070,Указатель спутника,,012168,Радиометрическая точность (перекрестная поляризация),,,,Operational
bufr4/3/12/070/15/027010,12,Последовательности сводок по одному уровню,312070,Указатель спутника,,027010,Ось 1 зоны покрытия,,,,Operational
bufr4/3/12/070/16/028010,12,Последовательности сводок по одному уровню,312070,Указатель спутника,,028010,Ось 2 зоны покрытия,,,,Operational
bufr4/3/12/070/17/002099,12,Последовательности сводок по одному уровню,312070,Указатель спутника,,002099,Поляризация,,,,Operational
bufr4/3/12/070/18/013048,12,Последовательности сводок по одному уровню,312070,Указатель спутника,,013048,Доля воды,,,,Operational
bufr4/3/12/070/19/025081,12,Последовательности сводок по одному уровню,312070,Указатель спутника,,025081,Угол падения,,,,Operational
bufr4/3/12/070/20/025082,12,Последовательности сводок по одному уровню,312070,Указатель спутника,,025082,Азимутальный угол,,,,Operational
bufr4/3/12/070/21/025083,12,Последовательности сводок по одному уровню,312070,Указатель спутника,,025083,Угол поворота Фарадея,,,,Operational
bufr4/3/12/070/22/025084,12,Последовательности сводок по одному уровню,312070,Указатель спутника,,025084,Геометрический угол поворота,,,,Operational
bufr4/3/12/070/23/012080,12,Последовательности сводок по одному уровню,312070,Указатель спутника,,012080,Действительная часть яркостной температуры,(продолж.),,,Operational
bufr4/3/12/070/1/012081,12,Последовательности сводок по одному уровню,312070,Мнимая часть яркостной температуры,,012081,Мнимая часть яркостной температуры,,,,Operational
bufr4/3/12/070/2/012082,12,Последовательности сводок по одному уровню,312070,Мнимая часть яркостной температуры,,012082,Радиометрическая точность элемента изображения,,,,Operational
bufr4/3/12/070/3/025174,12,Последовательности сводок по одному уровню,312070,Мнимая часть яркостной температуры,,025174,Флаг информации по СМОС,,,,Operational
bufr4/3/12/070/4/033028,12,Последовательности сводок по одному уровню,312070,Мнимая часть яркостной температуры,,033028,"Общее качество моментального снимка (Альтиметр SIRAL, установленный на CryoSat-2)",,,,Operational
bufr4/3/12/071/1/001007,12,Последовательности сводок по одному уровню,312071,Указатель спутника,,001007,Указатель спутника,,,,Operational
bufr4/3/12/071/2/002019,12,Последовательности сводок по одному уровню,312071,Указатель спутника,,002019,Спутниковые приборы,,,,Operational
bufr4/3/12/071/3/002139,12,Последовательности сводок по одному уровню,312071,Указатель спутника,,002139,Компановка приборов SIRAL,,,,Operational
bufr4/3/12/071/4/001096,12,Последовательности сводок по одному уровню,312071,Указатель спутника,,001096,Станция приема Название станции приема,,,,Operational
bufr4/3/12/071/5/001040,12,Последовательности сводок по одному уровню,312071,Указатель спутника,,001040,Код-идентификатор центра обработки данных,,,,Operational
bufr4/3/12/071/6/025061,12,Последовательности сводок по одному уровню,312071,Указатель спутника,,025061,Идентификация программного обеспечения и номер версии,,,,Operational
bufr4/3/12/071/7/005040,12,Последовательности сводок по одному уровню,312071,Указатель спутника,,005040,Номер орбиты,,,,Operational
bufr4/3/12/071/8/005044,12,Последовательности сводок по одному уровню,312071,Указатель спутника,,005044,Номер цикла оборота спутника,,,,Operational
bufr4/3/12/071/9/008075,12,Последовательности сводок по одному уровню,312071,Указатель спутника,,008075,Определитель восходящей/нисходящей орбиты,,,,Operational
bufr4/3/12/071/10/008077,12,Последовательности сводок по одному уровню,312071,Указатель спутника,,008077,"Тип поверхности, зондируемой радиометром",,,,Operational
bufr4/3/12/071/11/004001,12,Последовательности сводок по одному уровню,312071,Указатель спутника,,004001,Год,,,,Operational
bufr4/3/12/071/12/004002,12,Последовательности сводок по одному уровню,312071,Указатель спутника,,004002,Месяц,,,,Operational
bufr4/3/12/071/13/004003,12,Последовательности сводок по одному уровню,312071,Указатель спутника,,004003,День,,,,Operational
bufr4/3/12/071/14/004004,12,Последовательности сводок по одному уровню,312071,Указатель спутника,,004004,Час,,,,Operational
bufr4/3/12/071/15/004005,12,Последовательности сводок по одному уровню,312071,Указатель спутника,,004005,Минута,,,,Operational
bufr4/3/12/071/16/004006,12,Последовательности сводок по одному уровню,312071,Указатель спутника,,004006,Секунда,,,,Operational
bufr4/3/12/071/17/005001,12,Последовательности сводок по одному уровню,312071,Указатель спутника,,005001,Широта (высокая точность),,,,Operational
bufr4/3/12/071/18/006001,12,Последовательности сводок по одному уровню,312071,Указатель спутника,,006001,Долгота (высокая точность),,,,Operational
bufr4/3/12/071/19/010081,12,Последовательности сводок по одному уровню,312071,Указатель спутника,,010081,Высота центра тяжести (COG) над референсэллипсоидом,,,,Operational
bufr4/3/12/071/20/022156,12,Последовательности сводок по одному уровню,312071,Указатель спутника,,022156,Высота значительной волны в полосе частот Ku,,,,Operational
bufr4/3/12/071/21/022142,12,Последовательности сводок по одному уровню,312071,Указатель спутника,,022142,Квадрат высоты значительной волны,,,,Operational
bufr4/3/12/071/22/101020,12,Последовательности сводок по одному уровню,312071,Указатель спутника,,101020,Повторить 1 дескриптор 20 раз,,,,Operational
bufr4/3/12/071/23/022149,12,Последовательности сводок по одному уровню,312071,Указатель спутника,,022149,Высота значительной волны (20 Гц) в квадрате,,,,Operational
bufr4/3/12/071/24/022143,12,Последовательности сводок по одному уровню,312071,Указатель спутника,,022143,СТО* высоты значительной волны (20 Гц) — в квадрате,,,,Operational
bufr4/3/12/071/25/022144,12,Последовательности сводок по одному уровню,312071,Указатель спутника,,022144,Количество (20 Гц) годных точек для высоты значительной волны в квадрате,,,,Operational
bufr4/3/12/071/26/021137,12,Последовательности сводок по одному уровню,312071,Указатель спутника,,021137,Скорректированный коэффициент обратного рассеяния поверхностью океана в полосе частот Ku,,,,Operational
bufr4/3/12/071/27/101020,12,Последовательности сводок по одному уровню,312071,Указатель спутника,,101020,Повторить 1 дескриптор 20 раз,,,,Operational
bufr4/3/12/071/28/021181,12,Последовательности сводок по одному уровню,312071,Указатель спутника,,021181,Коэффициент обратного рассеяния поверхностью океана (20 Гц),,,,Operational
bufr4/3/12/071/29/021138,12,Последовательности сводок по одному уровню,312071,Указатель спутника,,021138,СТО* скорректированного коэффициента обратного рассеяния поверхностью океана в полосе частот,,,,Operational
bufr4/3/12/071/30/021180,12,Последовательности сводок по одному уровню,312071,Указатель спутника,,021180,Количество (20 Гц) годных точек для коэффициента обратного рассеяния поверхностью океана,,,,Operational
bufr4/3/12/071/31/021177,12,Последовательности сводок по одному уровню,312071,Указатель спутника,,021177,"Коэффициент обратного рассеяния, скорректированный с учетом OCOG**",,,,Operational
bufr4/3/12/071/32/021178,12,Последовательности сводок по одному уровню,312071,Указатель спутника,,021178,СТО* коэффициента обратного рассеяния (на частоте 20 Гц) с учетом OCOG**,,,,Operational
bufr4/3/12/071/33/021179,12,Последовательности сводок по одному уровню,312071,Указатель спутника,,021179,Количество (20 Гц) годных точек для коэффициента обратного рассеяния с учетом OCOG**,,,,Operational
bufr4/3/12/071/34/010079,12,Последовательности сводок по одному уровню,312071,Указатель спутника,,010079,Отклонение спутника от надира по данным с платформы,,,,Operational
bufr4/3/12/071/35/010085,12,Последовательности сводок по одному уровню,312071,Указатель спутника,,010085,Средняя высота поверхности моря,,,,Operational
bufr4/3/12/071/36/010086,12,Последовательности сводок по одному уровню,312071,Указатель спутника,,010086,Высота геоида,,,,Operational
bufr4/3/12/071/37/010087,12,Последовательности сводок по одному уровню,312071,Указатель спутника,,010087,Глубина океана/высота суши над уровнем моря I.2 — Табл. D BUFR/12 — 15,(продолж.),,,Operational
bufr4/3/12/071/1/010089,12,Последовательности сводок по одному уровню,312071,Геоцентрическая высота полного океанического прилива (решение 2),,010089,Геоцентрическая высота полного океанического прилива (решение 2),,,,Operational
bufr4/3/12/071/2/010090,12,Последовательности сводок по одному уровню,312071,Геоцентрическая высота полного океанического прилива (решение 2),,010090,Высота долгопериодного прилива,,,,Operational
bufr4/3/12/071/3/010091,12,Последовательности сводок по одному уровню,312071,Геоцентрическая высота полного океанического прилива (решение 2),,010091,Высота приливной нагрузки,,,,Operational
bufr4/3/12/071/4/010092,12,Последовательности сводок по одному уровню,312071,Геоцентрическая высота полного океанического прилива (решение 2),,010092,Высота приливно-отливных явлений твердой оболочки Земли,,,,Operational
bufr4/3/12/071/5/010093,12,Последовательности сводок по одному уровню,312071,Геоцентрическая высота полного океанического прилива (решение 2),,010093,Геоцентрическая высота полюсного прилива,,,,Operational
bufr4/3/12/071/6/011097,12,Последовательности сводок по одному уровню,312071,Геоцентрическая высота полного океанического прилива (решение 2),,011097,Скорость ветра на данным альтиметра,,,,Operational
bufr4/3/12/071/7/021093,12,Последовательности сводок по одному уровню,312071,Геоцентрическая высота полного океанического прилива (решение 2),,021093,Максимальные значения в полосе Ku Средняя величина значений 20 Гц,,,,Operational
bufr4/3/12/071/8/101020,12,Последовательности сводок по одному уровню,312071,Геоцентрическая высота полного океанического прилива (решение 2),,101020,Повторить 1 дескриптор 20 раз,,,,Operational
bufr4/3/12/071/9/021182,12,Последовательности сводок по одному уровню,312071,Геоцентрическая высота полного океанического прилива (решение 2),,021182,Максимальные значения (20 Гц) в полосе частот Ku 20 значений,,,,Operational
bufr4/3/12/071/10/033053,12,Последовательности сводок по одному уровню,312071,Геоцентрическая высота полного океанического прилива (решение 2),,033053,Качество слежения над океаном в полосе частот Ku,,,,Operational
bufr4/3/12/071/11/022151,12,Последовательности сводок по одному уровню,312071,Геоцентрическая высота полного океанического прилива (решение 2),,022151,Диапазон данных по океану в полосе частот Ku,,,,Operational
bufr4/3/12/071/12/022145,12,Последовательности сводок по одному уровню,312071,Геоцентрическая высота полного океанического прилива (решение 2),,022145,СТО* (20 Гц) значений данных по океану,,,,Operational
bufr4/3/12/071/13/022148,12,Последовательности сводок по одному уровню,312071,Геоцентрическая высота полного океанического прилива (решение 2),,022148,Количество (20 Гц) годных точек для данных по океану,,,,Operational
bufr4/3/12/071/14/022146,12,Последовательности сводок по одному уровню,312071,Геоцентрическая высота полного океанического прилива (решение 2),,022146,Диапазон OCOG**,,,,Operational
bufr4/3/12/071/15/022147,12,Последовательности сводок по одному уровню,312071,Геоцентрическая высота полного океанического прилива (решение 2),,022147,СТО* по диапазону OCOG* (20 Гц),,,,Operational
bufr4/3/12/071/16/025126,12,Последовательности сводок по одному уровню,312071,Геоцентрическая высота полного океанического прилива (решение 2),,025126,Поправка на сухую тропосферу в модели,,,,Operational
bufr4/3/12/071/17/025128,12,Последовательности сводок по одному уровню,312071,Геоцентрическая высота полного океанического прилива (решение 2),,025128,Поправка на влажную тропосферу в модели,,,,Operational
bufr4/3/12/071/18/025127,12,Последовательности сводок по одному уровню,312071,Геоцентрическая высота полного океанического прилива (решение 2),,025127,Барометрическая поправка,,,,Operational
bufr4/3/12/071/19/021176,12,Последовательности сводок по одному уровню,312071,Геоцентрическая высота полного океанического прилива (решение 2),,021176,Поправка на высокочастотную изменчивость,,,,Operational
bufr4/3/12/071/20/025132,12,Последовательности сводок по одному уровню,312071,Геоцентрическая высота полного океанического прилива (решение 2),,025132,Ионосферная поправка по модели в полосе частот Ku,,,,Operational
bufr4/3/12/071/21/025133,12,Последовательности сводок по одному уровню,312071,Геоцентрическая высота полного океанического прилива (решение 2),,025133,Коррекция смещенности данных о состоянии моря в полосе частот Ku,,,,Operational
bufr4/3/12/071/22/025182,12,Последовательности сводок по одному уровню,312071,Геоцентрическая высота полного океанического прилива (решение 2),,025182,Флаг обработки данных L1,,,,Operational
bufr4/3/12/071/23/025183,12,Последовательности сводок по одному уровню,312071,Геоцентрическая высота полного океанического прилива (решение 2),,025183,Качество обработки данных L1,,,,Operational
bufr4/3/12/071/24/025180,12,Последовательности сводок по одному уровню,312071,Геоцентрическая высота полного океанического прилива (решение 2),,025180,Процентное отношение моды LRM***,,,,Operational
bufr4/3/12/071/25/025184,12,Последовательности сводок по одному уровню,312071,Геоцентрическая высота полного океанического прилива (решение 2),,025184,Статус продукции L2,,,,Operational
bufr4/3/12/071/26/025181,12,Последовательности сводок по одному уровню,312071,Геоцентрическая высота полного океанического прилива (решение 2),,025181,Флаг обработки данных L2,,,,Operational
bufr4/3/12/071/27/033080,12,Последовательности сводок по одному уровню,312071,Геоцентрическая высота полного океанического прилива (решение 2),,033080,Качество обраФлаги качества на уровне сканирования ботки данных L2,,,,Operational
