Id,Category,CategoryOfSequences_ru,FXY1,Title_ru,SubTitle_ru,FXY2,ElementName_ru,ElementDescription_ru,Note_ru,noteIDs,Status
bufr4/3/02/001/1/010004,02,"Метеорологические последовательности,",302001,Давление Уровень станции,,010004,Давление Уровень станции,,,,Operational
bufr4/3/02/001/2/010051,02,"Метеорологические последовательности,",302001,Давление Уровень станции,,010051,"Давление, приведенное к среднему уровню моря",,,,Operational
bufr4/3/02/001/3/010061,02,"Метеорологические последовательности,",302001,Давление Уровень станции,,010061,Изменение давления за 3 часа,,,,Operational
bufr4/3/02/001/4/010063,02,"Метеорологические последовательности,",302001,Давление Уровень станции,,010063,Характеристика барической тенденции (Высотная станция),,,,Operational
bufr4/3/02/002/1/010004,02,"Метеорологические последовательности,",302002,Давление Уровень станции,,010004,Давление Уровень станции,,,,Operational
bufr4/3/02/002/2/007004,02,"Метеорологические последовательности,",302002,Давление Уровень станции,,007004,Давление Уровень давления,,,,Operational
bufr4/3/02/002/3/010003,02,"Метеорологические последовательности,",302002,Давление Уровень станции,,010003,Геопотенциал Уровень давления,,,,Operational
bufr4/3/02/002/4/010061,02,"Метеорологические последовательности,",302002,Давление Уровень станции,,010061,Изменение давления за 3 часа,,,,Operational
bufr4/3/02/002/5/010063,02,"Метеорологические последовательности,",302002,Давление Уровень станции,,010063,"Характеристика барической тенденции (Ветер, температура, влажность, видимость, погода)",,,,Operational
bufr4/3/02/003/1/011011,02,"Метеорологические последовательности,",302003,Направление ветра на высоте 10 м,,011011,Направление ветра на высоте 10 м,,,,Operational
bufr4/3/02/003/2/011012,02,"Метеорологические последовательности,",302003,Направление ветра на высоте 10 м,,011012,Скорость ветра на высоте 10 м,,,,Operational
bufr4/3/02/003/3/012004,02,"Метеорологические последовательности,",302003,Направление ветра на высоте 10 м,,012004,Температура воздуха на высоте 2 м,,,,Operational
bufr4/3/02/003/4/012006,02,"Метеорологические последовательности,",302003,Направление ветра на высоте 10 м,,012006,Температура точки росы на высоте 2 м,,,,Operational
bufr4/3/02/003/5/013003,02,"Метеорологические последовательности,",302003,Направление ветра на высоте 10 м,,013003,Относительная влажность,,,,Operational
bufr4/3/02/003/6/020001,02,"Метеорологические последовательности,",302003,Направление ветра на высоте 10 м,,020001,Горизонтальная видимость,,,,Operational
bufr4/3/02/003/7/020003,02,"Метеорологические последовательности,",302003,Направление ветра на высоте 10 м,,020003,Текущая погода,,,,Operational
bufr4/3/02/003/8/020004,02,"Метеорологические последовательности,",302003,Направление ветра на высоте 10 м,,020004,Прошедшая погода (1),,,,Operational
bufr4/3/02/003/9/020005,02,"Метеорологические последовательности,",302003,Направление ветра на высоте 10 м,,020005,Прошедшая погода (2) (Общая информация об облачности),,,,Operational
bufr4/3/02/004/1/020010,02,"Метеорологические последовательности,",302004,Облачность (общая),,020010,Облачность (общая),,,,Operational
bufr4/3/02/004/2/008002,02,"Метеорологические последовательности,",302004,Облачность (общая),,008002,Вертикальная значимость (приземные наблюдения),,,,Operational
bufr4/3/02/004/3/020011,02,"Метеорологические последовательности,",302004,Облачность (общая),,020011,Количество облаков,,,,Operational
bufr4/3/02/004/4/020013,02,"Метеорологические последовательности,",302004,Облачность (общая),,020013,Высота нижней границы облаков,,,,Operational
bufr4/3/02/004/5/020012,02,"Метеорологические последовательности,",302004,Облачность (общая),,020012,Тип облачности,,,,Operational
bufr4/3/02/004/6/020012,02,"Метеорологические последовательности,",302004,Облачность (общая),,020012,Тип облачности,,,,Operational
bufr4/3/02/004/7/020012,02,"Метеорологические последовательности,",302004,Облачность (общая),,020012,Тип облачности (Облачный слой),,,,Operational
bufr4/3/02/005/1/008002,02,"Метеорологические последовательности,",302005,Вертикальная значимость (приземные наблюдения),,008002,Вертикальная значимость (приземные наблюдения),,,,Operational
bufr4/3/02/005/2/020011,02,"Метеорологические последовательности,",302005,Вертикальная значимость (приземные наблюдения),,020011,Количество облаков,,,,Operational
bufr4/3/02/005/3/020012,02,"Метеорологические последовательности,",302005,Вертикальная значимость (приземные наблюдения),,020012,Тип облачности,,,,Operational
bufr4/3/02/005/4/020013,02,"Метеорологические последовательности,",302005,Вертикальная значимость (приземные наблюдения),,020013,Высота нижней границы облаков (Давление и его изменение за 24 часа),,,,Operational
bufr4/3/02/006/1/010004,02,"Метеорологические последовательности,",302006,Давление Уровень станции,,010004,Давление Уровень станции,,,,Operational
bufr4/3/02/006/2/010051,02,"Метеорологические последовательности,",302006,Давление Уровень станции,,010051,"Давление, приведенное к среднему уровню моря",,,,Operational
bufr4/3/02/006/3/010062,02,"Метеорологические последовательности,",302006,Давление Уровень станции,,010062,Изменение давления за 24 часа,,,,Operational
bufr4/3/02/006/4/010063,02,"Метеорологические последовательности,",302006,Давление Уровень станции,,010063,Характеристика барической тенденции (Низкорасположенная станция),,,,Operational
bufr4/3/02/011/1/302001,02,"Метеорологические последовательности,",302011,Давление и изменение давления за 3 часа,,302001,Давление и изменение давления за 3 часа,,,,Operational
bufr4/3/02/011/2/302003,02,"Метеорологические последовательности,",302011,Давление и изменение давления за 3 часа,,302003,"Ветер, температура, влажность, видимость, погода",,,,Operational
bufr4/3/02/011/3/302004,02,"Метеорологические последовательности,",302011,Давление и изменение давления за 3 часа,,302004,Общая информация об облачности Значительный слой облачности I.2 – Табл. D BUFR/02 — 1,(продолж.),,,Operational
bufr4/3/02/012/1/302002,02,"Метеорологические последовательности,",302012,Высотная станция Давление и изме- нение давления,,302002,Высотная станция Давление и изменение давления,,,,Operational
bufr4/3/02/012/2/302003,02,"Метеорологические последовательности,",302012,Высотная станция Давление и изме- нение давления,,302003,"Ветер, температура, влажность, видимость, погода",,,,Operational
bufr4/3/02/012/3/302004,02,"Метеорологические последовательности,",302012,Высотная станция Давление и изме- нение давления,,302004,Общая информация об облачности Значительный слой облачности (Основная сводка приземных данных),,,,Operational
bufr4/3/02/013/1/302006,02,"Метеорологические последовательности,",302013,Давление и изменение давления за 24 часа,,302006,Давление и изменение давления за 24 часа,,,,Operational
bufr4/3/02/013/2/302003,02,"Метеорологические последовательности,",302013,Давление и изменение давления за 24 часа,,302003,"Ветер, температура, влажность, видимость, погода",,,,Operational
bufr4/3/02/013/3/101000,02,"Метеорологические последовательности,",302013,Давление и изменение давления за 24 часа,,101000,Повторение с задержкой 1 дескриптора,,,,Operational
bufr4/3/02/013/4/031001,02,"Метеорологические последовательности,",302013,Давление и изменение давления за 24 часа,,031001,Коэффициент повторения дескриптора с задержкой,,,,Operational
bufr4/3/02/013/5/302005,02,"Метеорологические последовательности,",302013,Давление и изменение давления за 24 часа,,302005,Облачный слой (Волнение),,,,Operational
bufr4/3/02/021/1/022001,02,"Метеорологические последовательности,",302021,Направление волн,,022001,Направление волн,,,,Operational
bufr4/3/02/021/2/022011,02,"Метеорологические последовательности,",302021,Направление волн,,022011,Период волн,,,,Operational
bufr4/3/02/021/3/022021,02,"Метеорологические последовательности,",302021,Направление волн,,022021,Высота волн (Ветровые волны),,,,Operational
bufr4/3/02/022/1/022002,02,"Метеорологические последовательности,",302022,Направление ветровых волн,,022002,Направление ветровых волн,,,,Operational
bufr4/3/02/022/2/022012,02,"Метеорологические последовательности,",302022,Направление ветровых волн,,022012,Период ветровых волн,,,,Operational
bufr4/3/02/022/3/022022,02,"Метеорологические последовательности,",302022,Направление ветровых волн,,022022,Высота ветровых волн (Зыбь),,,,Operational
bufr4/3/02/023/1/022003,02,"Метеорологические последовательности,",302023,Направление зыби,,022003,Направление зыби,,,,Operational
bufr4/3/02/023/2/022013,02,"Метеорологические последовательности,",302023,Направление зыби,,022013,Период зыби,,,,Operational
bufr4/3/02/023/3/022023,02,"Метеорологические последовательности,",302023,Направление зыби,,022023,Высота зыби (Ветровые волны и волны зыби),,,,Operational
bufr4/3/02/024/1/302022,02,"Метеорологические последовательности,",302024,Ветровые волны,,302022,Ветровые волны,,,,Operational
bufr4/3/02/024/2/101002,02,"Метеорологические последовательности,",302024,Ветровые волны,,101002,Повторить 1 дескриптор 2 раза,,,,Operational
bufr4/3/02/024/3/302023,02,"Метеорологические последовательности,",302024,Ветровые волны,,302023,Зыбь 2 системы зыби (Информация о давлении),,,,Operational
bufr4/3/02/031/1/302001,02,"Метеорологические последовательности,",302031,Давление и его изменение за 3 часа,,302001,Давление и его изменение за 3 часа,,,,Operational
bufr4/3/02/031/2/010062,02,"Метеорологические последовательности,",302031,Давление и его изменение за 3 часа,,010062,Изменение давления за 24 часа,,,,Operational
bufr4/3/02/031/3/007004,02,"Метеорологические последовательности,",302031,Давление и его изменение за 3 часа,,007004,Давление Стандартный уровень,,,,Operational
bufr4/3/02/031/4/010009,02,"Метеорологические последовательности,",302031,Давление и его изменение за 3 часа,,010009,Геопотенциальная высота (Данные о температуре и влажности),,,,Operational
bufr4/3/02/032/1/007032,02,"Метеорологические последовательности,",302032,Высота датчика над местной площадкой (или палубой Измерение морской платформы) температуры и влажности,,007032,Высота датчика над местной площадкой (или палубой Измерение морской платформы) температуры и влажности,,,,Operational
bufr4/3/02/032/2/012101,02,"Метеорологические последовательности,",302032,Высота датчика над местной площадкой (или палубой Измерение морской платформы) температуры и влажности,,012101,Температура/температура воздуха Масштаб: 2,,,,Operational
bufr4/3/02/032/3/012103,02,"Метеорологические последовательности,",302032,Высота датчика над местной площадкой (или палубой Измерение морской платформы) температуры и влажности,,012103,Температура точки росы Масштаб: 2,,,,Operational
bufr4/3/02/032/4/013003,02,"Метеорологические последовательности,",302032,Высота датчика над местной площадкой (или палубой Измерение морской платформы) температуры и влажности,,013003,Относительная влажность (Данные о видимости),,,,Operational
bufr4/3/02/033/1/007032,02,"Метеорологические последовательности,",302033,Высота датчика над местной площадкой (или палубой Измерение морской платформы) видимости,,007032,Высота датчика над местной площадкой (или палубой Измерение морской платформы) видимости,,,,Operational
bufr4/3/02/033/2/020001,02,"Метеорологические последовательности,",302033,Высота датчика над местной площадкой (или палубой Измерение морской платформы) видимости,,020001,Горизонтальная видимость,(продолж.),,,Operational
bufr4/3/02/034/1/007032,02,"Метеорологические последовательности,",302034,Высота датчика над местной площадкой (или палубой Измерение морской платформы) осадков,,007032,Высота датчика над местной площадкой (или палубой Измерение морской платформы) осадков,,,,Operational
bufr4/3/02/034/2/013023,02,"Метеорологические последовательности,",302034,Высота датчика над местной площадкой (или палубой Измерение морской платформы) осадков,,013023,Общее количество осадков за последние 24 часа (Основные синоптические «мгновенные» данные),,,,Operational
bufr4/3/02/035/1/302032,02,"Метеорологические последовательности,",302035,Данные о температуре и влажности,,302032,Данные о температуре и влажности,,,,Operational
bufr4/3/02/035/2/302033,02,"Метеорологические последовательности,",302035,Данные о температуре и влажности,,302033,Данные о видимости,,,,Operational
bufr4/3/02/035/3/302034,02,"Метеорологические последовательности,",302035,Данные о температуре и влажности,,302034,Осадки за последние 24 часа,,,,Operational
bufr4/3/02/035/4/007032,02,"Метеорологические последовательности,",302035,Данные о температуре и влажности,,007032,Высота датчика над местной площадкой (или палубой Установлено на морской платформы) отсутствующее значение (отмена),,,,Operational
bufr4/3/02/035/5/302004,02,"Метеорологические последовательности,",302035,Данные о температуре и влажности,,302004,Общая информация об облачности,,,,Operational
bufr4/3/02/035/6/101000,02,"Метеорологические последовательности,",302035,Данные о температуре и влажности,,101000,Повторение с задержкой 1 дескриптора,,,,Operational
bufr4/3/02/035/7/031001,02,"Метеорологические последовательности,",302035,Данные о температуре и влажности,,031001,Коэффициент повторения дескриптора с задержкой,,,,Operational
bufr4/3/02/035/8/302005,02,"Метеорологические последовательности,",302035,Данные о температуре и влажности,,302005,Облачный слой Отдельный облачный слой или облачная масса (Облака с нижней границей ниже уровня станции),,,,Operational
bufr4/3/02/036/1/105000,02,"Метеорологические последовательности,",302036,Повторение с задержкой 5 дескрипторов,,105000,Повторение с задержкой 5 дескрипторов,,,,Operational
bufr4/3/02/036/2/031001,02,"Метеорологические последовательности,",302036,Повторение с задержкой 5 дескрипторов,,031001,Коэффициент повторения дескриптора с задержкой,,,,Operational
bufr4/3/02/036/3/008002,02,"Метеорологические последовательности,",302036,Повторение с задержкой 5 дескрипторов,,008002,Вертикальная значимость (приземные наблюдения),,,,Operational
bufr4/3/02/036/4/020011,02,"Метеорологические последовательности,",302036,Повторение с задержкой 5 дескрипторов,,020011,Количество облаков,,,,Operational
bufr4/3/02/036/5/020012,02,"Метеорологические последовательности,",302036,Повторение с задержкой 5 дескрипторов,,020012,Тип облаков,,,,Operational
bufr4/3/02/036/6/020014,02,"Метеорологические последовательности,",302036,Повторение с задержкой 5 дескрипторов,,020014,Высота верхней границы облаков,,,,Operational
bufr4/3/02/036/7/020017,02,"Метеорологические последовательности,",302036,Повторение с задержкой 5 дескрипторов,,020017,"Описание вершины облаков (Состояние поверхности почвы, высота снежного покрова, минимальная температура почвы)",,,,Operational
bufr4/3/02/037/1/020062,02,"Метеорологические последовательности,",302037,Состояние поверхности земли (со снегом или без снега),,020062,Состояние поверхности земли (со снегом или без снега),,,,Operational
bufr4/3/02/037/2/013013,02,"Метеорологические последовательности,",302037,Состояние поверхности земли (со снегом или без снега),,013013,Суммарная высота снежного покрова,,,,Operational
bufr4/3/02/037/3/012113,02,"Метеорологические последовательности,",302037,Состояние поверхности земли (со снегом или без снега),,012113,Минимальная температура на поверхности земли за Масштаб: 2 последние 12 часов (Текущая и прошедшая погода),,,,Operational
bufr4/3/02/038/1/020003,02,"Метеорологические последовательности,",302038,Текущая погода,,020003,Текущая погода,,,,Operational
bufr4/3/02/038/2/004024,02,"Метеорологические последовательности,",302038,Текущая погода,,004024,Временной период или отклонение Часы,,,,Operational
bufr4/3/02/038/3/020004,02,"Метеорологические последовательности,",302038,Текущая погода,,020004,Прошедшая погода (1),,,,Operational
bufr4/3/02/038/4/020005,02,"Метеорологические последовательности,",302038,Текущая погода,,020005,Прошедшая погода (2) (Данные о солнечном сиянии (за 1и 24-часовой период)),,,,Operational
bufr4/3/02/039/1/004024,02,"Метеорологические последовательности,",302039,Временной период или отклонение Часы,,004024,Временной период или отклонение Часы,,,,Operational
bufr4/3/02/039/2/014031,02,"Метеорологические последовательности,",302039,Временной период или отклонение Часы,,014031,Общая продолжительность солнечного сияния (Измерение осадков),,,,Operational
bufr4/3/02/040/1/007032,02,"Метеорологические последовательности,",302040,Высота датчика над местной площадкой (или палубой Измерение морской платформы) осадков,,007032,Высота датчика над местной площадкой (или палубой Измерение морской платформы) осадков,,,,Operational
bufr4/3/02/040/2/102002,02,"Метеорологические последовательности,",302040,Высота датчика над местной площадкой (или палубой Измерение морской платформы) осадков,,102002,Повторить 2 дескриптора 2 раза,,,,Operational
bufr4/3/02/040/3/004024,02,"Метеорологические последовательности,",302040,Высота датчика над местной площадкой (или палубой Измерение морской платформы) осадков,,004024,Временной период или отклонение Часы,,,,Operational
bufr4/3/02/040/4/013011,02,"Метеорологические последовательности,",302040,Высота датчика над местной площадкой (или палубой Измерение морской платформы) осадков,,013011,Общее количество осадков/суммарный водный эквивалент I.2 – Табл. D BUFR/02 — 3,(продолж.),,,Operational
bufr4/3/02/041/1/007032,02,"Метеорологические последовательности,",302041,Высота датчика над местной площадкой (или палубой Измерение темпе- морской платформы ратуры,,007032,Высота датчика над местной площадкой (или палубой Измерение темпеморской платформы ратуры,,,,Operational
bufr4/3/02/041/2/004024,02,"Метеорологические последовательности,",302041,Высота датчика над местной площадкой (или палубой Измерение темпе- морской платформы ратуры,,004024,Временной период или отклонение,,,,Operational
bufr4/3/02/041/3/004024,02,"Метеорологические последовательности,",302041,Высота датчика над местной площадкой (или палубой Измерение темпе- морской платформы ратуры,,004024,Временной период или отклонение (см. примечания 1 и 2),,,,Operational
bufr4/3/02/041/4/012111,02,"Метеорологические последовательности,",302041,Высота датчика над местной площадкой (или палубой Измерение темпе- морской платформы ратуры,,012111,Максимальная температура на указанной высоте и за Масштаб: 2 указанный период,,,,Operational
bufr4/3/02/041/5/004024,02,"Метеорологические последовательности,",302041,Высота датчика над местной площадкой (или палубой Измерение темпе- морской платформы ратуры,,004024,Временной период или отклонение,,,,Operational
bufr4/3/02/041/6/004024,02,"Метеорологические последовательности,",302041,Высота датчика над местной площадкой (или палубой Измерение темпе- морской платформы ратуры,,004024,Временной период или отклонение (см. примечание 2),,,,Operational
bufr4/3/02/041/7/012112,02,"Метеорологические последовательности,",302041,Высота датчика над местной площадкой (или палубой Измерение темпе- морской платформы ратуры,,012112,Минимальная температура на указанной высоте и за Масштаб: 2 указанный период (Данные о ветре),,,,Operational
bufr4/3/02/042/1/007032,02,"Метеорологические последовательности,",302042,Высота датчика над местной площадкой (или палубой Измерение ветра морской платформы),,007032,Высота датчика над местной площадкой (или палубой Измерение ветра морской платформы),,,,Operational
bufr4/3/02/042/2/002002,02,"Метеорологические последовательности,",302042,Высота датчика над местной площадкой (или палубой Измерение ветра морской платформы),,002002,Тип приборного обеспечения для измерения ветра,,,,Operational
bufr4/3/02/042/3/008021,02,"Метеорологические последовательности,",302042,Высота датчика над местной площадкой (или палубой Измерение ветра морской платформы),,008021,Значимость времени = 2 Усредненное по времени,,,,Operational
bufr4/3/02/042/4/004025,02,"Метеорологические последовательности,",302042,Высота датчика над местной площадкой (или палубой Измерение ветра морской платформы),,004025,"Временной период или отклонение = –10 минут, или количество минут после значительного изменения ветра",,,,Operational
bufr4/3/02/042/5/011001,02,"Метеорологические последовательности,",302042,Высота датчика над местной площадкой (или палубой Измерение ветра морской платформы),,011001,Направление ветра,,,,Operational
bufr4/3/02/042/6/011002,02,"Метеорологические последовательности,",302042,Высота датчика над местной площадкой (или палубой Измерение ветра морской платформы),,011002,Скорость ветра,,,,Operational
bufr4/3/02/042/7/008021,02,"Метеорологические последовательности,",302042,Высота датчика над местной площадкой (или палубой Измерение ветра морской платформы),,008021,Значимость времени Установлено на отсутствующее значение,,,,Operational
bufr4/3/02/042/8/103002,02,"Метеорологические последовательности,",302042,Высота датчика над местной площадкой (или палубой Измерение ветра морской платформы),,103002,Повторить 3 дескриптора 2 раза,,,,Operational
bufr4/3/02/042/9/004025,02,"Метеорологические последовательности,",302042,Высота датчика над местной площадкой (или палубой Измерение ветра морской платформы),,004025,Временной период или отклонение Минуты,,,,Operational
bufr4/3/02/042/10/011043,02,"Метеорологические последовательности,",302042,Высота датчика над местной площадкой (или палубой Измерение ветра морской платформы),,011043,Направление ветра при максимальном порыве,,,,Operational
bufr4/3/02/042/11/011041,02,"Метеорологические последовательности,",302042,Высота датчика над местной площадкой (или палубой Измерение ветра морской платформы),,011041,Максимальная скорость ветра при порыве (Основные синоптические данные («за период»)),,,,Operational
bufr4/3/02/043/1/302038,02,"Метеорологические последовательности,",302043,Текущая и прошедшая погода,,302038,Текущая и прошедшая погода,,,,Operational
bufr4/3/02/043/2/101002,02,"Метеорологические последовательности,",302043,Текущая и прошедшая погода,,101002,Повторить 1 дескриптор 2 раза,,,,Operational
bufr4/3/02/043/3/302039,02,"Метеорологические последовательности,",302043,Текущая и прошедшая погода,,302039,Данные о солнечном сиянии (за 1и 24-часовой период),,,,Operational
bufr4/3/02/043/4/302040,02,"Метеорологические последовательности,",302043,Текущая и прошедшая погода,,302040,Измерение осадков,,,,Operational
bufr4/3/02/043/5/302041,02,"Метеорологические последовательности,",302043,Текущая и прошедшая погода,,302041,Данные об экстремальной температуре,,,,Operational
bufr4/3/02/043/6/302042,02,"Метеорологические последовательности,",302043,Текущая и прошедшая погода,,302042,Данные о ветре,,,,Operational
bufr4/3/02/043/7/007032,02,"Метеорологические последовательности,",302043,Текущая и прошедшая погода,,007032,Высота датчика над местной площадкой (или палубой Установлено на морской платформы) отсутствующее значение (отмена) (Данные об испарении),,,,Operational
bufr4/3/02/044/1/004024,02,"Метеорологические последовательности,",302044,Временной период или отклонение Часы,,004024,Временной период или отклонение Часы,,,,Operational
bufr4/3/02/044/2/002004,02,"Метеорологические последовательности,",302044,Временной период или отклонение Часы,,002004,"Тип прибора для измерения испарения или вид сельскохозяйственной культуры, по которой сообщаются данные об эвапотранспирации",,,,Operational
bufr4/3/02/044/3/013033,02,"Метеорологические последовательности,",302044,Временной период или отклонение Часы,,013033,Испарение/эвапотранспирация,(продолж.),,,Operational
bufr4/3/02/045/1/004024,02,"Метеорологические последовательности,",302045,Часы,,004024,Часы,,,,Operational
bufr4/3/02/045/2/014002,02,"Метеорологические последовательности,",302045,Часы,,014002,,,,,Operational
bufr4/3/02/045/3/014004,02,"Метеорологические последовательности,",302045,Часы,,014004,,,,,Operational
bufr4/3/02/045/4/014016,02,"Метеорологические последовательности,",302045,Часы,,014016,,,,,Operational
bufr4/3/02/045/5/014028,02,"Метеорологические последовательности,",302045,Часы,,014028,,,,,Operational
bufr4/3/02/045/6/014029,02,"Метеорологические последовательности,",302045,Часы,,014029,,,,,Operational
bufr4/3/02/045/7/014030,02,"Метеорологические последовательности,",302045,Часы,,014030,,,,,Operational
bufr4/3/02/046/1/004024,02,"Метеорологические последовательности,",302046,,,004024,,,,,Operational
bufr4/3/02/046/2/004024,02,"Метеорологические последовательности,",302046,,,004024,,,,,Operational
bufr4/3/02/046/3/012049,02,"Метеорологические последовательности,",302046,,,012049,,,,,Operational
bufr4/3/02/047/1/102003,02,"Метеорологические последовательности,",302047,,,102003,,,,,Operational
bufr4/3/02/047/2/008002,02,"Метеорологические последовательности,",302047,,,008002,,,,,Operational
bufr4/3/02/047/3/020054,02,"Метеорологические последовательности,",302047,,,020054,,,,,Operational
bufr4/3/02/048/1/005021,02,"Метеорологические последовательности,",302048,,,005021,,,,,Operational
bufr4/3/02/048/2/007021,02,"Метеорологические последовательности,",302048,,,007021,Угол возвышения,,,,Operational
bufr4/3/02/048/3/020012,02,"Метеорологические последовательности,",302048,,,020012,,,,,Operational
bufr4/3/02/048/4/005021,02,"Метеорологические последовательности,",302048,,,005021,Установлено на отсутствующее значение (отмена),,,,Operational
bufr4/3/02/048/5/007021,02,"Метеорологические последовательности,",302048,,,007021,Установлено на отсутствующее значение (отмена),,,,Operational
bufr4/3/02/049/1/008002,02,"Метеорологические последовательности,",302049,,,008002,,,,,Operational
bufr4/3/02/049/2/020011,02,"Метеорологические последовательности,",302049,,,020011,Облака нижнего или среднего яруса N,h,,,Operational
bufr4/3/02/049/3/020013,02,"Метеорологические последовательности,",302049,,,020013,h,,,,Operational
bufr4/3/02/049/4/020012,02,"Метеорологические последовательности,",302049,,,020012,Облака нижнего яруса C,L,,,Operational
bufr4/3/02/049/5/020012,02,"Метеорологические последовательности,",302049,,,020012,Облака среднего яруса C,M,,,Operational
bufr4/3/02/049/6/020012,02,"Метеорологические последовательности,",302049,,,020012,Облака верхнего яруса C,H,,,Operational
bufr4/3/02/049/7/008002,02,"Метеорологические последовательности,",302049,,,008002,Установлено на отсутствующее значение I.2 – Табл. D BUFR/02 — 5,(продолж.),,,Operational
bufr4/3/02/050/1/008041,02,"Метеорологические последовательности,",302050,Значимость данных = 5 Смещение точки приземного наблюдения отно- сительно точки запуска,,008041,Значимость данных = 5 Смещение точки приземного наблюдения относительно точки запуска,,,,Operational
bufr4/3/02/050/2/005021,02,"Метеорологические последовательности,",302050,Значимость данных = 5 Смещение точки приземного наблюдения отно- сительно точки запуска,,005021,Пеленг или азимут,,,,Operational
bufr4/3/02/050/3/007005,02,"Метеорологические последовательности,",302050,Значимость данных = 5 Смещение точки приземного наблюдения отно- сительно точки запуска,,007005,Приращение высоты,,,,Operational
bufr4/3/02/050/4/202130,02,"Метеорологические последовательности,",302050,Значимость данных = 5 Смещение точки приземного наблюдения отно- сительно точки запуска,,202130,Изменить масштаб,,,,Operational
bufr4/3/02/050/5/006021,02,"Метеорологические последовательности,",302050,Значимость данных = 5 Смещение точки приземного наблюдения отно- сительно точки запуска,,006021,Расстояние,,,,Operational
bufr4/3/02/050/6/202000,02,"Метеорологические последовательности,",302050,Значимость данных = 5 Смещение точки приземного наблюдения отно- сительно точки запуска,,202000,Изменить масштаб Отмена,,,,Operational
bufr4/3/02/050/7/008041,02,"Метеорологические последовательности,",302050,Значимость данных = 5 Смещение точки приземного наблюдения отно- сительно точки запуска,,008041,Значимость данных = 4 Приземное наблюдение,,,,Operational
bufr4/3/02/050/8/201131,02,"Метеорологические последовательности,",302050,Значимость данных = 5 Смещение точки приземного наблюдения отно- сительно точки запуска,,201131,Изменить длину данных,,,,Operational
bufr4/3/02/050/9/202129,02,"Метеорологические последовательности,",302050,Значимость данных = 5 Смещение точки приземного наблюдения отно- сительно точки запуска,,202129,Изменить масштаб,,,,Operational
bufr4/3/02/050/10/002115,02,"Метеорологические последовательности,",302050,Значимость данных = 5 Смещение точки приземного наблюдения отно- сительно точки запуска,,002115,Тип оборудования для приземного наблюдения,,,,Operational
bufr4/3/02/050/11/010004,02,"Метеорологические последовательности,",302050,Значимость данных = 5 Смещение точки приземного наблюдения отно- сительно точки запуска,,010004,Давление,,,,Operational
bufr4/3/02/050/12/002115,02,"Метеорологические последовательности,",302050,Значимость данных = 5 Смещение точки приземного наблюдения отно- сительно точки запуска,,002115,Тип оборудования для приземного наблюдения,,,,Operational
bufr4/3/02/050/13/013003,02,"Метеорологические последовательности,",302050,Значимость данных = 5 Смещение точки приземного наблюдения отно- сительно точки запуска,,013003,Относительная влажность,,,,Operational
bufr4/3/02/050/14/202000,02,"Метеорологические последовательности,",302050,Значимость данных = 5 Смещение точки приземного наблюдения отно- сительно точки запуска,,202000,Изменить масштаб Отмена,,,,Operational
bufr4/3/02/050/15/201000,02,"Метеорологические последовательности,",302050,Значимость данных = 5 Смещение точки приземного наблюдения отно- сительно точки запуска,,201000,Изменить длину данных Отмена,,,,Operational
bufr4/3/02/050/16/002115,02,"Метеорологические последовательности,",302050,Значимость данных = 5 Смещение точки приземного наблюдения отно- сительно точки запуска,,002115,Тип оборудования для приземных наблюдений,,,,Operational
bufr4/3/02/050/17/011001,02,"Метеорологические последовательности,",302050,Значимость данных = 5 Смещение точки приземного наблюдения отно- сительно точки запуска,,011001,Направление ветра,,,,Operational
bufr4/3/02/050/18/011002,02,"Метеорологические последовательности,",302050,Значимость данных = 5 Смещение точки приземного наблюдения отно- сительно точки запуска,,011002,Скорость ветра,,,,Operational
bufr4/3/02/050/19/002115,02,"Метеорологические последовательности,",302050,Значимость данных = 5 Смещение точки приземного наблюдения отно- сительно точки запуска,,002115,Тип оборудования для приземных наблюдений,,,,Operational
bufr4/3/02/050/20/102002,02,"Метеорологические последовательности,",302050,Значимость данных = 5 Смещение точки приземного наблюдения отно- сительно точки запуска,,102002,Повторить 2 дескриптора 2 раза,,,,Operational
bufr4/3/02/050/21/012101,02,"Метеорологические последовательности,",302050,Значимость данных = 5 Смещение точки приземного наблюдения отно- сительно точки запуска,,012101,Температура/температура воздуха,,,,Operational
bufr4/3/02/050/22/004024,02,"Метеорологические последовательности,",302050,Значимость данных = 5 Смещение точки приземного наблюдения отно- сительно точки запуска,,004024,Временной период или отклонение Часы,,,,Operational
bufr4/3/02/050/23/002115,02,"Метеорологические последовательности,",302050,Значимость данных = 5 Смещение точки приземного наблюдения отно- сительно точки запуска,,002115,Тип оборудования для приземных наблюдений,,,,Operational
bufr4/3/02/050/24/012103,02,"Метеорологические последовательности,",302050,Значимость данных = 5 Смещение точки приземного наблюдения отно- сительно точки запуска,,012103,Температура точки росы,,,,Operational
bufr4/3/02/050/25/012102,02,"Метеорологические последовательности,",302050,Значимость данных = 5 Смещение точки приземного наблюдения отно- сительно точки запуска,,012102,Температура по смоченному термометру,,,,Operational
bufr4/3/02/050/26/101003,02,"Метеорологические последовательности,",302050,Значимость данных = 5 Смещение точки приземного наблюдения отно- сительно точки запуска,,101003,Повторить 1 дескриптор 3 раза,,,,Operational
bufr4/3/02/050/27/020012,02,"Метеорологические последовательности,",302050,Значимость данных = 5 Смещение точки приземного наблюдения отно- сительно точки запуска,,020012,Тип облачности,,,,Operational
bufr4/3/02/050/28/020011,02,"Метеорологические последовательности,",302050,Значимость данных = 5 Смещение точки приземного наблюдения отно- сительно точки запуска,,020011,Количество облаков,,,,Operational
bufr4/3/02/050/29/020013,02,"Метеорологические последовательности,",302050,Значимость данных = 5 Смещение точки приземного наблюдения отно- сительно точки запуска,,020013,Высота нижней границы облаков,,,,Operational
bufr4/3/02/050/30/101002,02,"Метеорологические последовательности,",302050,Значимость данных = 5 Смещение точки приземного наблюдения отно- сительно точки запуска,,101002,Повторить 1 дескриптор 2 раза,,,,Operational
bufr4/3/02/050/31/020003,02,"Метеорологические последовательности,",302050,Значимость данных = 5 Смещение точки приземного наблюдения отно- сительно точки запуска,,020003,Текущая погода,,,,Operational
bufr4/3/02/051/1/010004,02,"Метеорологические последовательности,",302051,Давление,,010004,Давление,,,,Operational
bufr4/3/02/051/2/010051,02,"Метеорологические последовательности,",302051,Давление,,010051,"Давление, приведенное к среднему уровню моря",,,,Operational
bufr4/3/02/051/3/007004,02,"Метеорологические последовательности,",302051,Давление,,007004,Давление Вертикальное местоположение,,,,Operational
bufr4/3/02/051/4/010003,02,"Метеорологические последовательности,",302051,Давление,,010003,Геопотенциал,,,,Operational
bufr4/3/02/051/5/012004,02,"Метеорологические последовательности,",302051,Давление,,012004,Температура воздуха на высоте 2 м,,,,Operational
bufr4/3/02/051/6/012051,02,"Метеорологические последовательности,",302051,Давление,,012051,Стандартное отклонение температуры,,,,Operational
bufr4/3/02/051/7/012016,02,"Метеорологические последовательности,",302051,Давление,,012016,Максимальная температура на высоте 2 м за последние 24 часа,,,,Operational
bufr4/3/02/051/8/012017,02,"Метеорологические последовательности,",302051,Давление,,012017,Минимальная температура на высоте 2 м за последние 24 часа,,,,Operational
bufr4/3/02/051/9/013004,02,"Метеорологические последовательности,",302051,Давление,,013004,Давление водяного пара,,,,Operational
bufr4/3/02/051/10/102004,02,"Метеорологические последовательности,",302051,Давление,,102004,Повторить 2 дескриптора 4 раза,,,,Operational
bufr4/3/02/051/11/008051,02,"Метеорологические последовательности,",302051,Давление,,008051,Описатель числа отсутствующих значений в расчетах статистики,,,,Operational
bufr4/3/02/051/12/008020,02,"Метеорологические последовательности,",302051,Давление,,008020,Общее число отсутствующих величин (для суммы или средней),(продолж.),,,Operational
bufr4/3/02/052/1/007032,02,"Метеорологические последовательности,",302052,Высота датчика над местной площадкой (или палубой Измерение морской платформы) температуры и влажности,,007032,Высота датчика над местной площадкой (или палубой Измерение морской платформы) температуры и влажности,,,,Operational
bufr4/3/02/052/2/007033,02,"Метеорологические последовательности,",302052,Высота датчика над местной площадкой (или палубой Измерение морской платформы) температуры и влажности,,007033,Высота датчика над поверхностью воды Измерение температуры и влажности,,,,Operational
bufr4/3/02/052/3/012101,02,"Метеорологические последовательности,",302052,Высота датчика над местной площадкой (или палубой Измерение морской платформы) температуры и влажности,,012101,Температура/температура воздуха Масштаб: 2,,,,Operational
bufr4/3/02/052/4/002039,02,"Метеорологические последовательности,",302052,Высота датчика над местной площадкой (или палубой Измерение морской платформы) температуры и влажности,,002039,Метод измерения температуры по смоченному термометру,,,,Operational
bufr4/3/02/052/5/012102,02,"Метеорологические последовательности,",302052,Высота датчика над местной площадкой (или палубой Измерение морской платформы) температуры и влажности,,012102,Температура по смоченному термометру Масштаб: 2,,,,Operational
bufr4/3/02/052/6/012103,02,"Метеорологические последовательности,",302052,Высота датчика над местной площадкой (или палубой Измерение морской платформы) температуры и влажности,,012103,Температура точки росы Масштаб: 2,,,,Operational
bufr4/3/02/052/7/013003,02,"Метеорологические последовательности,",302052,Высота датчика над местной площадкой (или палубой Измерение морской платформы) температуры и влажности,,013003,"Относительная влажность (Данные о видимости, полученные с судна)",,,,Operational
bufr4/3/02/053/1/007032,02,"Метеорологические последовательности,",302053,Высота датчика над местной площадкой (или палубой Измерение морской платформы) видимости,,007032,Высота датчика над местной площадкой (или палубой Измерение морской платформы) видимости,,,,Operational
bufr4/3/02/053/2/007033,02,"Метеорологические последовательности,",302053,Высота датчика над местной площадкой (или палубой Измерение морской платформы) видимости,,007033,Высота датчика над поверхностью воды Измерение видимости,,,,Operational
bufr4/3/02/053/3/020001,02,"Метеорологические последовательности,",302053,Высота датчика над местной площадкой (или палубой Измерение морской платформы) видимости,,020001,"Горизонтальная видимость («Мгновенные» данные, полученные с судна)",,,,Operational
bufr4/3/02/054/1/302052,02,"Метеорологические последовательности,",302054,"Данные о температуре и влажности, полученные с судна",,302052,"Данные о температуре и влажности, полученные с судна",,,,Operational
bufr4/3/02/054/2/302053,02,"Метеорологические последовательности,",302054,"Данные о температуре и влажности, полученные с судна",,302053,"Данные о видимости, полученные с судна",,,,Operational
bufr4/3/02/054/3/007033,02,"Метеорологические последовательности,",302054,"Данные о температуре и влажности, полученные с судна",,007033,Высота датчика над поверхностью воды Установлено на отсутствующее значение (отмена),,,,Operational
bufr4/3/02/054/4/302034,02,"Метеорологические последовательности,",302054,"Данные о температуре и влажности, полученные с судна",,302034,Осадки за последние 24 часа,,,,Operational
bufr4/3/02/054/5/007032,02,"Метеорологические последовательности,",302054,"Данные о температуре и влажности, полученные с судна",,007032,Высота датчика над местной площадкой (или палубой Установлено на морской платформы) отсутствующее значение (отмена),,,,Operational
bufr4/3/02/054/6/302004,02,"Метеорологические последовательности,",302054,"Данные о температуре и влажности, полученные с судна",,302004,Общая информация об облачности,,,,Operational
bufr4/3/02/054/7/101000,02,"Метеорологические последовательности,",302054,"Данные о температуре и влажности, полученные с судна",,101000,Повторение с задержкой 1 дескриптора,,,,Operational
bufr4/3/02/054/8/031001,02,"Метеорологические последовательности,",302054,"Данные о температуре и влажности, полученные с судна",,031001,Коэффициент повторения дескриптора с задержкой,,,,Operational
bufr4/3/02/054/9/302005,02,"Метеорологические последовательности,",302054,"Данные о температуре и влажности, полученные с судна",,302005,Облачный слой (Обледенение и лед),,,,Operational
bufr4/3/02/055/1/020031,02,"Метеорологические последовательности,",302055,Отложение льда (толщина),,020031,Отложение льда (толщина),,,,Operational
bufr4/3/02/055/2/020032,02,"Метеорологические последовательности,",302055,Отложение льда (толщина),,020032,Скорость нарастания льда (оцененная),,,,Operational
bufr4/3/02/055/3/020033,02,"Метеорологические последовательности,",302055,Отложение льда (толщина),,020033,Причина нарастания льда,,,,Operational
bufr4/3/02/055/4/020034,02,"Метеорологические последовательности,",302055,Отложение льда (толщина),,020034,Сплоченность морского льда,,,,Operational
bufr4/3/02/055/5/020035,02,"Метеорологические последовательности,",302055,Отложение льда (толщина),,020035,Количество и тип льда,,,,Operational
bufr4/3/02/055/6/020036,02,"Метеорологические последовательности,",302055,Отложение льда (толщина),,020036,Ледовая обстановка,,,,Operational
bufr4/3/02/055/7/020037,02,"Метеорологические последовательности,",302055,Отложение льда (толщина),,020037,Развитие льда,,,,Operational
bufr4/3/02/055/8/020038,02,"Метеорологические последовательности,",302055,Отложение льда (толщина),,020038,Азимут кромки льда (Температура моря/воды),,,,Operational
bufr4/3/02/056/1/002038,02,"Метеорологические последовательности,",302056,Метод измерения температуры и/или солености воды,,002038,Метод измерения температуры и/или солености воды,,,,Operational
bufr4/3/02/056/2/007063,02,"Метеорологические последовательности,",302056,Метод измерения температуры и/или солености воды,,007063,Глубина от поверхности моря/водной поверхности (см) Измерение температуры поверхности моря,,,,Operational
bufr4/3/02/056/3/022043,02,"Метеорологические последовательности,",302056,Метод измерения температуры и/или солености воды,,022043,Температура моря/воды,,,,Operational
bufr4/3/02/056/4/007063,02,"Метеорологические последовательности,",302056,Метод измерения температуры и/или солености воды,,007063,Глубина от поверхности моря/водной поверхности (см) Установлено на отсутствующее значение (отмена) I.2 – Табл. D BUFR/02 — 7,(продолж.),,,Operational
bufr4/3/02/057/1/302056,02,"Метеорологические последовательности,",302057,"Температура моря/воды Температура поверхности моря, метод измерения и глубина от поверх- ности моря",,302056,"Температура моря/воды Температура поверхности моря, метод измерения и глубина от поверхности моря",,,,Operational
bufr4/3/02/057/2/302021,02,"Метеорологические последовательности,",302057,"Температура моря/воды Температура поверхности моря, метод измерения и глубина от поверх- ности моря",,302021,Волнение,,,,Operational
bufr4/3/02/057/3/302024,02,"Метеорологические последовательности,",302057,"Температура моря/воды Температура поверхности моря, метод измерения и глубина от поверх- ности моря",,302024,"Ветровые волны и волны зыби (Данные об экстремальной температуре, полученные с судна)",,,,Operational
bufr4/3/02/058/1/007032,02,"Метеорологические последовательности,",302058,Высота датчика над местной площадкой (или палубой Измерение темпе- морской платформы) ратуры,,007032,Высота датчика над местной площадкой (или палубой Измерение темпеморской платформы) ратуры,,,,Operational
bufr4/3/02/058/2/007033,02,"Метеорологические последовательности,",302058,Высота датчика над местной площадкой (или палубой Измерение темпе- морской платформы) ратуры,,007033,Высота датчика над поверхностью воды Измерение температуры,,,,Operational
bufr4/3/02/058/3/004024,02,"Метеорологические последовательности,",302058,Высота датчика над местной площадкой (или палубой Измерение темпе- морской платформы) ратуры,,004024,Временной период или отклонение,,,,Operational
bufr4/3/02/058/4/004024,02,"Метеорологические последовательности,",302058,Высота датчика над местной площадкой (или палубой Измерение темпе- морской платформы) ратуры,,004024,Временной период или отклонение (см. примечания 1 и 2),,,,Operational
bufr4/3/02/058/5/012111,02,"Метеорологические последовательности,",302058,Высота датчика над местной площадкой (или палубой Измерение темпе- морской платформы) ратуры,,012111,Максимальная температура на указанной высоте и за Масштаб: 2 указанный период,,,,Operational
bufr4/3/02/058/6/004024,02,"Метеорологические последовательности,",302058,Высота датчика над местной площадкой (или палубой Измерение темпе- морской платформы) ратуры,,004024,Временной период или отклонение,,,,Operational
bufr4/3/02/058/7/004024,02,"Метеорологические последовательности,",302058,Высота датчика над местной площадкой (или палубой Измерение темпе- морской платформы) ратуры,,004024,Временной период или отклонение (см. примечание 2),,,,Operational
bufr4/3/02/058/8/012112,02,"Метеорологические последовательности,",302058,Высота датчика над местной площадкой (или палубой Измерение темпе- морской платформы) ратуры,,012112,"Минимальная температура на указанной высоте и за Масштаб: 2 указанный период (Данные о ветре, полученные с судна)",,,,Operational
bufr4/3/02/059/1/007032,02,"Метеорологические последовательности,",302059,Высота датчика над местной площадкой (или палубой Измерение ветра морской платформы,,007032,Высота датчика над местной площадкой (или палубой Измерение ветра морской платформы,,,,Operational
bufr4/3/02/059/2/007033,02,"Метеорологические последовательности,",302059,Высота датчика над местной площадкой (или палубой Измерение ветра морской платформы,,007033,Высота датчика над поверхностью воды Измерение ветра,,,,Operational
bufr4/3/02/059/3/002002,02,"Метеорологические последовательности,",302059,Высота датчика над местной площадкой (или палубой Измерение ветра морской платформы,,002002,Тип приборного обеспечения для измерения ветра,,,,Operational
bufr4/3/02/059/4/008021,02,"Метеорологические последовательности,",302059,Высота датчика над местной площадкой (или палубой Измерение ветра морской платформы,,008021,Значимость времени = 2 Усредненное по времени,,,,Operational
bufr4/3/02/059/5/004025,02,"Метеорологические последовательности,",302059,Высота датчика над местной площадкой (или палубой Измерение ветра морской платформы,,004025,"Временной период или отклонение = –10 минут, или количество минут после значительного изменения ветра",,,,Operational
bufr4/3/02/059/6/011001,02,"Метеорологические последовательности,",302059,Высота датчика над местной площадкой (или палубой Измерение ветра морской платформы,,011001,Направление ветра,,,,Operational
bufr4/3/02/059/7/011002,02,"Метеорологические последовательности,",302059,Высота датчика над местной площадкой (или палубой Измерение ветра морской платформы,,011002,Скорость ветра,,,,Operational
bufr4/3/02/059/8/008021,02,"Метеорологические последовательности,",302059,Высота датчика над местной площадкой (или палубой Измерение ветра морской платформы,,008021,Значимость времени Установлено на отсутствующее значение,,,,Operational
bufr4/3/02/059/9/103002,02,"Метеорологические последовательности,",302059,Высота датчика над местной площадкой (или палубой Измерение ветра морской платформы,,103002,Повторить 3 дескриптора 2 раза,,,,Operational
bufr4/3/02/059/10/004025,02,"Метеорологические последовательности,",302059,Высота датчика над местной площадкой (или палубой Измерение ветра морской платформы,,004025,Временной период или отклонение Минуты,,,,Operational
bufr4/3/02/059/11/011043,02,"Метеорологические последовательности,",302059,Высота датчика над местной площадкой (или палубой Измерение ветра морской платформы,,011043,Направление ветра при максимальном порыве,,,,Operational
bufr4/3/02/059/12/011041,02,"Метеорологические последовательности,",302059,Высота датчика над местной площадкой (или палубой Измерение ветра морской платформы,,011041,"Максимальная скорость ветра при порыве (Данные «за период», полученные с судна)",,,,Operational
bufr4/3/02/060/1/302038,02,"Метеорологические последовательности,",302060,Текущая и прошедшая погода,,302038,Текущая и прошедшая погода,,,,Operational
bufr4/3/02/060/2/302040,02,"Метеорологические последовательности,",302060,Текущая и прошедшая погода,,302040,Измерение осадков,,,,Operational
bufr4/3/02/060/3/302058,02,"Метеорологические последовательности,",302060,Текущая и прошедшая погода,,302058,"Данные об экстремальной температуре, полученные с судна",,,,Operational
bufr4/3/02/060/4/302059,02,"Метеорологические последовательности,",302060,Текущая и прошедшая погода,,302059,"Данные о ветре, полученные с судна",(продолж.),,,Operational
bufr4/3/02/062/1/025188,02,"Метеорологические последовательности,",302062,Метод приведения давления к уровню моря,,025188,Метод приведения давления к уровню моря,,,,Operational
bufr4/3/02/062/2/302001,02,"Метеорологические последовательности,",302062,Метод приведения давления к уровню моря,,302001,Давление и изменение давления за 3 часа,,,,Operational
bufr4/3/02/062/3/302093,02,"Метеорологические последовательности,",302062,Метод приведения давления к уровню моря,,302093,"Расширенные данные о температуре и влажности, полученные с судна",,,,Operational
bufr4/3/02/062/4/101000,02,"Метеорологические последовательности,",302062,Метод приведения давления к уровню моря,,101000,Повторение с задержкой 1 дескриптора,,,,Operational
bufr4/3/02/062/5/031000,02,"Метеорологические последовательности,",302062,Метод приведения давления к уровню моря,,031000,Коэффициент повторения короткого дескриптора с задержкой,,,,Operational
bufr4/3/02/062/6/302053,02,"Метеорологические последовательности,",302062,Метод приведения давления к уровню моря,,302053,"Данные о видимости, полученные с судна",,,,Operational
bufr4/3/02/062/7/007032,02,"Метеорологические последовательности,",302062,Метод приведения давления к уровню моря,,007032,Высота датчика над местной площадкой (или палубой Установлено на морской платформы) отсутствующее значение (отмена),,,,Operational
bufr4/3/02/062/8/007033,02,"Метеорологические последовательности,",302062,Метод приведения давления к уровню моря,,007033,Высота датчика над поверхностью воды Установлено на отсутствующее значение (отмена),,,,Operational
bufr4/3/02/062/9/101000,02,"Метеорологические последовательности,",302062,Метод приведения давления к уровню моря,,101000,Повторение с задержкой 1 дескриптора,,,,Operational
bufr4/3/02/062/10/031000,02,"Метеорологические последовательности,",302062,Метод приведения давления к уровню моря,,031000,Коэффициент повторения короткого дескриптора с задержкой,,,,Operational
bufr4/3/02/062/11/302004,02,"Метеорологические последовательности,",302062,Метод приведения давления к уровню моря,,302004,Общая информация об облачности,,,,Operational
bufr4/3/02/062/12/101000,02,"Метеорологические последовательности,",302062,Метод приведения давления к уровню моря,,101000,Повторение с задержкой 1 дескриптора,,,,Operational
bufr4/3/02/062/13/031001,02,"Метеорологические последовательности,",302062,Метод приведения давления к уровню моря,,031001,Коэффициент повторения дескриптора с задержкой,,,,Operational
bufr4/3/02/062/14/302005,02,"Метеорологические последовательности,",302062,Метод приведения давления к уровню моря,,302005,Облачный слой,,,,Operational
bufr4/3/02/062/15/008002,02,"Метеорологические последовательности,",302062,Метод приведения давления к уровню моря,,008002,Вертикальная значимость (приземные наблюдения) Установлено на отсутствующее значение (отмена),,,,Operational
bufr4/3/02/062/16/101000,02,"Метеорологические последовательности,",302062,Метод приведения давления к уровню моря,,101000,Повторение с задержкой 1 дескриптора,,,,Operational
bufr4/3/02/062/17/031000,02,"Метеорологические последовательности,",302062,Метод приведения давления к уровню моря,,031000,Коэффициент повторения короткого дескриптора с задержкой,,,,Operational
bufr4/3/02/062/18/302055,02,"Метеорологические последовательности,",302062,Метод приведения давления к уровню моря,,302055,Обледенение и лед,,,,Operational
bufr4/3/02/062/19/101000,02,"Метеорологические последовательности,",302062,Метод приведения давления к уровню моря,,101000,Повторение с задержкой 1 дескриптора,,,,Operational
bufr4/3/02/062/20/031000,02,"Метеорологические последовательности,",302062,Метод приведения давления к уровню моря,,031000,Коэффициент повторения короткого дескриптора с задержкой,,,,Operational
bufr4/3/02/062/21/302056,02,"Метеорологические последовательности,",302062,Метод приведения давления к уровню моря,,302056,Температура моря/воды,,,,Operational
bufr4/3/02/062/22/101000,02,"Метеорологические последовательности,",302062,Метод приведения давления к уровню моря,,101000,Повторение с задержкой 1 дескриптора,,,,Operational
bufr4/3/02/062/23/031000,02,"Метеорологические последовательности,",302062,Метод приведения давления к уровню моря,,031000,Коэффициент повторения короткого дескриптора с задержкой,,,,Operational
bufr4/3/02/062/24/302021,02,"Метеорологические последовательности,",302062,Метод приведения давления к уровню моря,,302021,Волнение,,,,Operational
bufr4/3/02/062/25/101000,02,"Метеорологические последовательности,",302062,Метод приведения давления к уровню моря,,101000,Повторение с задержкой 1 дескриптора,,,,Operational
bufr4/3/02/062/26/031000,02,"Метеорологические последовательности,",302062,Метод приведения давления к уровню моря,,031000,Коэффициент повторения короткого дескриптора с задержкой,,,,Operational
bufr4/3/02/062/27/302024,02,"Метеорологические последовательности,",302062,Метод приведения давления к уровню моря,,302024,"Ветровые волны и волны зыби (Данные «за период», полученные с судна)",,,,Operational
bufr4/3/02/063/1/302038,02,"Метеорологические последовательности,",302063,Текущая и прошедшая погода,,302038,Текущая и прошедшая погода,,,,Operational
bufr4/3/02/063/2/101000,02,"Метеорологические последовательности,",302063,Текущая и прошедшая погода,,101000,Повторение с задержкой 1 дескриптора,,,,Operational
bufr4/3/02/063/3/031000,02,"Метеорологические последовательности,",302063,Текущая и прошедшая погода,,031000,Коэффициент повторения короткого дескриптора с задержкой,,,,Operational
bufr4/3/02/063/4/302040,02,"Метеорологические последовательности,",302063,Текущая и прошедшая погода,,302040,Измерение осадков,,,,Operational
bufr4/3/02/063/5/101000,02,"Метеорологические последовательности,",302063,Текущая и прошедшая погода,,101000,Повторение с задержкой 1 дескриптора,,,,Operational
bufr4/3/02/063/6/031000,02,"Метеорологические последовательности,",302063,Текущая и прошедшая погода,,031000,Коэффициент повторения короткого дескриптора с задержкой,,,,Operational
bufr4/3/02/063/7/302034,02,"Метеорологические последовательности,",302063,Текущая и прошедшая погода,,302034,Осадки за последние 24 часа,,,,Operational
bufr4/3/02/063/8/007032,02,"Метеорологические последовательности,",302063,Текущая и прошедшая погода,,007032,Высота датчика над местной площадкой (или палубой Установлено на морской платформы) отсутствующее значение (отмена),,,,Operational
bufr4/3/02/063/9/101000,02,"Метеорологические последовательности,",302063,Текущая и прошедшая погода,,101000,Повторение с задержкой 1 дескриптора I.2 – Табл. D BUFR/02 — 9,(продолж.),,,Operational
bufr4/3/02/063/1/031000,02,"Метеорологические последовательности,",302063,Коэффициент повторения короткого дескриптора с задержкой,,031000,Коэффициент повторения короткого дескриптора с задержкой,,,,Operational
bufr4/3/02/063/2/302058,02,"Метеорологические последовательности,",302063,Коэффициент повторения короткого дескриптора с задержкой,,302058,"Данные об экстремальной температуре, полученные с судна",,,,Operational
bufr4/3/02/063/3/101000,02,"Метеорологические последовательности,",302063,Коэффициент повторения короткого дескриптора с задержкой,,101000,Повторение с задержкой 1 дескриптора,,,,Operational
bufr4/3/02/063/4/031000,02,"Метеорологические последовательности,",302063,Коэффициент повторения короткого дескриптора с задержкой,,031000,Коэффициент повторения короткого дескриптора с задержкой,,,,Operational
bufr4/3/02/063/5/302064,02,"Метеорологические последовательности,",302063,Коэффициент повторения короткого дескриптора с задержкой,,302064,Данные о ветре с судов или других морских платформ (Данные о ветре с судов или других морских платформ),,,,Operational
bufr4/3/02/064/1/007032,02,"Метеорологические последовательности,",302064,Высота датчика над местной площадкой (или палубой морской платформы),,007032,Высота датчика над местной площадкой (или палубой морской платформы),,,,Operational
bufr4/3/02/064/2/007033,02,"Метеорологические последовательности,",302064,Высота датчика над местной площадкой (или палубой морской платформы),,007033,Высота датчика над поверхностью воды,,,,Operational
bufr4/3/02/064/3/002002,02,"Метеорологические последовательности,",302064,Высота датчика над местной площадкой (или палубой морской платформы),,002002,Тип приборов для измерения ветра,,,,Operational
bufr4/3/02/064/4/008021,02,"Метеорологические последовательности,",302064,Высота датчика над местной площадкой (или палубой морской платформы),,008021,Значимость времени = 2 Усредненное по времени,,,,Operational
bufr4/3/02/064/5/004025,02,"Метеорологические последовательности,",302064,Высота датчика над местной площадкой (или палубой морской платформы),,004025,Временной период или отклонение,,,,Operational
bufr4/3/02/064/6/011001,02,"Метеорологические последовательности,",302064,Высота датчика над местной площадкой (или палубой морской платформы),,011001,Направление ветра,,,,Operational
bufr4/3/02/064/7/011002,02,"Метеорологические последовательности,",302064,Высота датчика над местной площадкой (или палубой морской платформы),,011002,Скорость ветра,,,,Operational
bufr4/3/02/064/8/008021,02,"Метеорологические последовательности,",302064,Высота датчика над местной площадкой (или палубой морской платформы),,008021,Значимость времени Установлено на отсутствующее значение (отмена),,,,Operational
bufr4/3/02/064/9/103000,02,"Метеорологические последовательности,",302064,Высота датчика над местной площадкой (или палубой морской платформы),,103000,Повторение с задержкой 3 дескрипторов,,,,Operational
bufr4/3/02/064/10/031001,02,"Метеорологические последовательности,",302064,Высота датчика над местной площадкой (или палубой морской платформы),,031001,Коэффициент повторения дескриптора с задержкой,,,,Operational
bufr4/3/02/064/11/004025,02,"Метеорологические последовательности,",302064,Высота датчика над местной площадкой (или палубой морской платформы),,004025,Временной период или отклонение,,,,Operational
bufr4/3/02/064/12/011043,02,"Метеорологические последовательности,",302064,Высота датчика над местной площадкой (или палубой морской платформы),,011043,Направление ветра при максимальном порыве,,,,Operational
bufr4/3/02/064/13/011041,02,"Метеорологические последовательности,",302064,Высота датчика над местной площадкой (или палубой морской платформы),,011041,Максимальная скорость ветра при порыве (Опасные явления погоды),,,,Operational
bufr4/3/02/066/1/020023,02,"Метеорологические последовательности,",302066,Другие явления погоды,,020023,Другие явления погоды,,,,Operational
bufr4/3/02/066/2/020024,02,"Метеорологические последовательности,",302066,Другие явления погоды,,020024,Интенсивность явления,,,,Operational
bufr4/3/02/066/3/020027,02,"Метеорологические последовательности,",302066,Другие явления погоды,,020027,Возникновение явления,,,,Operational
bufr4/3/02/066/4/020054,02,"Метеорологические последовательности,",302066,Другие явления погоды,,020054,"Истинное направление, откуда перемещаются явление или облака или в котором они наблюдаются",,,,Operational
bufr4/3/02/066/5/020023,02,"Метеорологические последовательности,",302066,Другие явления погоды,,020023,Другие явления погоды,,,,Operational
bufr4/3/02/066/6/020027,02,"Метеорологические последовательности,",302066,Другие явления погоды,,020027,Возникновение явления,,,,Operational
bufr4/3/02/066/7/020054,02,"Метеорологические последовательности,",302066,Другие явления погоды,,020054,"Истинное направление, откуда перемещаются явление или облака или в котором они наблюдаются",,,,Operational
bufr4/3/02/066/8/020025,02,"Метеорологические последовательности,",302066,Другие явления погоды,,020025,"Явления, ухудшающие видимость",,,,Operational
bufr4/3/02/066/9/020026,02,"Метеорологические последовательности,",302066,Другие явления погоды,,020026,"Характер явления, ухудшающего видимость",,,,Operational
bufr4/3/02/066/10/020027,02,"Метеорологические последовательности,",302066,Другие явления погоды,,020027,Возникновение явления,,,,Operational
bufr4/3/02/066/11/020040,02,"Метеорологические последовательности,",302066,Другие явления погоды,,020040,Эволюция поземка,,,,Operational
bufr4/3/02/066/12/020066,02,"Метеорологические последовательности,",302066,Другие явления погоды,,020066,Максимальный диаметр градин,,,,Operational
bufr4/3/02/066/13/020027,02,"Метеорологические последовательности,",302066,Другие явления погоды,,020027,Возникновение явления,,,,Operational
bufr4/3/02/066/14/020021,02,"Метеорологические последовательности,",302066,Другие явления погоды,,020021,Тип осадков,,,,Operational
bufr4/3/02/066/15/020067,02,"Метеорологические последовательности,",302066,Другие явления погоды,,020067,Диаметр отложений,,,,Operational
bufr4/3/02/066/16/020027,02,"Метеорологические последовательности,",302066,Другие явления погоды,,020027,Возникновение явления (Дополнительные синоптические параметры),,,,Operational
bufr4/3/02/067/1/008023,02,"Метеорологические последовательности,",302067,Номер последовательности наблюдений Дополнительные «мгновенные» данные,,008023,Номер последовательности наблюдений Дополнительные «мгновенные» данные,,,,Operational
bufr4/3/02/067/2/004025,02,"Метеорологические последовательности,",302067,Номер последовательности наблюдений Дополнительные «мгновенные» данные,,004025,Временной период или отклонение = 0 минут,,,,Operational
bufr4/3/02/067/3/002177,02,"Метеорологические последовательности,",302067,Номер последовательности наблюдений Дополнительные «мгновенные» данные,,002177,"Метод измерения высоты снежного покрова /см. колонку слева = 0 Неавтоматизированные наблюдения, = 1 Ультразвуковой метод, = 2 Метод видеокамеры, = 3 Лазерный метод, = 4–13 Зарезервированы, = 14 Другие, = 15 Отсутствующее значение",(продолж.),,,Operational
bufr4/3/02/067/1/101000,02,"Метеорологические последовательности,",302067,Дополнительные данные о текущей погоде,,101000,Повторение с задержкой 1 дескриптора,,,,Operational
bufr4/3/02/067/2/031001,02,"Метеорологические последовательности,",302067,Дополнительные данные о текущей погоде,,031001,Коэффициент повторения дескриптора с задержкой,,,,Operational
bufr4/3/02/067/3/020003,02,"Метеорологические последовательности,",302067,Дополнительные данные о текущей погоде,,020003,"Текущая погода 960ww, 961ww Видимость в различных направлениях",,,,Operational
bufr4/3/02/067/4/103000,02,"Метеорологические последовательности,",302067,Дополнительные данные о текущей погоде,,103000,Повторение с задержкой 3 дескрипторов,,,,Operational
bufr4/3/02/067/5/031001,02,"Метеорологические последовательности,",302067,Дополнительные данные о текущей погоде,,031001,Коэффициент повторения дескриптора с задержкой,,,,Operational
bufr4/3/02/067/6/005021,02,"Метеорологические последовательности,",302067,Дополнительные данные о текущей погоде,,005021,Пеленг или азимут 981VV–988VV,,,,Operational
bufr4/3/02/067/7/020001,02,"Метеорологические последовательности,",302067,Дополнительные данные о текущей погоде,,020001,Горизонтальная видимость VV,,,,Operational
bufr4/3/02/067/8/005021,02,"Метеорологические последовательности,",302067,Дополнительные данные о текущей погоде,,005021,Пеленг или азимут Установлено на отсутствующее значение (отмена) Морские данные (наблюдения с береговой станции),,,,Operational
bufr4/3/02/067/9/101000,02,"Метеорологические последовательности,",302067,Дополнительные данные о текущей погоде,,101000,Повторение с задержкой 1 дескриптора,,,,Operational
bufr4/3/02/067/10/031000,02,"Метеорологические последовательности,",302067,Дополнительные данные о текущей погоде,,031000,Коэффициент повторения короткого дескриптора с задержкой,,,,Operational
bufr4/3/02/067/11/302056,02,"Метеорологические последовательности,",302067,Дополнительные данные о текущей погоде,,302056,"Температура моря/воды Температура морской поверхности, метод измерения и глубина от поверхности моря",,,,Operational
bufr4/3/02/067/12/103000,02,"Метеорологические последовательности,",302067,Дополнительные данные о текущей погоде,,103000,Повторение с задержкой 3 дескрипторов,,,,Operational
bufr4/3/02/067/13/031000,02,"Метеорологические последовательности,",302067,Дополнительные данные о текущей погоде,,031000,Коэффициент повторения короткого дескриптора с задержкой,,,,Operational
bufr4/3/02/067/14/033041,02,"Метеорологические последовательности,",302067,Дополнительные данные о текущей погоде,,033041,Атрибут следующего значения,,,,Operational
bufr4/3/02/067/15/020058,02,"Метеорологические последовательности,",302067,Дополнительные данные о текущей погоде,,020058,Видимость в направлении моря от береговой станции 980V,V s s,,,Operational
bufr4/3/02/067/16/022061,02,"Метеорологические последовательности,",302067,Дополнительные данные о текущей погоде,,022061,Состояние моря 924SV,s,,,Operational
bufr4/3/02/067/17/101000,02,"Метеорологические последовательности,",302067,Дополнительные данные о текущей погоде,,101000,Повторение с задержкой 1 дескриптора,,,,Operational
bufr4/3/02/067/18/031000,02,"Метеорологические последовательности,",302067,Дополнительные данные о текущей погоде,,031000,Коэффициент повторения короткого дескриптора с задержкой,,,,Operational
bufr4/3/02/067/19/302022,02,"Метеорологические последовательности,",302067,Дополнительные данные о текущей погоде,,302022,Ветровые волны,,,,Operational
bufr4/3/02/067/20/101000,02,"Метеорологические последовательности,",302067,Дополнительные данные о текущей погоде,,101000,Повторение с задержкой 1 дескриптора,,,,Operational
bufr4/3/02/067/21/031001,02,"Метеорологические последовательности,",302067,Дополнительные данные о текущей погоде,,031001,Коэффициент повторения дескриптора с задержкой,,,,Operational
bufr4/3/02/067/22/302023,02,"Метеорологические последовательности,",302067,Дополнительные данные о текущей погоде,,302023,Зыбь Облака,,,,Operational
bufr4/3/02/067/23/104000,02,"Метеорологические последовательности,",302067,Дополнительные данные о текущей погоде,,104000,Повторение с задержкой 4 дескрипторов,,,,Operational
bufr4/3/02/067/24/031001,02,"Метеорологические последовательности,",302067,Дополнительные данные о текущей погоде,,031001,Коэффициент повторения дескриптора с задержкой,,,,Operational
bufr4/3/02/067/25/020054,02,"Метеорологические последовательности,",302067,Дополнительные данные о текущей погоде,,020054,"Истинное направление, откуда перемещаются D , D a явление или облака или в котором они наблюдаются",p,,,Operational
bufr4/3/02/067/26/020137,02,"Метеорологические последовательности,",302067,Дополнительные данные о текущей погоде,,020137,Эволюция облачности 940Cn,3,,,Operational
bufr4/3/02/067/27/020012,02,"Метеорологические последовательности,",302067,Дополнительные данные о текущей погоде,,020012,Тип облаков 941CD,", 943C D p L p",,,Operational
bufr4/3/02/067/28/020090,02,"Метеорологические последовательности,",302067,Дополнительные данные о текущей погоде,,020090,Особые облака 993C,D s a,,,Operational
bufr4/3/02/067/29/103000,02,"Метеорологические последовательности,",302067,Дополнительные данные о текущей погоде,,103000,Повторение с задержкой 3 дескрипторов,,,,Operational
bufr4/3/02/067/30/031001,02,"Метеорологические последовательности,",302067,Дополнительные данные о текущей погоде,,031001,Коэффициент повторения дескриптора с задержкой,,,,Operational
bufr4/3/02/067/31/020054,02,"Метеорологические последовательности,",302067,Дополнительные данные о текущей погоде,,020054,"Истинное направление, откуда перемещаются явление или облака или в котором они наблюдаются",,,,Operational
bufr4/3/02/067/32/020137,02,"Метеорологические последовательности,",302067,Дополнительные данные о текущей погоде,,020137,Эволюция облачности,,,,Operational
bufr4/3/02/067/33/020136,02,"Метеорологические последовательности,",302067,Дополнительные данные о текущей погоде,,020136,Дополнительный тип облаков 948C 950N Дополнительные данные «за период»,"D , 949C D , 0 a a a n , 951N n m 3 v 4",,,Operational
bufr4/3/02/067/34/004025,02,"Метеорологические последовательности,",302067,Дополнительные данные о текущей погоде,,004025,Временной период или отклонение Отсчетный период свежевыпавшего снега,,,,Operational
bufr4/3/02/067/35/013012,02,"Метеорологические последовательности,",302067,Дополнительные данные о текущей погоде,,013012,Высота свежевыпавшего снега I.2 – Табл. D BUFR/02 — 11,(продолж.),,,Operational
bufr4/3/02/067/1/004025,02,"Метеорологические последовательности,",302067,Дополнительные данные о ветре,,004025,Временной период или отклонение = –60 минут,,,,Operational
bufr4/3/02/067/2/011042,02,"Метеорологические последовательности,",302067,Дополнительные данные о ветре,,011042,Максимальная скорость ветра (средний ветер за 912ff 902tt 912ff .. 10 минут) обязательно ff,≥ 18,,,Operational
bufr4/3/02/067/3/104000,02,"Метеорологические последовательности,",302067,Дополнительные данные о ветре,,104000,Повторение с задержкой 4 дескрипторов,,,,Operational
bufr4/3/02/067/4/031001,02,"Метеорологические последовательности,",302067,Дополнительные данные о ветре,,031001,Коэффициент повторения дескриптора с задержкой,,,,Operational
bufr4/3/02/067/5/008021,02,"Метеорологические последовательности,",302067,Дополнительные данные о ветре,,008021,"Значимость времени = 30 Время наступления, = 17 Начало явления",,,,Operational
bufr4/3/02/067/6/004025,02,"Метеорологические последовательности,",302067,Дополнительные данные о ветре,,004025,Временной период или отклонение = –xx | 902tt,,,,Operational
bufr4/3/02/067/7/011042,02,"Метеорологические последовательности,",302067,Дополнительные данные о ветре,,011042,Максимальная скорость ветра (средний ветер за 912ff 10 минут),,,,Operational
bufr4/3/02/067/8/008021,02,"Метеорологические последовательности,",302067,Дополнительные данные о ветре,,008021,Значимость времени Установлено на отсутствующее значение (отмена) Значительное изменение в скорости и/или направлении ветра,,,,Operational
bufr4/3/02/067/9/115000,02,"Метеорологические последовательности,",302067,Дополнительные данные о ветре,,115000,Повторение с задержкой 15 дескрипторов,,,,Operational
bufr4/3/02/067/10/031001,02,"Метеорологические последовательности,",302067,Дополнительные данные о ветре,,031001,Коэффициент повторения дескриптора с задержкой,,,,Operational
bufr4/3/02/067/11/008021,02,"Метеорологические последовательности,",302067,Дополнительные данные о ветре,,008021,"Значимость времени = 30 Время наступления, = 17 Начало явления",,,,Operational
bufr4/3/02/067/12/004015,02,"Метеорологические последовательности,",302067,Дополнительные данные о ветре,,004015,Временной инкремент = –xx1,,,,Operational
bufr4/3/02/067/13/008021,02,"Метеорологические последовательности,",302067,Дополнительные данные о ветре,,008021,Значимость времени = 2 Усредненное по времени,,,,Operational
bufr4/3/02/067/14/004025,02,"Метеорологические последовательности,",302067,Дополнительные данные о ветре,,004025,"Временной период или отклонение = –10 минут, или количество минут после значительного изменения ветра",,,,Operational
bufr4/3/02/067/15/011001,02,"Метеорологические последовательности,",302067,Дополнительные данные о ветре,,011001,Направление ветра 915dd,,,,Operational
bufr4/3/02/067/16/011002,02,"Метеорологические последовательности,",302067,Дополнительные данные о ветре,,011002,Скорость ветра 913ff,,,,Operational
bufr4/3/02/067/17/008021,02,"Метеорологические последовательности,",302067,Дополнительные данные о ветре,,008021,Значимость времени = 22 Время наступления поворота ветра,,,,Operational
bufr4/3/02/067/18/004015,02,"Метеорологические последовательности,",302067,Дополнительные данные о ветре,,004015,Временной инкремент = +xx2,,,,Operational
bufr4/3/02/067/19/008021,02,"Метеорологические последовательности,",302067,Дополнительные данные о ветре,,008021,Значимость времени = 2 Усредненное по времени,,,,Operational
bufr4/3/02/067/20/004025,02,"Метеорологические последовательности,",302067,Дополнительные данные о ветре,,004025,"Временной период или отклонение = –10 минут, или количество минут после значительного изменения ветра",,,,Operational
bufr4/3/02/067/21/011001,02,"Метеорологические последовательности,",302067,Дополнительные данные о ветре,,011001,Направление ветра 915dd,,,,Operational
bufr4/3/02/067/22/011002,02,"Метеорологические последовательности,",302067,Дополнительные данные о ветре,,011002,Скорость ветра 913ff,,,,Operational
bufr4/3/02/067/23/008021,02,"Метеорологические последовательности,",302067,Дополнительные данные о ветре,,008021,Значимость времени Установлено на отсутствующее значение (отмена),,,,Operational
bufr4/3/02/067/24/004025,02,"Метеорологические последовательности,",302067,Дополнительные данные о ветре,,004025,Временной период или отклонение = 0 минут,,,,Operational
bufr4/3/02/067/25/004015,02,"Метеорологические последовательности,",302067,Дополнительные данные о ветре,,004015,Временной инкремент = +(xx1–xx2) | неотрицательный для переустановки времени до фактического времени,(продолж.),,,Operational
bufr4/3/02/067/1/103000,02,"Метеорологические последовательности,",302067,Дополнительные данные о погоде,,103000,Повторение с задержкой 3 дескрипторов,,,,Operational
bufr4/3/02/067/2/031001,02,"Метеорологические последовательности,",302067,Дополнительные данные о погоде,,031001,Коэффициент повторения дескриптора с задержкой,,,,Operational
bufr4/3/02/067/3/004025,02,"Метеорологические последовательности,",302067,Дополнительные данные о погоде,,004025,"Временной период или отклонение = –xx, т. е. от",,,,Operational
bufr4/3/02/067/4/004025,02,"Метеорологические последовательности,",302067,Дополнительные данные о погоде,,004025,"Временной период или отклонение = –xx, т. е. до",,,,Operational
bufr4/3/02/067/5/020003,02,"Метеорологические последовательности,",302067,Дополнительные данные о погоде,,020003,"Текущая погода 962ww, 963w 964ww, 965w 966ww, 967w Дополнительные группы 9S S s s P P p p","w , 1 1 w , 1 1 w 1 1",,,Operational
bufr4/3/02/067/6/110000,02,"Метеорологические последовательности,",302067,Дополнительные данные о погоде,,110000,Повторение с задержкой 10 дескрипторов,,,,Operational
bufr4/3/02/067/7/031001,02,"Метеорологические последовательности,",302067,Дополнительные данные о погоде,,031001,Коэффициент повторения дескриптора с задержкой,,,,Operational
bufr4/3/02/067/8/004025,02,"Метеорологические последовательности,",302067,Дополнительные данные о погоде,,004025,"Временной период или отклонение = –xx, т. е. от",,,,Operational
bufr4/3/02/067/9/004025,02,"Метеорологические последовательности,",302067,Дополнительные данные о погоде,,004025,"Временной период или отклонение = –xx, т. е. до",,,,Operational
bufr4/3/02/067/10/005021,02,"Метеорологические последовательности,",302067,Дополнительные данные о погоде,,005021,"Пеленг или азимут D , D a",p,,,Operational
bufr4/3/02/067/11/005021,02,"Метеорологические последовательности,",302067,Дополнительные данные о погоде,,005021,"Пеленг или азимут D , D a",p,,,Operational
bufr4/3/02/067/12/020054,02,"Метеорологические последовательности,",302067,Дополнительные данные о погоде,,020054,"Истинное направление, откуда перемещаются D , D a явление или облака или в котором они наблюдаются",p,,,Operational
bufr4/3/02/067/13/020024,02,"Метеорологические последовательности,",302067,Дополнительные данные о погоде,,020024,Интенсивность явления = 1 Слабое = 2 Умеренное = 3 Сильное = 4 Чрезвычайно сильное = 5 Суровое,,,,Operational
bufr4/3/02/067/14/020025,02,"Метеорологические последовательности,",302067,Дополнительные данные о погоде,,020025,"Явления, ухудшающие видимость",,,,Operational
bufr4/3/02/067/15/020026,02,"Метеорологические последовательности,",302067,Дополнительные данные о погоде,,020026,"Характер явления, ухудшающего видимость",,,,Operational
bufr4/3/02/067/16/020027,02,"Метеорологические последовательности,",302067,Дополнительные данные о погоде,,020027,Возникновение явления,,,,Operational
bufr4/3/02/067/17/020063,02,"Метеорологические последовательности,",302067,Дополнительные данные о погоде,,020063,Особые явления (Данные о видимости),,,,Operational
bufr4/3/02/069/1/007032,02,"Метеорологические последовательности,",302069,Высота датчика над местной площадкой (или палубой морской платформы,,007032,Высота датчика над местной площадкой (или палубой морской платформы,,,,Operational
bufr4/3/02/069/2/007033,02,"Метеорологические последовательности,",302069,Высота датчика над местной площадкой (или палубой морской платформы,,007033,Высота датчика над поверхностью воды,,,,Operational
bufr4/3/02/069/3/033041,02,"Метеорологические последовательности,",302069,Высота датчика над местной площадкой (или палубой морской платформы,,033041,Атрибут следующего значения,,,,Operational
bufr4/3/02/069/4/020001,02,"Метеорологические последовательности,",302069,Высота датчика над местной площадкой (или палубой морской платформы,,020001,Горизонтальная видимость (Данные о ветре),,,,Operational
bufr4/3/02/070/1/007032,02,"Метеорологические последовательности,",302070,Высота датчика над местной площадкой (или палубой морской платформы),,007032,Высота датчика над местной площадкой (или палубой морской платформы),,,,Operational
bufr4/3/02/070/2/007033,02,"Метеорологические последовательности,",302070,Высота датчика над местной площадкой (или палубой морской платформы),,007033,Высота датчика над поверхностью воды,,,,Operational
bufr4/3/02/070/3/011001,02,"Метеорологические последовательности,",302070,Высота датчика над местной площадкой (или палубой морской платформы),,011001,Направление ветра,,,,Operational
bufr4/3/02/070/4/011002,02,"Метеорологические последовательности,",302070,Высота датчика над местной площадкой (или палубой морской платформы),,011002,Скорость ветра,,,,Operational
bufr4/3/02/070/5/011043,02,"Метеорологические последовательности,",302070,Высота датчика над местной площадкой (или палубой морской платформы),,011043,Направление ветра при максимальном порыве,,,,Operational
bufr4/3/02/070/6/011041,02,"Метеорологические последовательности,",302070,Высота датчика над местной площадкой (или палубой морской платформы),,011041,Максимальная скорость ветра при порыве,,,,Operational
bufr4/3/02/070/7/011016,02,"Метеорологические последовательности,",302070,Высота датчика над местной площадкой (или палубой морской платформы),,011016,Экстремальное отклонение направления переменного ветра против часовой стрелки,,,,Operational
bufr4/3/02/070/8/011017,02,"Метеорологические последовательности,",302070,Высота датчика над местной площадкой (или палубой морской платформы),,011017,Экстремальное отклонение направления переменного ветра по часовой стрелке (Данные о ветре за одночасовой период),,,,Operational
bufr4/3/02/071/1/007032,02,"Метеорологические последовательности,",302071,Высота датчика над местной площадкой (или палубой морской платформы),,007032,Высота датчика над местной площадкой (или палубой морской платформы),,,,Operational
bufr4/3/02/071/2/007033,02,"Метеорологические последовательности,",302071,Высота датчика над местной площадкой (или палубой морской платформы),,007033,Высота датчика над поверхностью воды,,,,Operational
bufr4/3/02/071/3/008021,02,"Метеорологические последовательности,",302071,Высота датчика над местной площадкой (или палубой морской платформы),,008021,Значимость времени = 2 Усреднение по времени I.2 – Табл. D BUFR/02 — 13,(продолж.),,,Operational
bufr4/3/02/071/1/004025,02,"Метеорологические последовательности,",302071,"Временной период или отклонение = –10 минут, или количество минут после значитель- ного изменения ветра, если тако- вое имеется",,004025,"Временной период или отклонение = –10 минут, или количество минут после значительного изменения ветра, если таковое имеется",,,,Operational
bufr4/3/02/071/2/011001,02,"Метеорологические последовательности,",302071,"Временной период или отклонение = –10 минут, или количество минут после значитель- ного изменения ветра, если тако- вое имеется",,011001,Направление ветра,,,,Operational
bufr4/3/02/071/3/011002,02,"Метеорологические последовательности,",302071,"Временной период или отклонение = –10 минут, или количество минут после значитель- ного изменения ветра, если тако- вое имеется",,011002,Скорость ветра,,,,Operational
bufr4/3/02/071/4/008021,02,"Метеорологические последовательности,",302071,"Временной период или отклонение = –10 минут, или количество минут после значитель- ного изменения ветра, если тако- вое имеется",,008021,Значимость времени Установлено на отсутствующее значение,,,,Operational
bufr4/3/02/071/5/103002,02,"Метеорологические последовательности,",302071,"Временной период или отклонение = –10 минут, или количество минут после значитель- ного изменения ветра, если тако- вое имеется",,103002,Повторить 3 дескриптора 2 раза,,,,Operational
bufr4/3/02/071/6/004025,02,"Метеорологические последовательности,",302071,"Временной период или отклонение = –10 минут, или количество минут после значитель- ного изменения ветра, если тако- вое имеется",,004025,"Временной период или отклонение = –10 минут в первом повторении, = –60 минут во втором повторении",,,,Operational
bufr4/3/02/071/7/011043,02,"Метеорологические последовательности,",302071,"Временной период или отклонение = –10 минут, или количество минут после значитель- ного изменения ветра, если тако- вое имеется",,011043,Направление ветра при максимальном порыве,,,,Operational
bufr4/3/02/071/8/011041,02,"Метеорологические последовательности,",302071,"Временной период или отклонение = –10 минут, или количество минут после значитель- ного изменения ветра, если тако- вое имеется",,011041,Максимальная скорость ветра при порыве,,,,Operational
bufr4/3/02/071/9/004025,02,"Метеорологические последовательности,",302071,"Временной период или отклонение = –10 минут, или количество минут после значитель- ного изменения ветра, если тако- вое имеется",,004025,Временной период или отклонение = –10 минут,,,,Operational
bufr4/3/02/071/10/011016,02,"Метеорологические последовательности,",302071,"Временной период или отклонение = –10 минут, или количество минут после значитель- ного изменения ветра, если тако- вое имеется",,011016,Экстремальное отклонение направления переменного ветра против часовой стрелки,,,,Operational
bufr4/3/02/071/11/011017,02,"Метеорологические последовательности,",302071,"Временной период или отклонение = –10 минут, или количество минут после значитель- ного изменения ветра, если тако- вое имеется",,011017,Экстремальное отклонение направления переменного ветра по часовой стрелке (Данные о температуре и влажности),,,,Operational
bufr4/3/02/072/1/007032,02,"Метеорологические последовательности,",302072,Высота датчика над местной площадкой (или палубой морской платформы),,007032,Высота датчика над местной площадкой (или палубой морской платформы),,,,Operational
bufr4/3/02/072/2/007033,02,"Метеорологические последовательности,",302072,Высота датчика над местной площадкой (или палубой морской платформы),,007033,Высота датчика над поверхностью воды,,,,Operational
bufr4/3/02/072/3/012101,02,"Метеорологические последовательности,",302072,Высота датчика над местной площадкой (или палубой морской платформы),,012101,Температура/температура воздуха Масштаб: 2,,,,Operational
bufr4/3/02/072/4/012103,02,"Метеорологические последовательности,",302072,Высота датчика над местной площадкой (или палубой морской платформы),,012103,Температура точки росы Масштаб: 2,,,,Operational
bufr4/3/02/072/5/013003,02,"Метеорологические последовательности,",302072,Высота датчика над местной площадкой (или палубой морской платформы),,013003,Относительная влажность (Данные об облачности),,,,Operational
bufr4/3/02/073/1/020010,02,"Метеорологические последовательности,",302073,Облачность (общая),,020010,Облачность (общая),,,,Operational
bufr4/3/02/073/2/105004,02,"Метеорологические последовательности,",302073,Облачность (общая),,105004,Повторить 5 дескрипторов 4 раза,,,,Operational
bufr4/3/02/073/3/008002,02,"Метеорологические последовательности,",302073,Облачность (общая),,008002,Вертикальная значимость (приземные наблюдения),,,,Operational
bufr4/3/02/073/4/020011,02,"Метеорологические последовательности,",302073,Облачность (общая),,020011,Количество облаков,,,,Operational
bufr4/3/02/073/5/020012,02,"Метеорологические последовательности,",302073,Облачность (общая),,020012,Тип облаков,,,,Operational
bufr4/3/02/073/6/033041,02,"Метеорологические последовательности,",302073,Облачность (общая),,033041,Атрибут следующего значения,,,,Operational
bufr4/3/02/073/7/020013,02,"Метеорологические последовательности,",302073,Облачность (общая),,020013,Высота нижней границы облаков (Текущая и прошедшая погода),,,,Operational
bufr4/3/02/074/1/020003,02,"Метеорологические последовательности,",302074,Текущая погода,,020003,Текущая погода,,,,Operational
bufr4/3/02/074/2/004025,02,"Метеорологические последовательности,",302074,Текущая погода,,004025,Временной период или отклонение,,,,Operational
bufr4/3/02/074/3/020004,02,"Метеорологические последовательности,",302074,Текущая погода,,020004,Прошедшая погода (1),,,,Operational
bufr4/3/02/074/4/020005,02,"Метеорологические последовательности,",302074,Текущая погода,,020005,"Прошедшая погода (2) (Интенсивность осадков, размер элемента осадков)",,,,Operational
bufr4/3/02/075/1/008021,02,"Метеорологические последовательности,",302075,Значимость времени = 2 Усреднение по времени,,008021,Значимость времени = 2 Усреднение по времени,,,,Operational
bufr4/3/02/075/2/004025,02,"Метеорологические последовательности,",302075,Значимость времени = 2 Усреднение по времени,,004025,Временной период или отклонение = –10 минут,,,,Operational
bufr4/3/02/075/3/013055,02,"Метеорологические последовательности,",302075,Значимость времени = 2 Усреднение по времени,,013055,Интенсивность осадков,,,,Operational
bufr4/3/02/075/4/013058,02,"Метеорологические последовательности,",302075,Значимость времени = 2 Усреднение по времени,,013058,Размер элемента осадков,,,,Operational
bufr4/3/02/075/5/008021,02,"Метеорологические последовательности,",302075,Значимость времени = 2 Усреднение по времени,,008021,Значимость времени Установлено на отсутствующее значение,(продолж.),,,Operational
bufr4/3/02/076/1/020021,02,"Метеорологические последовательности,",302076,Тип осадков,,020021,Тип осадков,,,,Operational
bufr4/3/02/076/2/020022,02,"Метеорологические последовательности,",302076,Тип осадков,,020022,Характер осадков,,,,Operational
bufr4/3/02/076/3/026020,02,"Метеорологические последовательности,",302076,Тип осадков,,026020,Продолжительность осадков,,,,Operational
bufr4/3/02/076/4/020023,02,"Метеорологические последовательности,",302076,Тип осадков,,020023,Другие явления погоды,,,,Operational
bufr4/3/02/076/5/020024,02,"Метеорологические последовательности,",302076,Тип осадков,,020024,Интенсивность явлений,,,,Operational
bufr4/3/02/076/6/020025,02,"Метеорологические последовательности,",302076,Тип осадков,,020025,"Явления, ухудшающие видимость",,,,Operational
bufr4/3/02/076/7/020026,02,"Метеорологические последовательности,",302076,Тип осадков,,020026,"Характер явлений, ухудшающих видимость (Данные об экстремальной температуре)",,,,Operational
bufr4/3/02/077/1/007032,02,"Метеорологические последовательности,",302077,Высота датчика над местной площадкой (или палубой морской платформы),,007032,Высота датчика над местной площадкой (или палубой морской платформы),,,,Operational
bufr4/3/02/077/2/007033,02,"Метеорологические последовательности,",302077,Высота датчика над местной площадкой (или палубой морской платформы),,007033,Высота датчика над поверхностью воды,,,,Operational
bufr4/3/02/077/3/004025,02,"Метеорологические последовательности,",302077,Высота датчика над местной площадкой (или палубой морской платформы),,004025,Временной период или отклонение,,,,Operational
bufr4/3/02/077/4/012111,02,"Метеорологические последовательности,",302077,Высота датчика над местной площадкой (или палубой морской платформы),,012111,Максимальная температура на указанной высоте и за Масштаб: 2 указанный период,,,,Operational
bufr4/3/02/077/5/012112,02,"Метеорологические последовательности,",302077,Высота датчика над местной площадкой (или палубой морской платформы),,012112,Минимальная температура на указанной высоте и за Масштаб: 2 указанный период,,,,Operational
bufr4/3/02/077/6/007032,02,"Метеорологические последовательности,",302077,Высота датчика над местной площадкой (или палубой морской платформы),,007032,Высота датчика над местной площадкой (или палубой Температура на морской платформы) поверхности земли,,,,Operational
bufr4/3/02/077/7/004025,02,"Метеорологические последовательности,",302077,Высота датчика над местной площадкой (или палубой морской платформы),,004025,Временной период или отклонение,,,,Operational
bufr4/3/02/077/8/012112,02,"Метеорологические последовательности,",302077,Высота датчика над местной площадкой (или палубой морской платформы),,012112,Минимальная температура на указанной высоте и за Масштаб: 2 | указанный период Температура на поверхности земли (Состояние поверхности земли и измерение высоты снежного покрова),,,,Operational
bufr4/3/02/078/1/002176,02,"Метеорологические последовательности,",302078,Метод измерения состояния поверхности земли,,002176,Метод измерения состояния поверхности земли,,,,Operational
bufr4/3/02/078/2/020062,02,"Метеорологические последовательности,",302078,Метод измерения состояния поверхности земли,,020062,Состояние поверхности земли (со снегом или без снега),,,,Operational
bufr4/3/02/078/3/002177,02,"Метеорологические последовательности,",302078,Метод измерения состояния поверхности земли,,002177,Метод измерения высоты снежного покрова,,,,Operational
bufr4/3/02/078/4/013013,02,"Метеорологические последовательности,",302078,Метод измерения состояния поверхности земли,,013013,Суммарная высота снежного покрова (Измерение осадков),,,,Operational
bufr4/3/02/079/1/007032,02,"Метеорологические последовательности,",302079,Высота датчика над местной площадкой (или палубой морской платформы),,007032,Высота датчика над местной площадкой (или палубой морской платформы),,,,Operational
bufr4/3/02/079/2/002175,02,"Метеорологические последовательности,",302079,Высота датчика над местной площадкой (или палубой морской платформы),,002175,Метод измерения осадков,,,,Operational
bufr4/3/02/079/3/002178,02,"Метеорологические последовательности,",302079,Высота датчика над местной площадкой (или палубой морской платформы),,002178,Метод измерения жидкой фазы осадков,,,,Operational
bufr4/3/02/079/4/004025,02,"Метеорологические последовательности,",302079,Высота датчика над местной площадкой (или палубой морской платформы),,004025,Временной период или отклонение,,,,Operational
bufr4/3/02/079/5/013011,02,"Метеорологические последовательности,",302079,Высота датчика над местной площадкой (или палубой морской платформы),,013011,Сумма осадков/суммарный водный эквивалент (Измерение испарения),,,,Operational
bufr4/3/02/080/1/002185,02,"Метеорологические последовательности,",302080,Метод измерения испарения,,002185,Метод измерения испарения,,,,Operational
bufr4/3/02/080/2/004025,02,"Метеорологические последовательности,",302080,Метод измерения испарения,,004025,Временной период или отклонение,,,,Operational
bufr4/3/02/080/3/013033,02,"Метеорологические последовательности,",302080,Метод измерения испарения,,013033,Испарение/эвапотранспирация (Данные об общей продолжительности солнечного сияния),,,,Operational
bufr4/3/02/081/1/004025,02,"Метеорологические последовательности,",302081,Временной период или отклонение,,004025,Временной период или отклонение,,,,Operational
bufr4/3/02/081/2/014031,02,"Метеорологические последовательности,",302081,Временной период или отклонение,,014031,Общая продолжительность солнечного сияния (Данные о радиации),,,,Operational
bufr4/3/02/082/1/004025,02,"Метеорологические последовательности,",302082,Временной период или отклонение,,004025,Временной период или отклонение,,,,Operational
bufr4/3/02/082/2/014002,02,"Метеорологические последовательности,",302082,Временной период или отклонение,,014002,"Длинноволновая радиация, интегрированная за указанный период I.2 – Табл. D BUFR/02 — 15",(продолж.),,,Operational
bufr4/3/02/082/1/014004,02,"Метеорологические последовательности,",302082,"Коротковолновая радиация, интегрированная за указанный период",,014004,"Коротковолновая радиация, интегрированная за указанный период",,,,Operational
bufr4/3/02/082/2/014016,02,"Метеорологические последовательности,",302082,"Коротковолновая радиация, интегрированная за указанный период",,014016,"Радиационный баланс, интегрированный за указанный период",,,,Operational
bufr4/3/02/082/3/014028,02,"Метеорологические последовательности,",302082,"Коротковолновая радиация, интегрированная за указанный период",,014028,"Суммарная солнечная радиация (высокая точность), интегрированная за указанный период",,,,Operational
bufr4/3/02/082/4/014029,02,"Метеорологические последовательности,",302082,"Коротковолновая радиация, интегрированная за указанный период",,014029,"Рассеянная солнечная радиация (высокая точность), интегрированная за указанный период",,,,Operational
bufr4/3/02/082/5/014030,02,"Метеорологические последовательности,",302082,"Коротковолновая радиация, интегрированная за указанный период",,014030,"Прямая солнечная радиация (высокая точность), интегрированная за указанный период (Статистические данные первого порядка о давлении, ветре, температуре и влажности)",,,,Operational
bufr4/3/02/083/1/004025,02,"Метеорологические последовательности,",302083,Временной период или отклонение,,004025,Временной период или отклонение,,,,Operational
bufr4/3/02/083/2/008023,02,"Метеорологические последовательности,",302083,Временной период или отклонение,,008023,Статистические данные первого порядка,,,,Operational
bufr4/3/02/083/3/010004,02,"Метеорологические последовательности,",302083,Временной период или отклонение,,010004,Давление,,,,Operational
bufr4/3/02/083/4/011001,02,"Метеорологические последовательности,",302083,Временной период или отклонение,,011001,Направление ветра,,,,Operational
bufr4/3/02/083/5/011002,02,"Метеорологические последовательности,",302083,Временной период или отклонение,,011002,Скорость ветра,,,,Operational
bufr4/3/02/083/6/012101,02,"Метеорологические последовательности,",302083,Временной период или отклонение,,012101,Температура/температура воздуха Масштаб: 2,,,,Operational
bufr4/3/02/083/7/013003,02,"Метеорологические последовательности,",302083,Временной период или отклонение,,013003,Относительная влажность,,,,Operational
bufr4/3/02/083/8/008023,02,"Метеорологические последовательности,",302083,Временной период или отклонение,,008023,Статистические данные первого порядка Установлено на отсутствующее значение («Мгновенные» данные последовательности 3 07 096),,,,Operational
bufr4/3/02/084/1/302031,02,"Метеорологические последовательности,",302084,Информация о давлении,,302031,Информация о давлении,,,,Operational
bufr4/3/02/084/2/302072,02,"Метеорологические последовательности,",302084,Информация о давлении,,302072,Данные о температуре и влажности,,,,Operational
bufr4/3/02/084/3/103000,02,"Метеорологические последовательности,",302084,Информация о давлении,,103000,Повторение с задержкой 3 дескрипторов,,,,Operational
bufr4/3/02/084/4/031000,02,"Метеорологические последовательности,",302084,Информация о давлении,,031000,Коэффициент повторения короткого дескриптора с задержкой,,,,Operational
bufr4/3/02/084/5/101005,02,"Метеорологические последовательности,",302084,Информация о давлении,,101005,Повторить 1 дескриптор 5 раз,,,,Operational
bufr4/3/02/084/6/307063,02,"Метеорологические последовательности,",302084,Информация о давлении,,307063,Глубина от земной поверхности и температура почвы,,,,Operational
bufr4/3/02/084/7/007061,02,"Метеорологические последовательности,",302084,Информация о давлении,,007061,Глубина от земной поверхности Установлено на отсутствующее значение (отмена) Данные о видимости,,,,Operational
bufr4/3/02/084/8/101000,02,"Метеорологические последовательности,",302084,Информация о давлении,,101000,Повторение с задержкой 1 дескриптора,,,,Operational
bufr4/3/02/084/9/031000,02,"Метеорологические последовательности,",302084,Информация о давлении,,031000,Коэффициент повторения короткого дескриптора с задержкой,,,,Operational
bufr4/3/02/084/10/302069,02,"Метеорологические последовательности,",302084,Информация о давлении,,302069,Данные о видимости,,,,Operational
bufr4/3/02/084/11/007032,02,"Метеорологические последовательности,",302084,Информация о давлении,,007032,Высота датчика над местной площадкой (или палубой Установлено на морской платформы) отсутствующее значение (отмена),,,,Operational
bufr4/3/02/084/12/007033,02,"Метеорологические последовательности,",302084,Информация о давлении,,007033,Высота датчика над поверхностью воды Установлено на отсутствующее значение (отмена) Морские данные,,,,Operational
bufr4/3/02/084/13/105000,02,"Метеорологические последовательности,",302084,Информация о давлении,,105000,Повторение с задержкой 5 дескрипторов,,,,Operational
bufr4/3/02/084/14/031000,02,"Метеорологические последовательности,",302084,Информация о давлении,,031000,Коэффициент повторения короткого дескриптора с задержкой,,,,Operational
bufr4/3/02/084/15/020031,02,"Метеорологические последовательности,",302084,Информация о давлении,,020031,Отложение льда (толщина),,,,Operational
bufr4/3/02/084/16/020032,02,"Метеорологические последовательности,",302084,Информация о давлении,,020032,Скорость нарастания льда (оцененная),,,,Operational
bufr4/3/02/084/17/002038,02,"Метеорологические последовательности,",302084,Информация о давлении,,002038,Метод измерения температуры и/или солености воды,,,,Operational
bufr4/3/02/084/18/022043,02,"Метеорологические последовательности,",302084,Информация о давлении,,022043,Температура моря/воды Масштаб: 2,,,,Operational
bufr4/3/02/084/19/302021,02,"Метеорологические последовательности,",302084,Информация о давлении,,302021,Волнение,(продолж.),,,Operational
bufr4/3/02/084/1/101000,02,"Метеорологические последовательности,",302084,Состояние поверхности земли и измерение высоты снежного покрова,,101000,Повторение с задержкой 1 дескриптора,,,,Operational
bufr4/3/02/084/2/031000,02,"Метеорологические последовательности,",302084,Состояние поверхности земли и измерение высоты снежного покрова,,031000,Коэффициент повторения короткого дескриптора с задержкой,,,,Operational
bufr4/3/02/084/3/302078,02,"Метеорологические последовательности,",302084,Состояние поверхности земли и измерение высоты снежного покрова,,302078,Состояние поверхности земли и измерение высоты снежного покрова,,,,Operational
bufr4/3/02/084/4/012113,02,"Метеорологические последовательности,",302084,Состояние поверхности земли и измерение высоты снежного покрова,,012113,Минимальная температура поверхности земли за Масштаб: 2 последние 12 часов Данные по облачности,,,,Operational
bufr4/3/02/084/5/101000,02,"Метеорологические последовательности,",302084,Состояние поверхности земли и измерение высоты снежного покрова,,101000,Повторение с задержкой 1 дескриптора,,,,Operational
bufr4/3/02/084/6/031000,02,"Метеорологические последовательности,",302084,Состояние поверхности земли и измерение высоты снежного покрова,,031000,Коэффициент повторения короткого дескриптора с задержкой,,,,Operational
bufr4/3/02/084/7/302004,02,"Метеорологические последовательности,",302084,Состояние поверхности земли и измерение высоты снежного покрова,,302004,Общая информация об облачности,,,,Operational
bufr4/3/02/084/8/105000,02,"Метеорологические последовательности,",302084,Состояние поверхности земли и измерение высоты снежного покрова,,105000,Повторение с задержкой 5 дескрипторов,,,,Operational
bufr4/3/02/084/9/031001,02,"Метеорологические последовательности,",302084,Состояние поверхности земли и измерение высоты снежного покрова,,031001,Коэффициент повторения дескриптора с задержкой,,,,Operational
bufr4/3/02/084/10/008002,02,"Метеорологические последовательности,",302084,Состояние поверхности земли и измерение высоты снежного покрова,,008002,Вертикальная значимость (приземные наблюдения),,,,Operational
bufr4/3/02/084/11/020011,02,"Метеорологические последовательности,",302084,Состояние поверхности земли и измерение высоты снежного покрова,,020011,Количество облаков,,,,Operational
bufr4/3/02/084/12/020012,02,"Метеорологические последовательности,",302084,Состояние поверхности земли и измерение высоты снежного покрова,,020012,Тип облаков,,,,Operational
bufr4/3/02/084/13/033041,02,"Метеорологические последовательности,",302084,Состояние поверхности земли и измерение высоты снежного покрова,,033041,Атрибут следующего значения,,,,Operational
bufr4/3/02/084/14/020013,02,"Метеорологические последовательности,",302084,Состояние поверхности земли и измерение высоты снежного покрова,,020013,Высота нижней границы облаков,,,,Operational
bufr4/3/02/084/15/302036,02,"Метеорологические последовательности,",302084,Состояние поверхности земли и измерение высоты снежного покрова,,302036,Облака с нижней границей ниже уровня станции Направление перемещения облачности 6D D D L M H,,,,Operational
bufr4/3/02/084/16/101000,02,"Метеорологические последовательности,",302084,Состояние поверхности земли и измерение высоты снежного покрова,,101000,Повторение с задержкой 1 дескриптора,,,,Operational
bufr4/3/02/084/17/031000,02,"Метеорологические последовательности,",302084,Состояние поверхности земли и измерение высоты снежного покрова,,031000,Коэффициент повторения короткого дескриптора с задержкой,,,,Operational
bufr4/3/02/084/18/302047,02,"Метеорологические последовательности,",302084,Состояние поверхности земли и измерение высоты снежного покрова,,302047,Направление движения облаков,,,,Operational
bufr4/3/02/084/19/008002,02,"Метеорологические последовательности,",302084,Состояние поверхности земли и измерение высоты снежного покрова,,008002,Вертикальная значимость (приземные наблюдения) Установлено на отсутствующее значение (отмена) Направление и высота облачности 57СD e a c,,,,Operational
bufr4/3/02/084/20/101000,02,"Метеорологические последовательности,",302084,Состояние поверхности земли и измерение высоты снежного покрова,,101000,Повторение с задержкой 1 дескриптора,,,,Operational
bufr4/3/02/084/21/031000,02,"Метеорологические последовательности,",302084,Состояние поверхности земли и измерение высоты снежного покрова,,031000,Коэффициент повторения короткого дескриптора с задержкой,,,,Operational
bufr4/3/02/084/22/302048,02,"Метеорологические последовательности,",302084,Состояние поверхности земли и измерение высоты снежного покрова,,302048,Направление движения и возвышение облаков (Данные о «периоде» последовательности 3 07 096) Данные о текущей и прошедшей погоде,,,,Operational
bufr4/3/02/085/1/105000,02,"Метеорологические последовательности,",302085,Повторение с задержкой 5 дескрипторов,,105000,Повторение с задержкой 5 дескрипторов,,,,Operational
bufr4/3/02/085/2/031000,02,"Метеорологические последовательности,",302085,Повторение с задержкой 5 дескрипторов,,031000,Коэффициент повторения короткого дескриптора с задержкой,,,,Operational
bufr4/3/02/085/3/020003,02,"Метеорологические последовательности,",302085,Повторение с задержкой 5 дескрипторов,,020003,Текущая погода,,,,Operational
bufr4/3/02/085/4/103002,02,"Метеорологические последовательности,",302085,Повторение с задержкой 5 дескрипторов,,103002,Повторить 3 дескриптора 2 раза,,,,Operational
bufr4/3/02/085/5/004024,02,"Метеорологические последовательности,",302085,Повторение с задержкой 5 дескрипторов,,004024,"Временной период или отклонение /см. колонку слева = –1 час в первом повторении, = –x часов во втором повторении, x соответствует временному периоду W W в сводке SYNOP 1 2",,,,Operational
bufr4/3/02/085/6/020004,02,"Метеорологические последовательности,",302085,Повторение с задержкой 5 дескрипторов,,020004,Прошедшая погода (1),,,,Operational
bufr4/3/02/085/7/020005,02,"Метеорологические последовательности,",302085,Повторение с задержкой 5 дескрипторов,,020005,"Прошедшая погода (2) Интенсивность осадков, размер элемента осадков",,,,Operational
bufr4/3/02/085/8/101000,02,"Метеорологические последовательности,",302085,Повторение с задержкой 5 дескрипторов,,101000,Повторение с задержкой 1 дескриптора,,,,Operational
bufr4/3/02/085/9/031000,02,"Метеорологические последовательности,",302085,Повторение с задержкой 5 дескрипторов,,031000,Коэффициент повторения короткого дескриптора с задержкой,,,,Operational
bufr4/3/02/085/10/302175,02,"Метеорологические последовательности,",302085,Повторение с задержкой 5 дескрипторов,,302175,"Интенсивность осадков, размер элемента осадков I.2 – Табл. D BUFR/02 — 17",(продолж.),,,Operational
bufr4/3/02/085/1/102000,02,"Метеорологические последовательности,",302085,"Осадки, явления, ухудшающие видимость, и другие явления",,102000,Повторение с задержкой 2 дескрипторов,,,,Operational
bufr4/3/02/085/2/031000,02,"Метеорологические последовательности,",302085,"Осадки, явления, ухудшающие видимость, и другие явления",,031000,Коэффициент повторения короткого дескриптора с задержкой,,,,Operational
bufr4/3/02/085/3/004025,02,"Метеорологические последовательности,",302085,"Осадки, явления, ухудшающие видимость, и другие явления",,004025,Временной период или отклонение = –10 минут,,,,Operational
bufr4/3/02/085/4/302076,02,"Метеорологические последовательности,",302085,"Осадки, явления, ухудшающие видимость, и другие явления",,302076,"Осадки, явления, ухудшающие видимость, и другие явления Данные о молниях",,,,Operational
bufr4/3/02/085/5/102000,02,"Метеорологические последовательности,",302085,"Осадки, явления, ухудшающие видимость, и другие явления",,102000,Повторение с задержкой 2 дескрипторов,,,,Operational
bufr4/3/02/085/6/031000,02,"Метеорологические последовательности,",302085,"Осадки, явления, ухудшающие видимость, и другие явления",,031000,Коэффициент повторения короткого дескриптора с задержкой,,,,Operational
bufr4/3/02/085/7/004025,02,"Метеорологические последовательности,",302085,"Осадки, явления, ухудшающие видимость, и другие явления",,004025,Временной период или отклонение = –10 минут,,,,Operational
bufr4/3/02/085/8/013059,02,"Метеорологические последовательности,",302085,"Осадки, явления, ухудшающие видимость, и другие явления",,013059,Количество вспышек (гроза) Данные о ветре,,,,Operational
bufr4/3/02/085/9/007032,02,"Метеорологические последовательности,",302085,"Осадки, явления, ухудшающие видимость, и другие явления",,007032,Высота датчика над местной площадкой (или палубой морской платформы),,,,Operational
bufr4/3/02/085/10/007033,02,"Метеорологические последовательности,",302085,"Осадки, явления, ухудшающие видимость, и другие явления",,007033,Высота датчика над поверхностью воды,,,,Operational
bufr4/3/02/085/11/008021,02,"Метеорологические последовательности,",302085,"Осадки, явления, ухудшающие видимость, и другие явления",,008021,Значимость времени = 2 Осреднение по времени,,,,Operational
bufr4/3/02/085/12/004025,02,"Метеорологические последовательности,",302085,"Осадки, явления, ухудшающие видимость, и другие явления",,004025,Временной период или отклонение = –10 минут или количество минут после значительного изменения ветра,,,,Operational
bufr4/3/02/085/13/011001,02,"Метеорологические последовательности,",302085,"Осадки, явления, ухудшающие видимость, и другие явления",,011001,Направление ветра,,,,Operational
bufr4/3/02/085/14/011002,02,"Метеорологические последовательности,",302085,"Осадки, явления, ухудшающие видимость, и другие явления",,011002,Скорость ветра,,,,Operational
bufr4/3/02/085/15/008021,02,"Метеорологические последовательности,",302085,"Осадки, явления, ухудшающие видимость, и другие явления",,008021,Значимость времени = Установлено на отсутствующее значение,,,,Operational
bufr4/3/02/085/16/103003,02,"Метеорологические последовательности,",302085,"Осадки, явления, ухудшающие видимость, и другие явления",,103003,Повторить 3 дескриптора 3 раза,,,,Operational
bufr4/3/02/085/17/004025,02,"Метеорологические последовательности,",302085,"Осадки, явления, ухудшающие видимость, и другие явления",,004025,"/см. колонку слева Временной период или отклонение = –10 минут в первом повторении, = –60 минут во втором повторении, = –60×3 или 60×6 минут в третьем повторении",,,,Operational
bufr4/3/02/085/18/011043,02,"Метеорологические последовательности,",302085,"Осадки, явления, ухудшающие видимость, и другие явления",,011043,Направление ветра при максимальном порыве,,,,Operational
bufr4/3/02/085/19/011041,02,"Метеорологические последовательности,",302085,"Осадки, явления, ухудшающие видимость, и другие явления",,011041,Максимальная скорость ветра при порыве,,,,Operational
bufr4/3/02/085/20/004025,02,"Метеорологические последовательности,",302085,"Осадки, явления, ухудшающие видимость, и другие явления",,004025,Временной период или отклонение = –10 минут,,,,Operational
bufr4/3/02/085/21/011016,02,"Метеорологические последовательности,",302085,"Осадки, явления, ухудшающие видимость, и другие явления",,011016,Экстремальное отклонение направления переменного ветра против часовой стрелки,,,,Operational
bufr4/3/02/085/22/011017,02,"Метеорологические последовательности,",302085,"Осадки, явления, ухудшающие видимость, и другие явления",,011017,Экстремальное отклонение направления переменного ветра по часовой стрелке Данные об экстремальной температуре,,,,Operational
bufr4/3/02/085/23/302077,02,"Метеорологические последовательности,",302085,"Осадки, явления, ухудшающие видимость, и другие явления",,302077,Данные об экстремальной температуре,,,,Operational
bufr4/3/02/085/24/007033,02,"Метеорологические последовательности,",302085,"Осадки, явления, ухудшающие видимость, и другие явления",,007033,Высота датчика над поверхностью воды Установлено на отсутствующее значение (отмена),,,,Operational
bufr4/3/02/085/25/302041,02,"Метеорологические последовательности,",302085,"Осадки, явления, ухудшающие видимость, и другие явления",,302041,Данные об экстремальной температуре Измерение осадков,,,,Operational
bufr4/3/02/085/26/106000,02,"Метеорологические последовательности,",302085,"Осадки, явления, ухудшающие видимость, и другие явления",,106000,Повторение с задержкой 6 дескрипторов,,,,Operational
bufr4/3/02/085/27/031000,02,"Метеорологические последовательности,",302085,"Осадки, явления, ухудшающие видимость, и другие явления",,031000,Коэффициент повторения короткого дескриптора с задержкой,,,,Operational
bufr4/3/02/085/28/007032,02,"Метеорологические последовательности,",302085,"Осадки, явления, ухудшающие видимость, и другие явления",,007032,Высота датчика над местной площадкой (или палубой морской платформы),,,,Operational
bufr4/3/02/085/29/002175,02,"Метеорологические последовательности,",302085,"Осадки, явления, ухудшающие видимость, и другие явления",,002175,Метод измерения осадков,,,,Operational
bufr4/3/02/085/30/002178,02,"Метеорологические последовательности,",302085,"Осадки, явления, ухудшающие видимость, и другие явления",,002178,Метод измерения жидкой фазы осадков,(продолж.),,,Operational
bufr4/3/02/085/1/102005,02,"Метеорологические последовательности,",302085,Повторить 2 дескриптора 5 раз,,102005,Повторить 2 дескриптора 5 раз,,,,Operational
bufr4/3/02/085/2/004024,02,"Метеорологические последовательности,",302085,Повторить 2 дескриптора 5 раз,,004024,"Временной период или отклонение = –1 час в первом повторении, = –3, –6, –12 и –24 часа в других повторениях",,,,Operational
bufr4/3/02/085/3/013011,02,"Метеорологические последовательности,",302085,Повторить 2 дескриптора 5 раз,,013011,Сумма осадков/суммарный водный эквивалент,,,,Operational
bufr4/3/02/085/4/007032,02,"Метеорологические последовательности,",302085,Повторить 2 дескриптора 5 раз,,007032,Высота датчика над местной площадкой (или палубой Установлено на морской платформы) отсутствующее значение (отмена) Данные об испарении,,,,Operational
bufr4/3/02/085/5/103000,02,"Метеорологические последовательности,",302085,Повторить 2 дескриптора 5 раз,,103000,Повторение с задержкой 3 дескрипторов,,,,Operational
bufr4/3/02/085/6/031000,02,"Метеорологические последовательности,",302085,Повторить 2 дескриптора 5 раз,,031000,Коэффициент повторения короткого дескриптора с задержкой,,,,Operational
bufr4/3/02/085/7/002185,02,"Метеорологические последовательности,",302085,Повторить 2 дескриптора 5 раз,,002185,Метод измерения испарения,,,,Operational
bufr4/3/02/085/8/101002,02,"Метеорологические последовательности,",302085,Повторить 2 дескриптора 5 раз,,101002,Повторить 1 дескриптор 2 раза,,,,Operational
bufr4/3/02/085/9/302044,02,"Метеорологические последовательности,",302085,Повторить 2 дескриптора 5 раз,,302044,Данные об испарении Данные об общей продолжительности солнечного сияния,,,,Operational
bufr4/3/02/085/10/102000,02,"Метеорологические последовательности,",302085,Повторить 2 дескриптора 5 раз,,102000,Повторение с задержкой 2 дескрипторов,,,,Operational
bufr4/3/02/085/11/031000,02,"Метеорологические последовательности,",302085,Повторить 2 дескриптора 5 раз,,031000,Коэффициент повторения короткого дескриптора с задержкой,,,,Operational
bufr4/3/02/085/12/101002,02,"Метеорологические последовательности,",302085,Повторить 2 дескриптора 5 раз,,101002,Повторить 1 дескриптор 2 раза,,,,Operational
bufr4/3/02/085/13/302039,02,"Метеорологические последовательности,",302085,Повторить 2 дескриптора 5 раз,,302039,Данные о солнечном сиянии (за 1 час и 24-часовой период) Данные о радиации,,,,Operational
bufr4/3/02/085/14/102000,02,"Метеорологические последовательности,",302085,Повторить 2 дескриптора 5 раз,,102000,Повторение с задержкой 2 дескрипторов,,,,Operational
bufr4/3/02/085/15/031000,02,"Метеорологические последовательности,",302085,Повторить 2 дескриптора 5 раз,,031000,Коэффициент повторения короткого дескриптора с задержкой,,,,Operational
bufr4/3/02/085/16/101002,02,"Метеорологические последовательности,",302085,Повторить 2 дескриптора 5 раз,,101002,Повторить 1 дескриптор 2 раза,,,,Operational
bufr4/3/02/085/17/302045,02,"Метеорологические последовательности,",302085,Повторить 2 дескриптора 5 раз,,302045,Данные о радиации (за 1 час и 24-часовой период) Группа изменения температуры 54g s d o n T,,,,Operational
bufr4/3/02/085/18/101000,02,"Метеорологические последовательности,",302085,Повторить 2 дескриптора 5 раз,,101000,Повторение с задержкой 1 дескриптора,,,,Operational
bufr4/3/02/085/19/031000,02,"Метеорологические последовательности,",302085,Повторить 2 дескриптора 5 раз,,031000,Коэффициент повторения короткого дескриптора с задержкой,,,,Operational
bufr4/3/02/085/20/302046,02,"Метеорологические последовательности,",302085,Повторить 2 дескриптора 5 раз,,302046,"Изменение температуры Статистически данные первого порядка о давлении, ветре, температуре и влажности",,,,Operational
bufr4/3/02/085/21/101000,02,"Метеорологические последовательности,",302085,Повторить 2 дескриптора 5 раз,,101000,Повторение с задержкой 1 дескриптора,,,,Operational
bufr4/3/02/085/22/031000,02,"Метеорологические последовательности,",302085,Повторить 2 дескриптора 5 раз,,031000,Коэффициент повторения короткого дескриптора с задержкой,,,,Operational
bufr4/3/02/085/23/302083,02,"Метеорологические последовательности,",302085,Повторить 2 дескриптора 5 раз,,302083,"Статистические данные первого порядка о давлении, ветре, температуре и влажности (Информация о саранче)",,,,Operational
bufr4/3/02/089/1/020101,02,"Метеорологические последовательности,",302089,Название саранчи (или ее разновидности) L n,,020101,Название саранчи (или ее разновидности) L n,,,,Operational
bufr4/3/02/089/2/020102,02,"Метеорологические последовательности,",302089,Название саранчи (или ее разновидности) L n,,020102,Цвет (зрелость) саранчи L c,,,,Operational
bufr4/3/02/089/3/020103,02,"Метеорологические последовательности,",302089,Название саранчи (или ее разновидности) L n,,020103,Стадия развития саранчи L d,,,,Operational
bufr4/3/02/089/4/020104,02,"Метеорологические последовательности,",302089,Название саранчи (или ее разновидности) L n,,020104,Состояние формирования стаи или кулиги саранчи L g,,,,Operational
bufr4/3/02/089/5/020105,02,"Метеорологические последовательности,",302089,Название саранчи (или ее разновидности) L n,,020105,Размер стаи или кулиги саранчи и время прохождения s L стаи,,,,Operational
bufr4/3/02/089/6/020106,02,"Метеорологические последовательности,",302089,Название саранчи (или ее разновидности) L n,,020106,Плотность популяции саранчи d L,,,,Operational
bufr4/3/02/089/7/020107,02,"Метеорологические последовательности,",302089,Название саранчи (или ее разновидности) L n,,020107,Направление движения стаи саранчи D L,,,,Operational
bufr4/3/02/089/8/020108,02,"Метеорологические последовательности,",302089,Название саранчи (или ее разновидности) L n,,020108,Протяженность растительного покрова v e I.2 – Табл. D BUFR/02 — 19,(продолж.),,,Operational
bufr4/3/02/090/1/002038,02,"Метеорологические последовательности,",302090,Метод измерения температуры и/или солености воды,,002038,Метод измерения температуры и/или солености воды,,,,Operational
bufr4/3/02/090/2/007063,02,"Метеорологические последовательности,",302090,Метод измерения температуры и/или солености воды,,007063,Глубина от поверхности моря/водной поверхности Измерение темпе- (см) ратуры поверхности моря,,,,Operational
bufr4/3/02/090/3/022045,02,"Метеорологические последовательности,",302090,Метод измерения температуры и/или солености воды,,022045,Температура моря/воды (Последовательность для представления дополнительных метеорологических наблюдений),,,,Operational
bufr4/3/02/091/1/020001,02,"Метеорологические последовательности,",302091,Горизонтальная видимость,,020001,Горизонтальная видимость,,,,Operational
bufr4/3/02/091/2/004024,02,"Метеорологические последовательности,",302091,Горизонтальная видимость,,004024,Временной период или отклонение,,,,Operational
bufr4/3/02/091/3/013011,02,"Метеорологические последовательности,",302091,Горизонтальная видимость,,013011,Общее количество осадков/общий водный эквивалент (Элементы данных СДНКлим*),,,,Operational
bufr4/3/02/092/1/011104,02,"Метеорологические последовательности,",302092,"Истинный курс воздушного, морского судна или Истинный курс другой подвижной платформы судна",,011104,"Истинный курс воздушного, морского судна или Истинный курс другой подвижной платформы судна",,,,Operational
bufr4/3/02/092/2/001012,02,"Метеорологические последовательности,",302092,"Истинный курс воздушного, морского судна или Истинный курс другой подвижной платформы судна",,001012,Направление движения подвижной наблюдательной Курс судна относиплатформы тельно грунта,,,,Operational
bufr4/3/02/092/3/001013,02,"Метеорологические последовательности,",302092,"Истинный курс воздушного, морского судна или Истинный курс другой подвижной платформы судна",,001013,Скорость движения подвижной наблюдательной Скорость судна платформы относительно грунта,,,,Operational
bufr4/3/02/092/4/010038,02,"Метеорологические последовательности,",302092,"Истинный курс воздушного, морского судна или Истинный курс другой подвижной платформы судна",,010038,Максимальная высота палубного груза над летней грузовой маркой,,,,Operational
bufr4/3/02/092/5/010039,02,"Метеорологические последовательности,",302092,"Истинный курс воздушного, морского судна или Истинный курс другой подвижной платформы судна",,010039,Отклонение контрольного уровня‬ ‪(летняя максимальная грузовая марка) от фактического уровня моря,,,,Operational
bufr4/3/02/092/6/011007,02,"Метеорологические последовательности,",302092,"Истинный курс воздушного, морского судна или Истинный курс другой подвижной платформы судна",,011007,"Относительное направление ветра (в градусах, относительно носа судна)",,,,Operational
bufr4/3/02/092/7/011008,02,"Метеорологические последовательности,",302092,"Истинный курс воздушного, морского судна или Истинный курс другой подвижной платформы судна",,011008,"Относительная скорость ветра (Расширенные данные о температуре и влажности, полученные с судна)",,,,Operational
bufr4/3/02/093/1/007032,02,"Метеорологические последовательности,",302093,Высота датчика над местной площадкой (или палубой морской платформы),,007032,Высота датчика над местной площадкой (или палубой морской платформы),,,,Operational
bufr4/3/02/093/2/007033,02,"Метеорологические последовательности,",302093,Высота датчика над местной площадкой (или палубой морской платформы),,007033,Высота датчика над поверхностью воды,,,,Operational
bufr4/3/02/093/3/303099,02,"Метеорологические последовательности,",302093,Высота датчика над местной площадкой (или палубой морской платформы),,303099,"Метаданные, общие для датчиков температуры/ влажности",,,,Operational
bufr4/3/02/093/4/012101,02,"Метеорологические последовательности,",302093,Высота датчика над местной площадкой (или палубой морской платформы),,012101,Температура/температура воздуха,,,,Operational
bufr4/3/02/093/5/103000,02,"Метеорологические последовательности,",302093,Высота датчика над местной площадкой (или палубой морской платформы),,103000,Повторение с задержкой 3 дескрипторов,,,,Operational
bufr4/3/02/093/6/031000,02,"Метеорологические последовательности,",302093,Высота датчика над местной площадкой (или палубой морской платформы),,031000,"Коэффициент повторения короткого дескриптора Установлено на 0, с задержкой если нет изменений по сравнению с предыдущими значениями; на 1, если изменения есть",,,,Operational
bufr4/3/02/093/7/007032,02,"Метеорологические последовательности,",302093,Высота датчика над местной площадкой (или палубой морской платформы),,007032,Высота датчика над местной площадкой (или палубой морской платформы),,,,Operational
bufr4/3/02/093/8/007033,02,"Метеорологические последовательности,",302093,Высота датчика над местной площадкой (или палубой морской платформы),,007033,Высота датчика над поверхностью воды,,,,Operational
bufr4/3/02/093/9/303099,02,"Метеорологические последовательности,",302093,Высота датчика над местной площадкой (или палубой морской платформы),,303099,"Метаданные, общие для датчиков температуры/ влажности",,,,Operational
bufr4/3/02/093/10/002039,02,"Метеорологические последовательности,",302093,Высота датчика над местной площадкой (или палубой морской платформы),,002039,Метод измерения температуры по смоченному термометру,(продолж.),,,Operational
bufr4/3/02/093/1/002097,02,"Метеорологические последовательности,",302093,Тип датчика влажности,,002097,Тип датчика влажности,,,,Operational
bufr4/3/02/093/2/003024,02,"Метеорологические последовательности,",302093,Тип датчика влажности,,003024,"Психрометрический коэффициент Установлено на отсутствующее значение, если тип датчика влажности — не психрометр",,,,Operational
bufr4/3/02/093/3/003021,02,"Метеорологические последовательности,",302093,Тип датчика влажности,,003021,Нагревание гигрометра,,,,Operational
bufr4/3/02/093/4/012102,02,"Метеорологические последовательности,",302093,Тип датчика влажности,,012102,Температура по смоченному термометру,,,,Operational
bufr4/3/02/093/5/012103,02,"Метеорологические последовательности,",302093,Тип датчика влажности,,012103,Температура точки росы,,,,Operational
bufr4/3/02/093/6/013003,02,"Метеорологические последовательности,",302093,Тип датчика влажности,,013003,Относительная влажность,,,,Operational
bufr4/3/02/093/7/007032,02,"Метеорологические последовательности,",302093,Тип датчика влажности,,007032,Высота датчика над местной площадкой (или палубой Установлено на морской платформы)‬‬‬‬‬‬‬‬‬‬‬‬‬‬‬‬‬‬‬‬‬‬‬ отсутствующее значение (отмена),,,,Operational
bufr4/3/02/093/8/007033,02,"Метеорологические последовательности,",302093,Тип датчика влажности,,007033,Высота датчика над поверхностью воды Установлено на отсутствующее значение (отмена),,,,Operational
bufr4/3/02/093/9/303099,02,"Метеорологические последовательности,",302093,Тип датчика влажности,,303099,"Метаданные, общие для датчиков температуры/ Все элементы влажности последовательности установлены на отсутствующее значение (отмена)",,,,Operational
bufr4/3/02/093/10/002039,02,"Метеорологические последовательности,",302093,Тип датчика влажности,,002039,Метод измерения температуры по смоченному Установлено на термометру отсутствующее значение (отмена),,,,Operational
bufr4/3/02/093/11/002097,02,"Метеорологические последовательности,",302093,Тип датчика влажности,,002097,Тип датчика влажности Установлено на отсутствующее значение (отмена),,,,Operational
bufr4/3/02/093/12/003021,02,"Метеорологические последовательности,",302093,Тип датчика влажности,,003021,Нагревание гигрометра Установлено на отсутствующее значение (отмена),,,,Operational
bufr4/3/02/093/13/003024,02,"Метеорологические последовательности,",302093,Тип датчика влажности,,003024,"Психрометрический коэффициент Установлено на отсутствующее значение (отмена) (Интенсивность осадков, размер элемента осадков)",,,,Operational
bufr4/3/02/175/1/008021,02,"Метеорологические последовательности,",302175,Значимость времени,,008021,Значимость времени,,,,Operational
bufr4/3/02/175/2/004025,02,"Метеорологические последовательности,",302175,Значимость времени,,004025,Временной период или отклонение,,,,Operational
bufr4/3/02/175/3/013155,02,"Метеорологические последовательности,",302175,Значимость времени,,013155,Интенсивность осадков (высокая точность),,,,Operational
bufr4/3/02/175/4/013058,02,"Метеорологические последовательности,",302175,Значимость времени,,013058,Размер элемента осадков,,,,Operational
bufr4/3/02/175/5/008021,02,"Метеорологические последовательности,",302175,Значимость времени,,008021,Значимость времени I.2 – Табл. D BUFR/02 — 21,,,,Operational
